filename,source_split,cancer,normal
-53-_jpg.rf.08d303d0b43c7b71c3581ec02d7390c3.jpg,train,0,1
image-no531-normal-_png.rf.08eeb57b24a9062d798b382555c3f3c1.jpg,train,0,1
IMG0000240_jpg.rf.094924a72ca1ab5e26477e50abac01a6.jpg,train,0,1
bone-cancer_train_2_821_png.rf.094c60132af2cb31abf5b2819a8550d0.jpg,train,1,0
image-no52-normal-_png.rf.08f33a992911794d2381b5446e705057.jpg,train,0,1
bone-cancer_train_2_2322_png.rf.088e4d5a855c0761499943891ecfc377.jpg,train,1,0
IMG0000733_jpg.rf.0947da3fcdbdb932300020a294f8c8f7.jpg,train,0,1
bone-cancer_valid_2_360_png.rf.0893bb0f1f80f0016e4589672cee81e8.jpg,train,1,0
image-no87-normal-_png.rf.09468b7b34fb724140eeff076aeffef1.jpg,train,0,1
image-no607-normal-_png.rf.08ad77c36a759e5162b87cb5306f9e39.jpg,train,0,1
IMG0000898_jpg.rf.096d3c905184a4c6a116d94bdc8fbdb6.jpg,train,0,1
IMG0000382_jpg.rf.08e49ad8cd4d3f685a3bdb8eba7a062c.jpg,train,0,1
bone-cancer_train_2_2252_png.rf.08a78dab9c52a41518f6db8de763ad68.jpg,train,1,0
bone-cancer_valid_2_359_png.rf.08e56d44cc0161a534c3814818a2104e.jpg,train,1,0
bone-cancer_valid_118_png.rf.092961f3e2788f8bf121fdc2ba625f50.jpg,train,1,0
bone-cancer_train_2_1294_png.rf.09298f8a665481e93a75017f669a91a3.jpg,train,1,0
bone-cancer_valid_339_png.rf.094bc7b5a9509637a4cda432e09cef38.jpg,train,1,0
bone-cancer_train_2_1922_png.rf.09890d198510fede3a96f3f91caea4d1.jpg,train,1,0
image-no34-normal-_png.rf.08e073449a2f0e5aacdd92ce376c0a42.jpg,train,0,1
Picture1_d-3-_jpg.rf.09ab0c1e73bae81832e38228fa00e6ec.jpg,train,0,1
cervical-spine_11_png.rf.09ce2d189a21f6b55d45477e99cb1eb0.jpg,train,1,0
tibia_other_12_PNG.rf.09b2eca632097a9ee6a04fef4b7cff7c.jpg,train,1,0
IMG0000785_jpg.rf.09d0b35cce2eae54c43a3f8694c56593.jpg,train,0,1
bone-cancer_valid_332_png.rf.09dd4b73698175432069b137e2a6b7f6.jpg,train,1,0
bone-cancer_train_2_1658_png.rf.08c10a721d538fb1cebb338ad09691f6.jpg,train,1,0
94_JPG_jpg.rf.09c43bf408a556d1d6f0c1f2f39bbeff.jpg,train,1,0
pelvis_25_male_2_png.rf.09f58ed6d88c392b1e38e318c3e1397e.jpg,train,0,1
bone-cancer_test_200_png.rf.0a153620574b779e887aec991892b32b.jpg,train,1,0
tibia_other_9_PNG.rf.0a1628202462d71fb1f207a47470c6c3.jpg,train,1,0
bone-cancer_train_2_992_png.rf.0a296711f2145792044d53630e087880.jpg,train,1,0
IMG_7752_JPG_jpg.rf.0a3697b319322dfc96ad79ef18e83733.jpg,train,1,0
cervical-spine_12_png.rf.0a2ee67ecc284cb75e94afd92785b896.jpg,train,1,0
image-no551-normal-_png.rf.0a943dfc37196793a114849416f09a73.jpg,train,0,1
bone-cancer_train_2_1275_png.rf.0a31d472ab77361fbdd5d6af3a7db595.jpg,train,1,0
bone-cancer_train_2_161_png.rf.0a30394291b065f88523554acb30a85d.jpg,train,1,0
bone-cancer_valid_206_png.rf.0a80f28468d7ba2678e1e06b7ae1e0f5.jpg,train,1,0
image-no341-normal-_png.rf.0a4914bead95dd3ea69855ad1e96e365.jpg,train,0,1
forearm_12_2_png.rf.0aa668ee51d97c0063ba2b450646a800.jpg,train,0,1
image-no277-normal-_png.rf.0a8b0e024076fa6037f26d1916341f39.jpg,train,0,1
image-no248-normal-_png.rf.0ab6f7f51829a434daead5af04d4123c.jpg,train,0,1
image-no274-normal-_png.rf.0aaf77b3e49fc8f0bbbd966c43b67f9e.jpg,train,0,1
bone-cancer_train_2_1738_png.rf.0aa3d14b1c50891bb51f0d94fc17097f.jpg,train,1,0
bone-cancer_train_2_2008_png.rf.0a7bb3add024c6ab4cfcb82883bf1c36.jpg,train,1,0
bone-cancer_train_2_445_png.rf.0addc74f65df818b09679d3ae2647e9f.jpg,train,1,0
forearm_12_1_png.rf.0add0169b36ddb7de2ba9c46d91cbae5.jpg,train,0,1
IMG0000344_jpg.rf.0acb603dbf119e7216c163c244b11cba.jpg,train,0,1
IMG_6446_JPG_jpg.rf.0ad979aa6a32958f8fc4f6aadeedb444.jpg,train,1,0
IMG0000506_jpg.rf.0b12a8efd6ea2a7caaddbe243ed7fba4.jpg,train,0,1
image-no62-normal-_png.rf.0b223f5ddbd323771e77015a16b84d1d.jpg,train,0,1
bone-cancer_valid_20_png.rf.0b3af25fb46b5115f196efb313f3b3f1.jpg,train,1,0
bone-cancer_train_2_1724_png.rf.0b37164fbfebf68ca3d79ed3cd53d7c1.jpg,train,1,0
bone-cancer_train_2_2491_png.rf.0b400588dc6e4b08c1112a80bf002b47.jpg,train,1,0
IMG0000772_jpg.rf.0b687b3cc8d70bb404e9c14f9639e08a.jpg,train,0,1
foot_2_1_png.rf.0b302a2c85849c8966f0849b8095294e.jpg,train,0,1
IMG0000781_jpg.rf.0b675ed9b83b617e08314b8746f333b3.jpg,train,0,1
image-no78-normal-_png.rf.0b7175de73fa4756c1d21d81fce8e49a.jpg,train,0,1
IMG_4382_JPG_jpg.rf.0b6012ce51297593d97b0973b0c5692d.jpg,train,1,0
bone-cancer_train_2_2427_png.rf.0b9e2e8a180e159ff2560a678277524a.jpg,train,1,0
Picture12_jpg.rf.0bdf7da28ca30d6b252f190907eb7ff8.jpg,train,0,1
IMG0000441_jpg.rf.0baa93a15488d7976c663d601c6be5fc.jpg,train,0,1
IMG_7180_JPG_jpg.rf.0bdeb459fad25225549e2862b5c87f71.jpg,train,1,0
image-no133-normal-_png.rf.0b7104a8b992c25e9068c82d8e4bef91.jpg,train,0,1
femur_ewing_8_PNG.rf.0bc06c5af2984dd3c9f3f9d0a3fc802d.jpg,train,1,0
IMG0000827_jpg.rf.0bd73b38d08e759494da540241253319.jpg,train,0,1
IMG0000628_jpg.rf.0bc99754bba2921311f5adfd0ecb6ad2.jpg,train,0,1
IMG0000499_jpg.rf.0bdf27298f81fdd9310db0b0dc79f558.jpg,train,0,1
bone-cancer_train_2_2320_png.rf.0be4e8d297ca279e6e01d0841fd059cc.jpg,train,1,0
bone-cancer_train_2_973_png.rf.0bfb533b07748b0ec21aee3e4e7bc6e9.jpg,train,1,0
image-no592-normal-_png.rf.0be78ac8353dbb3ee1a8ceb89768cf93.jpg,train,0,1
bone-cancer_train_2_754_png.rf.0bf6266368a2b659460670332fc0aeb6.jpg,train,1,0
IMG0000685_jpg.rf.0c04dd7de5c1d70e04b434b6599f7eee.jpg,train,0,1
bone-cancer_train_2_918_png.rf.0c47c9973dabd34f0941463e5ff85ebb.jpg,train,1,0
IMG0000723_jpg.rf.0c2ebbdc1b27563a2f27687db1f454c5.jpg,train,0,1
bone-cancer_test_108_png.rf.0c48c5f97d26bf06669f2dc087bd79f7.jpg,train,1,0
IMG_2345_JPG_jpg.rf.0c3c8f597247010b4e3e44284b4ba8d4.jpg,train,1,0
image-no571-normal-_png.rf.0c5752cf2153db860e508464ee5405ae.jpg,train,0,1
image-no110-normal-_png.rf.0c5776e273f0bd3dd3ef959d5c67699a.jpg,train,0,1
bone-cancer_valid_2_203_png.rf.0bf588adc3b42c400a23f61d23ba9452.jpg,train,1,0
bone-cancer_train_2_1589_png.rf.0c5a6d048b0333ec5d6fb78be568b2e3.jpg,train,1,0
IMG0000041_jpg.rf.0c865ef76a0733102c78d730c84ffac5.jpg,train,0,1
image-no388-normal-_png.rf.0c5d1914115681a979335ff0d22cb670.jpg,train,0,1
bone-cancer_valid_2_201_png.rf.0c78511064cf205b898c5b20ab071b28.jpg,train,1,0
IMG0000828_jpg.rf.0c74f1d1d9ab919c6002e1eba0152d43.jpg,train,0,1
ankle_2_2_png.rf.0c8cf2c7adff51c2dc2e18ddef0ce879.jpg,train,0,1
image-no23-normal-_png.rf.0c967bc397b3657f69c9421f7ffd604f.jpg,train,0,1
IMG_6641_JPG_jpg.rf.0c9fd341f71f5edee86b4727d1196001.jpg,train,1,0
bone-cancer_valid_2_440_png.rf.0cb3ba37281d2ac64323b1177033add2.jpg,train,1,0
femur_metastasis_9_PNG.rf.0c8fa0f351709ccbf1923b785aa68431.jpg,train,1,0
-55-_jpg.rf.0ca09338404c9bd5f9d7889019c0d52a.jpg,train,0,1
IMG0000498_jpg.rf.0cae04976a07ebcea50f0003ff73e084.jpg,train,0,1
IMG0000888_jpg.rf.0caeedeb4cd4bb8824e51b0856cffafa.jpg,train,0,1
IMG0000780_jpg.rf.0cb73d108ae4e10dd34642f3c7c5c32b.jpg,train,0,1
bone-cancer_train_2_1331_png.rf.0cdacc194d668045cb064c61a48bc251.jpg,train,1,0
bone-cancer_valid_2_152_png.rf.0cf96e92488bddaad28094938878b6c0.jpg,train,1,0
tibia_osteosarcoma_3_PNG.rf.0d07a9002b2f7c641dc4f223ca57f4f2.jpg,train,1,0
IMG0000585_jpg.rf.0ce66ce8ab04904d3629b6484fd024c2.jpg,train,0,1
bone-cancer_train_2_1943_png.rf.0cfd7174ecd15acf56ce3d466cb92289.jpg,train,1,0
Picture13_jpg.rf.0cf94028f94f588e7ee38ea8f160bdc5.jpg,train,0,1
IMG0000512_jpg.rf.0d6d49637804ca45e8cfd2537da71337.jpg,train,0,1
bone-cancer_train_2_425_png.rf.0cf844154f29db0c0754515764abfdc9.jpg,train,1,0
image-no660-normal-_png.rf.0d788b0567ebb8c23fda54c3066e880b.jpg,train,0,1
bone-cancer_train_2_1326_png.rf.0d55cb7f568baa71ffa151d37ed1a790.jpg,train,1,0
bone-cancer_valid_2_24_png.rf.0d75f9daf42569302bbee77d6d5ba103.jpg,train,1,0
image-no542-normal-_png.rf.0d8128f2178b6af71543d4e4e9ef9b0c.jpg,train,0,1
173_JPG_jpg.rf.0d88e9c0b6c29db9b6653b1d98c0b11e.jpg,train,1,0
image-no590-normal-_png.rf.0d8327eb2851007d70c97570a6acefee.jpg,train,0,1
image-no369-normal-_png.rf.0dd49ca499b7237154418597ae4e92a4.jpg,train,0,1
bone-cancer_valid_117_png.rf.0dda6e07186755befa70dfa905edb0af.jpg,train,1,0
bone-cancer_test_193_png.rf.0da1c82eb87583e785bdf18735636fdd.jpg,train,1,0
IMG0000585_jpg.rf.0d9d08d9024b16e77ea95bd297c95844.jpg,train,0,1
bone-cancer_valid_171_png.rf.0dafb8895939e7025a6c947902afa2f1.jpg,train,1,0
IMG0000894_jpg.rf.0e0387b98a259b0dea2131dac9924fc7.jpg,train,0,1
image-no570-normal-_png.rf.0db0dbc0fdc1aa95f3670f912b3e5ee5.jpg,train,0,1
bone-cancer_train_2_896_png.rf.0dd363fbbe425a49557f74aafc094f8c.jpg,train,1,0
chest_5_1_png.rf.0db39caabff570d4c6f7f7e9eebb5d3c.jpg,train,0,1
bone-cancer_valid_323_png.rf.0dd53c26b7ee91067921fc9c41ec7a7f.jpg,train,1,0
bone-cancer_train_2_1809_png.rf.0de9f74aa906b4005fcf744edb2b83cf.jpg,train,1,0
IMG_4055_JPG_jpg.rf.0df88b102fae6bd16528b783961e5d24.jpg,train,1,0
Picture8_jpg.rf.0d9156a116244027c427e928b35d88f8.jpg,train,0,1
bone-cancer_train_2_1459_png.rf.0df2341cfe55e0790aa381562ea0ac02.jpg,train,1,0
image-no731-normal-_png.rf.0e080f56b25ca62eda8bec70c3986d5e.jpg,train,0,1
IMG0000710_jpg.rf.0df01189acf4391c4a1fe9a687560d75.jpg,train,0,1
image-no187-normal-_png.rf.0de1dbea261b2c741c7b5acbd543c88e.jpg,train,0,1
IMG0000766_jpg.rf.0e140afe4755b9d08a335078d730ddc8.jpg,train,0,1
IMG0000289_jpg.rf.0e17afcd3e4523c5da85602089280d53.jpg,train,0,1
IMG0000820_jpg.rf.0e1c573f6ddb666c9d847dadd25e57e3.jpg,train,0,1
pelvis_other_3_png.rf.0e20367799b797214067bc03b51fa5db.jpg,train,1,0
elbow_7_2_png.rf.0e7b77e96916541d5911157ec6ac8d2d.jpg,train,0,1
image-no353-normal-_png.rf.0e9d3afe138de1c2a88d7ebd50cfdc61.jpg,train,0,1
IMG_3756_JPG_jpg.rf.0e829787fc9a69149a7d3c42a760914a.jpg,train,1,0
-51-_jpg.rf.0e98efe5f18ae921ec4a412d3fe4e447.jpg,train,0,1
bone-cancer_train_2_1967_png.rf.0e86fb7d6efeffbde4b29640c234c56e.jpg,train,1,0
IMG_1621_JPG_jpg.rf.0e81a342a3423f3c13ce2bfe328bda90.jpg,train,1,0
bone-cancer_train_2_1405_png.rf.0e368283d713ce9c3064c9137f5ab9f9.jpg,train,1,0
image-no153-normal-_png.rf.0ecb1a3e265c648955e672720bdd5692.jpg,train,0,1
pelvis_25_1_png.rf.0ef5d7e08b6a517d3fdb14e312b7c55a.jpg,train,0,1
image-no157-normal-_png.rf.0e98036175c656e807458de96ac3e017.jpg,train,0,1
image-no4-normal-_png.rf.0ec0e94e565eedb21549a4d79cad3dad.jpg,train,0,1
bone-cancer_train_2_253_png.rf.0e8cba968767ddcc3e7314b8d6200528.jpg,train,1,0
IMG0000571_jpg.rf.0eca105e92963a84cc0f94011f265b3d.jpg,train,0,1
IMG0000547_jpg.rf.0e8ba77986bc6f185f3b3370bb364f3f.jpg,train,0,1
bone-cancer_test_174_png.rf.0e3d5d7cbe07a1c2db42a722dbd6edfd.jpg,train,1,0
image-no544-normal-_png.rf.0f0954af00afe55702ce4e0720d91d16.jpg,train,0,1
image-no287-normal-_png.rf.0eac42155115a66d38d25d9be75714cd.jpg,train,0,1
bone-cancer_train_2_610_png.rf.0ed773b62886f8d03da13db76a9bb8a6.jpg,train,1,0
bone-cancer_train_2_419_png.rf.0f1328aa77bc77cf7203be9e32b9aade.jpg,train,1,0
IMG0000607_jpg.rf.0ebfd61eac9afad244a964e37c1e9976.jpg,train,0,1
image-no249-normal-_png.rf.0f0b17dfb3d73d91415ba06449932a26.jpg,train,0,1
bone-cancer_train_2_2290_png.rf.0f00d86f0e839a96db34c8c9176d4582.jpg,train,1,0
istockphoto-1056726358-612x612_jpg.rf.0f30cb57330c61ab6f8375e374538aae.jpg,train,0,1
IMG0000690_jpg.rf.0f13dd0e6913cb0a892e5ab3b7386fab.jpg,train,0,1
IMG0000482_jpg.rf.0f20ffd99217017d118f94c4b45ca234.jpg,train,0,1
bone-cancer_valid_25_png.rf.0f6dbfd9068130b03cb607aab3dca0e3.jpg,train,1,0
IMG0000782_jpg.rf.0fd9f37ad2830d129c82f073ec381152.jpg,train,0,1
tibia_other_10_PNG.rf.0f8221931baf8ffd7d2b0de0fd1b2cc0.jpg,train,1,0
IMG0000430_jpg.rf.0f7969bf7e70a45be068443e9353a25c.jpg,train,0,1
IMG0000839_jpg.rf.0fe27b8cb6e98b95e5269bc5459a38a1.jpg,train,0,1
IMG0000500_jpg.rf.0ff1a9cff817ab65cba0ea7ce41d4cbb.jpg,train,0,1
IMG0000346_jpg.rf.0fb13dcccfb921c86da5f1063009026b.jpg,train,0,1
image-no151-normal-_png.rf.100a21068904ce9da2650ca77b39e6aa.jpg,train,0,1
IMG0000832_jpg.rf.102b6c46d006bbf24bdb645eb5c41794.jpg,train,0,1
bone-cancer_train_2_1953_png.rf.1057dd81171386195dee05e0a1137f40.jpg,train,1,0
bone-cancer_test_100_png.rf.103fa7f516ac5f02aff8cfb1ffe7f467.jpg,train,1,0
bone-cancer_valid_2_117_png.rf.106f640b34169a78c4191a0a58e0a030.jpg,train,1,0
cervical-spine_16_png.rf.108d0cd121dd5bdb9b6e5a516fb7fffa.jpg,train,1,0
IMG0000716_jpg.rf.10ea5c8aa3aaf3ad2d699f54bf4b046f.jpg,train,0,1
bone-cancer_train_2_2208_png.rf.1112d0ca604acc4ca955e5404d10b41e.jpg,train,1,0
128_JPG_jpg.rf.1089b2e84d432e2b831c78869ba43461.jpg,train,1,0
hand_3_2_png.rf.1140ee4a9f5ea809abd494087a54f193.jpg,train,0,1
image-no339-normal-_png.rf.1124b5a865d7fb96e670dab7a4101299.jpg,train,0,1
bone-cancer_valid_107_png.rf.1116e542825ab14cdeddf4264f04516a.jpg,train,1,0
IMG0000398_jpg.rf.111bd1ceb0b994f02c073af6112dcdbd.jpg,train,0,1
bone-cancer_valid_124_png.rf.116b71fe4284b66cdbcff8595427d5a9.jpg,train,1,0
image-no495-normal-_png.rf.11217061c7113fe3f81eb300a2c8ff5a.jpg,train,0,1
bone-cancer_train_2_1089_png.rf.10b7b3dbb332a5a9624834086dc9e688.jpg,train,1,0
image-no561-normal-_png.rf.10c8dda62885f96c4ad5b8d262821af0.jpg,train,0,1
download-39-_png.rf.1145d6eeb4ed3a533aa3d96dd44c5868.jpg,train,0,1
IMG0000498_jpg.rf.1120f6a0a56ecc0ffbdd3fc2455727ad.jpg,train,0,1
image-no675-normal-_png.rf.116401282f3b20f81de1bfd9e94e719f.jpg,train,0,1
IMG0000818_jpg.rf.114e527d7d180eb0e66477a626d6f3e2.jpg,train,0,1
IMG0000519_jpg.rf.114d5f9ab67886d664413c538b834cf6.jpg,train,0,1
femure_chondrosarcoma_10_PNG.rf.11387c52f4dc8edae331f61d27714694.jpg,train,1,0
bone-cancer_train_2_2396_png.rf.11872d68a3ed7682b753e55207500a34.jpg,train,1,0
humerus_4_1_png.rf.119acdabd2d6314cc34bc20713e45734.jpg,train,0,1
IMG0000856_jpg.rf.113f8d849c115953eb0ce6b8af9d7c1b.jpg,train,0,1
bone-cancer_test_168_png.rf.119fcac392860e6a627c78acfc65e92f.jpg,train,1,0
IMG0000835_jpg.rf.122124b4831345effe545e01cd5d314e.jpg,train,0,1
bone-cancer_train_2_1880_png.rf.1249284240b43bf30c9d46d46c6d27d4.jpg,train,1,0
image-no425-normal-_png.rf.12406040062d6dc81989f11d42362b0f.jpg,train,0,1
IMG0000863_jpg.rf.11d429a4a962c5105772ff9cb9766ff5.jpg,train,0,1
download-37-_png.rf.12d33959acfa8004223073bbdc3b7785.jpg,train,0,1
bone-cancer_train_2_1740_png.rf.11e55b60ccd49444da5bc4f99f40a341.jpg,train,1,0
bone-cancer_train_2_928_png.rf.1214e873893a919c69c722ccffd066c2.jpg,train,1,0
bone-cancer_train_2_1206_png.rf.121e8cbfabc6e3f423825324f1ccf252.jpg,train,1,0
IMG0000744_jpg.rf.1240662c1e3badbc7deab508bd2e671e.jpg,train,0,1
IMG_7986_JPG_jpg.rf.12322a2a8518790b39bc9cbc73b26d53.jpg,train,1,0
-8-_jpg.rf.12b43a610c7acba9fd71f7614a17b853.jpg,train,0,1
bone-cancer_train_2_273_png.rf.12355856149400cce241e16ee9d1aa7a.jpg,train,1,0
bone-cancer_train_2_1198_png.rf.12e53324b914da3f727cdb9b91dee695.jpg,train,1,0
bone-cancer_train_2_2417_png.rf.11bf5110b562cf9c1396f4a0911880e7.jpg,train,1,0
158_JPG_jpg.rf.1242fda0b6dd90c6574ea528a70cc298.jpg,train,1,0
IMG0000481_jpg.rf.127ad3b3e6f58431b68bc49309321a6b.jpg,train,0,1
hand_encondroma_7_png.rf.12c10e7c0400e57713fec44ba7e35b24.jpg,train,1,0
bone-cancer_test_199_png.rf.125e0679a3b800a624f2c445f836b389.jpg,train,1,0
bone-cancer_train_2_2239_png.rf.12fc39b4c12185f65f1fd4e253f56d8f.jpg,train,1,0
knee_10_1_png.rf.12ce3221e5bc893a73151c1789043304.jpg,train,0,1
download-32-_png.rf.121fa1137b58db55874bf2ea3a91bd0c.jpg,train,0,1
image-no719-normal-_png.rf.12fb7cb398769589afc6a779072a92ab.jpg,train,0,1
bone-cancer_test_131_png.rf.12fdae5bc7167aa488538049f699e2d5.jpg,train,1,0
IMG0000500_jpg.rf.132d260827a0dc29b9e22a3cbc6d3568.jpg,train,0,1
image-no297-normal-_png.rf.1357b945f02a6079399e844689686079.jpg,train,0,1
153_JPG_jpg.rf.13628f4257d11a05bd97007de13bf4b7.jpg,train,1,0
IMG0000890_jpg.rf.1379ac3bc4899ee184461deafe72ffaa.jpg,train,0,1
femur_fibrosarcoma_11_PNG.rf.1360d8d32214003fd7344418b7822a7d.jpg,train,1,0
IMG0000628_jpg.rf.1394f5d414074c827e8a1cf7e3686763.jpg,train,0,1
cspine_13_2_png.rf.139284c0120e187ef86d5b7aaadbf8cb.jpg,train,0,1
image-no534-normal-_png.rf.13c681f4c586677a1965808b96e6055e.jpg,train,0,1
image-no537-normal-_png.rf.135c3da2c9cbdbbf5e6fe4c35e82aeeb.jpg,train,0,1
bone-cancer_train_2_1551_png.rf.130aae25d4baadba152ef2948354008d.jpg,train,1,0
download-10-_png.rf.139807ca6a7d89b588440764e23bbbd3.jpg,train,0,1
image-no731-normal-_png.rf.13d727b1ed536486da862f1a5bffb741.jpg,train,0,1
knee_05_1_png.rf.13b1ba963b097d9f350bd48b66a4f6c8.jpg,train,0,1
IMG0000201_jpg.rf.140a0249accf3740d59154671add404e.jpg,train,0,1
image-no476-normal-_png.rf.140177abc50d15f4e9b017aab6917c4f.jpg,train,0,1
tibia_normal_4_PNG.rf.1401783b7e206679d00ce0979acd5eeb.jpg,train,0,1
IMG0000344_jpg.rf.141d207682ce86c1f419d270e57f5628.jpg,train,0,1
IMG_1242_JPG_jpg.rf.1419c8f8614b9c3d46c7c1a663592435.jpg,train,1,0
image-no661-normal-_png.rf.14178139e8645a2315f966cced9302c8.jpg,train,0,1
hand_15_2_png.rf.144b2df74a7b72026d52edc8823bb2c7.jpg,train,0,1
femur_ewing_6_PNG.rf.142aeea59fb910e1fb3c79b7f0889902.jpg,train,1,0
bone-cancer_valid_2_311_png.rf.14a7a0ddb75831153f6c277125d7dd24.jpg,train,1,0
IMG_6210_JPG_jpg.rf.147ae986d43d3e08002f980ce64c1276.jpg,train,1,0
image-no398-normal-_png.rf.145b43550db5fd87103a9941013aec38.jpg,train,0,1
bone-cancer_train_2_362_png.rf.14ab7a3999d5c9a6ddd11474d4917fce.jpg,train,1,0
foot_79_png.rf.1482ed0b1f2a496d3ba0fb62151dcee5.jpg,train,1,0
bone-cancer_train_2_2024_png.rf.1480dafa32ee55fc6724f5194f0604d0.jpg,train,1,0
bone-cancer_train_2_1610_png.rf.144f4697803372425c4bcfbf76917040.jpg,train,1,0
bone-cancer_train_2_2363_png.rf.14ac520e683f109302ab653b39839434.jpg,train,1,0
ankle_12_1_png.rf.14a8159dfaf2b701863389fdc57a7d71.jpg,train,0,1
bone-cancer_valid_2_367_png.rf.149461f2c6c5cf79c22efa674fe9a090.jpg,train,1,0
IMG0000562_jpg.rf.14d9e9feb0de7056691800f568a4443e.jpg,train,0,1
image-no684-normal-_png.rf.14d3c8d178044689e441261441830dfb.jpg,train,0,1
bone-cancer_train_2_399_png.rf.14ada45363b56ba73a21ea0734b0e1db.jpg,train,1,0
IMG0000737_jpg.rf.14877f2c83d90285398cb68900e337d3.jpg,train,0,1
bone-cancer_train_2_865_png.rf.14d33c6c295a7ddbb12841d0130db5da.jpg,train,1,0
istockphoto-145905402-612x612_jpg.rf.14c318bec3e24494727ff7301c7ee5ea.jpg,train,0,1
IMG0000399_jpg.rf.14f985d3756b87f318b15b3cd2f94094.jpg,train,0,1
download-20-_png.rf.14e13588ba57171a9f50abb880909afc.jpg,train,0,1
image-no739-normal-_png.rf.151e8231ba810138ffc8b26b9440007f.jpg,train,0,1
image-no34-normal-_png.rf.156703d428d39ea5725a8d51dcd87493.jpg,train,0,1
IMG0000898_jpg.rf.151d12b1d71e3f3e481a82d0247df7c0.jpg,train,0,1
bone-cancer_valid_227_png.rf.15124392496baf6db3ef70ed414abd19.jpg,train,1,0
IMG0000424_jpg.rf.155c734426adec4efaf9986451762be9.jpg,train,0,1
IMG0000635_jpg.rf.1549df8317a2c1f958a3cea384f367a7.jpg,train,0,1
tibia_metastasis_7_PNG.rf.15673f5f46c5964f84424df30551f346.jpg,train,1,0
46_JPG_jpg.rf.1593129020f3cab4178bb5426f358811.jpg,train,1,0
IMG0000458_jpg.rf.157cd0d2b451113f592bea9f0f254c08.jpg,train,0,1
IMG0000782_jpg.rf.1592d8a1a3cf3acd6a352e2ac55bb92b.jpg,train,0,1
ankle_14_3_png.rf.159396a193893d2ddba42a2be7e7c979.jpg,train,0,1
image-no121-normal-_png.rf.15d60f6c36ac0212da4c4adc4dd9f59c.jpg,train,0,1
bone-cancer_train_2_1911_png.rf.159701abd1059aae84c5fc1773b6cb56.jpg,train,1,0
bone-cancer_train_2_134_png.rf.15d924a7d44aeb2181e13f14155ff576.jpg,train,1,0
tibia_osteosarcoma_25_PNG.rf.15c428ccec800b3ac494062f7e69cf26.jpg,train,1,0
image-no33-normal-_png.rf.15f3c70e7a65f02f12d9bbb54e73d3ea.jpg,train,0,1
IMG0000041_jpg.rf.15f5bddf44012eec35aa397548d13577.jpg,train,0,1
bone-cancer_test_62_png.rf.160c5720fa8577a2dce4f76386127278.jpg,train,1,0
image-no194-normal-_png.rf.1608efec54b1c2c48a365d88099a5919.jpg,train,0,1
bone-cancer_valid_311_png.rf.16229bb5f3fc5fafb04755ad2f3e493a.jpg,train,1,0
IMG0000547_jpg.rf.1649a96b863a4c78b1f07107841c9f59.jpg,train,0,1
The-left-humerus-is-intact-shoulder-and-elbow-joints-are-grossly-unremarkable_png.rf.1652c6ccfc0db481f03a917680ff8129.jpg,train,0,1
bone-cancer_train_2_383_png.rf.161b384db4aa03dc9c22db140f2c374f.jpg,train,1,0
image-no668-normal-_png.rf.1615f3f4ec02406f86e3b057fb5f5660.jpg,train,0,1
IMG0000628_jpg.rf.16113124ea2a2ea489e7d20414db9eab.jpg,train,0,1
bone-cancer_train_2_2158_png.rf.1694a923bb819c7a4b723bb8e010e899.jpg,train,1,0
129_JPG_jpg.rf.165ba5cf271ff64abacd73a66b9b5a78.jpg,train,1,0
IMG0000497_jpg.rf.166a6e14df1a42a14fd84e28b62dfd08.jpg,train,0,1
ulna_ewing_3_png.rf.1642e76575e5cb2023d6f36b0b09eecf.jpg,train,1,0
IMG0000537_jpg.rf.16cc7060e610a42787285d2096a08005.jpg,train,0,1
IMG0000260_jpg.rf.16655b2236b9258aca87ab5656a943bd.jpg,train,0,1
bone-cancer_test_4_png.rf.16715d2fcc51783544b5d3ea81b12fba.jpg,train,1,0
image-no707-normal-_png.rf.16348d26e147119a1ea8d0b901feb82a.jpg,train,0,1
IMG0000882_jpg.rf.16bb92ea5919066057d88b608430d5c0.jpg,train,0,1
foot_4_2_png.rf.1696602c3472c0d3c3057415bbcceabd.jpg,train,0,1
IMG0000508_jpg.rf.16efdefec70b1f3738aeeb7622d2a009.jpg,train,0,1
ulna_0thers_8_png.rf.172e7158c78260cbae5c48fdfbde8e66.jpg,train,1,0
bone-cancer_valid_365_png.rf.16e6b32f11a60252487f15f1b8204f35.jpg,train,1,0
bone-cancer_valid_2_108_png.rf.174ac63f3619d126ecda2779aa74686b.jpg,train,1,0
IMG0000497_jpg.rf.170ac1e6ee6c14c37f691c7e2badb247.jpg,train,0,1
bone-cancer_train_2_144_png.rf.173f96af9b30c6919117a45acc9d1364.jpg,train,1,0
IMG0000690_jpg.rf.176c424395e1580306007d09fcffc7d6.jpg,train,0,1
bone-cancer_train_2_2408_png.rf.17dd317267a03cdb37404132f790b1e6.jpg,train,1,0
bone-cancer_train_2_697_png.rf.173f7d852f33b022be830c0fdfc107c8.jpg,train,1,0
IMG0000730_jpg.rf.180f40cb34026b79f9f570aa3a124086.jpg,train,0,1
IMG0000508_jpg.rf.17f9aa45ded5644dad119d139876d96c.jpg,train,0,1
IMG0000591_jpg.rf.177698aa4a1381276b21c7dccf30a732.jpg,train,0,1
IMG0000820_jpg.rf.17f387ed2926a943faef81c239e27151.jpg,train,0,1
image-no452-normal-_png.rf.18210f727730f139dc020a50702d3c69.jpg,train,0,1
image-no294-normal-_png.rf.17a7d5dd2790500250d9a28a887e1a59.jpg,train,0,1
IMG0000512_jpg.rf.17d9697fbd07b46bd5776663077afa01.jpg,train,0,1
IMG0000778_jpg.rf.17bb81843c289aff53fe6cbe93c0a25b.jpg,train,0,1
chest_4_1_png.rf.184b0edaa4a8f4f8fbe06de31cbd1582.jpg,train,0,1
bone-cancer_valid_80_png.rf.17753ea77dff17e1ff26b3666ce85078.jpg,train,1,0
bone-cancer_train_2_1529_png.rf.18003530748d54a7336431ba9ca31502.jpg,train,1,0
bone-cancer_train_2_1954_png.rf.1859347c8cf5051a719aa42f2cb3f09c.jpg,train,1,0
IMG_8650_JPG_jpg.rf.18535456a87bdb8933f2bfbf1810d7b3.jpg,train,1,0
istockphoto-477088650-612x612_jpg.rf.183a0c9152d5b4bf89e3d5ea6ba71354.jpg,train,0,1
bone-cancer_valid_2_9_png.rf.17b4fabaadf99451d5e2786001468dc8.jpg,train,1,0
bone-cancer_train_2_2394_png.rf.180ada6f91462491501f103e012a97b2.jpg,train,1,0
hand_encondroma_2_png.rf.17dc3b7752d506a0782eebe2efad0591.jpg,train,1,0
123_JPG_jpg.rf.18835352993520943b6497cdfdcec40d.jpg,train,1,0
bone-cancer_train_2_705_png.rf.17a7fe6633050cb3cae777a53a0a76a5.jpg,train,1,0
download-10-_png.rf.17ff4fc9ef4b4c7ea5dc457e326b7dde.jpg,train,0,1
bone-cancer_test_20_png.rf.18892d4b292ac441d2dec7fbcab31318.jpg,train,1,0
image-no350-normal-_png.rf.18764e1cd52b359e83821ec5bd94a2e5.jpg,train,0,1
IMG0000800_jpg.rf.18bca1bb92401541452e6d58baebf1e6.jpg,train,0,1
IMG0000179_jpg.rf.18cdbe9b713c41924e0d960d98a799da.jpg,train,0,1
bone-cancer_train_2_169_png.rf.1873504f9c6ceea0407c6d9e4311a161.jpg,train,1,0
IMG0000500_jpg.rf.18a060f71b22b26f806349e1203e6bb6.jpg,train,0,1
humerus_1_1_png.rf.18aadda55eb5c439d94e3fc2ac73bbf5.jpg,train,0,1
IMG0000381_jpg.rf.18df3c5647377ea3fd0eb06fb1fc97c5.jpg,train,0,1
IMG0000658_jpg.rf.189df78740f7d97901d313c7aa8b1d67.jpg,train,0,1
IMG_0571_JPG_jpg.rf.19119e4ce6ea44b81435e92c2a699be3.jpg,train,1,0
male_png.rf.190577c6c29d4d4729d6c2043295b338.jpg,train,0,1
IMG0000481_jpg.rf.18ee25949beeb6271c485262588e2a68.jpg,train,0,1
femur_12_2_png.rf.190cb8ee851da8e79925f63ceb5fbcf4.jpg,train,0,1
IMG0000784_jpg.rf.18c6cdfdc563b9cae1d37505a384a767.jpg,train,0,1
bone-cancer_valid_162_png.rf.1869edfe929a3dea10197e0c620d777d.jpg,train,1,0
IMG0000756_jpg.rf.1907dadabf1c527fd16f630c755da394.jpg,train,0,1
download-16-_png.rf.194b7f2549aafd6adc35417d0c339430.jpg,train,0,1
IMG0000475_jpg.rf.194a2a5bb06709db77da76e44233df9b.jpg,train,0,1
download-23-_png.rf.193cb79fd1b751bdd4282bf298322f34.jpg,train,0,1
IMG0000292_jpg.rf.197c78729463adee1ab0d3fcce746678.jpg,train,0,1
126_JPG_jpg.rf.197ddb8c3908d2e1962adb7af866a3a0.jpg,train,1,0
image-no115-normal-_png.rf.197c23e2121644e19e70217427d76792.jpg,train,0,1
bone-cancer_test_177_png.rf.194dbbf626d817d79b66ed1840ca4a59.jpg,train,1,0
tibia_metastasis_6_PNG.rf.195415e3f6297e615d6ede81ad4723b9.jpg,train,1,0
image-no59-normal-_png.rf.1933357031877ca20d52dc88d6e1f508.jpg,train,0,1
IMG0000710_jpg.rf.19831e93ab230584e3335835d1398f4a.jpg,train,0,1
bone-cancer_train_2_1609_png.rf.19878087844f482fd3824e12edb832ab.jpg,train,1,0
pelvis_65_1_png.rf.19a6ff4fe666934c9feecdd3830c9c0e.jpg,train,0,1
IMG0000706_jpg.rf.19ab19b2cd56b91686f9f533077544b3.jpg,train,0,1
femur_osteosarcoma_9_PNG.rf.19b6177fd52a70ce36da858d77fa6efc.jpg,train,1,0
bone-cancer_train_2_2512_png.rf.19aefafebd0e20ddcbfdd022830e9b9f.jpg,train,1,0
hand_05_2_png.rf.19b9389f3e1cc1e39a5eb3f78827a697.jpg,train,0,1
foot_28_png.rf.19ec42073842e5266a85e492ec109638.jpg,train,1,0
image-no129-normal-_png.rf.19fa27fd056198af26a4cad4e4d463fb.jpg,train,0,1
IMG0000732_jpg.rf.1a135a731364857eb6b97f6b79d2d930.jpg,train,0,1
bone-cancer_valid_172_png.rf.19b3b145ef0ea859efd4c60bbe1b9057.jpg,train,1,0
IMG0000863_jpg.rf.19e41e4d59a5aa92959cbca3488dfa17.jpg,train,0,1
ankle_9_1_png.rf.1a05eac778f483a7dfbc895ce621a772.jpg,train,0,1
IMG0000813_jpg.rf.19d066df158183f7ccf11ba36006751b.jpg,train,0,1
bone-cancer_valid_2_259_png.rf.1a0486bfc8331c0fe46a84e7d7852780.jpg,train,1,0
bone-cancer_train_2_2128_png.rf.199a43e1f0b070d1f78d39f34717e2d9.jpg,train,1,0
bone-cancer_valid_2_34_png.rf.1a065648e067da3214567230c14dd041.jpg,train,1,0
humerus_12_2_png.rf.19e7f53ec63a93711b101bbc0445dea5.jpg,train,0,1
bone-cancer_train_2_608_png.rf.1a3344b44c69f4e480705ff248557e2c.jpg,train,1,0
IMG0000744_jpg.rf.1a2cb37bc6f702b2ff1ccb6cf425283d.jpg,train,0,1
bone-cancer_valid_2_187_png.rf.1a3f0d5064d8de20a367da9a10127279.jpg,train,1,0
IMG0000738_jpg.rf.1a62385b05387bc2d101109756c6f8f2.jpg,train,0,1
bone-cancer_train_2_1963_png.rf.1a408e481a4fde75a2e64915f86a3268.jpg,train,1,0
tf_9_2_png.rf.1a4ec369e088011c268362cf25464a46.jpg,train,0,1
bone-cancer_valid_2_130_png.rf.1a8800cc614a7f204801507f4bdac3fd.jpg,train,1,0
hand_11_2_png.rf.1a6c9ed2221cc0d54b2f9d35386ad3f3.jpg,train,0,1
IMG0000597_jpg.rf.1a950a12f8289e2f1af378d288082f5d.jpg,train,0,1
bone-cancer_train_2_336_png.rf.1a702251f6428ec77c85ad04f07b40a8.jpg,train,1,0
bone-cancer_train_2_2337_png.rf.1a6f3cdb383d116362452aa8bf1b070b.jpg,train,1,0
131_JPG_jpg.rf.1a7a45281a6dec229fc8f1688bbc2214.jpg,train,1,0
bone-cancer_train_2_801_png.rf.1a771534cd9ce226bb895d6d8e3ab1bd.jpg,train,1,0
IMG0000499_jpg.rf.1ad4923632ec83126a5bad6ef04bcf9a.jpg,train,0,1
IMG0000798_jpg.rf.1aa1659d0640f8c1cae4f7f660fc27c0.jpg,train,0,1
IMG0000610_jpg.rf.1a9a99d8786ca64b9d8c30b6d89a4545.jpg,train,0,1
IMG0000733_jpg.rf.1af11609f653d99a3c29019f10e08872.jpg,train,0,1
bone-cancer_train_2_1435_png.rf.1b49f865aada2787e7181b460e5adc60.jpg,train,1,0
femur_osteosarcoma_18_PNG.rf.1ad8a373eb63b3dffb72a272f7927c90.jpg,train,1,0
image-no701-normal-_png.rf.1addf8d6ae028f342c5a37674f67004c.jpg,train,0,1
image-no701-normal-_png.rf.1b4e65061b49298e85e1245f27c8654b.jpg,train,0,1
IMG0000753_jpg.rf.1b53f4697f01e3bc832c3e76e0b065da.jpg,train,0,1
bone-cancer_train_2_1147_png.rf.1babfdd675c5ffe94bc92467046945eb.jpg,train,1,0
image-no343-normal-_png.rf.1b5f4b9e600de43a6c3d2fa04c4aeca8.jpg,train,0,1
IMG0000826_jpg.rf.1b224e764392826b4010e149263f7f57.jpg,train,0,1
bone-cancer_train_2_1767_png.rf.1bb823a00485f660cc056f6ef366dfbc.jpg,train,1,0
femure_chondrosarcoma_6_PNG.rf.1ba6747245fa54a5d0446c8efeb2bcb7.jpg,train,1,0
bone-cancer_train_2_2307_png.rf.1b53ad9d60a1ebe12eb208903ee9cfd3.jpg,train,1,0
70_JPG_jpg.rf.1baaa81a39736340926c1ed04f7ce0f6.jpg,train,1,0
bone-cancer_train_2_1723_png.rf.1b98b9204c250fc8308aa425c2d8781c.jpg,train,1,0
bone-cancer_train_2_2361_png.rf.1b282ae7dfd6e603275cdfa95a2818ce.jpg,train,1,0
IMG0000588_jpg.rf.1bc71b13f465127d750cc44f239b8ecc.jpg,train,0,1
bone-cancer_train_2_616_png.rf.1bb9194c88984c06ec05b5fc5c0b825a.jpg,train,1,0
IMG_7432_JPG_jpg.rf.1b5a9b61a6f3453e3509e6841577e718.jpg,train,1,0
IMG0000607_jpg.rf.1bbe1c72f1c8fa866eb49a5f04e311e4.jpg,train,0,1
IMG0000497_jpg.rf.1bf4b118e0ddc3c83304e3139ff08379.jpg,train,0,1
bone-cancer_train_2_287_png.rf.1bf8d6df473c66834b6677f26b80e8cb.jpg,train,1,0
image-no149-normal-_png.rf.1bd19a9777b5d534da2525a4324b7e4d.jpg,train,0,1
chest_13_1_png.rf.1bfc92b1e0476fa4f998f6f5a136d457.jpg,train,0,1
IMG0000290_jpg.rf.1c6f295b2c44cfcd7db242c75c70ea50.jpg,train,0,1
image-no629-normal-_png.rf.1c7db8e27dd4594caa3d2c2e8b3a0556.jpg,train,0,1
IMG0000494_jpg.rf.1c40630c217d3b93b4de36fc8636a9a3.jpg,train,0,1
IMG0000657_jpg.rf.1ccba2e5afaffdb1dd193725b92817aa.jpg,train,0,1
fibula_ewing_11_png.rf.1c7e39242f5ad91b326a18f0a53a7fb4.jpg,train,1,0
IMG0000710_jpg.rf.1c617e1a5a08493a14e1bb73127c5b31.jpg,train,0,1
bone-cancer_train_2_1192_png.rf.1c856eaedca3db2dbcf7ed2937b68abf.jpg,train,1,0
image-no521-normal-_png.rf.1c7af934e7f16d62ba182bf4af678414.jpg,train,0,1
image-no553-normal-_png.rf.1c849914d58166daeb4196569d392251.jpg,train,0,1
download-35-_png.rf.1c81b665e57846b3614dcfb5b7c75157.jpg,train,0,1
fibula_metastasis_19_png.rf.1c5995bb4833919cdcf01c2cddd2b571.jpg,train,1,0
download-21-_png.rf.1d0d620ade7413bdf33b7c0dcab091f7.jpg,train,0,1
IMG0000531_jpg.rf.1ca3577086a50fe87ae35c7b506924b0.jpg,train,0,1
image-no455-normal-_png.rf.1ce9314a844073e193e552932212d44a.jpg,train,0,1
hand_0_1_png.rf.1cc3cd68b3d2899af3012615c4c88781.jpg,train,0,1
bone-cancer_test_124_png.rf.1c6e42ee799f53adc251488eb393971c.jpg,train,1,0
bone-cancer_train_2_2284_png.rf.1c2a33ef12d90824a404f59f658e8af0.jpg,train,1,0
image-no718-normal-_png.rf.1d1731bc31f855d22a976d61c8bccbcd.jpg,train,0,1
tibia_other_19_PNG.rf.1d2b56adcf5973073465e4ffa207d1eb.jpg,train,1,0
-47-_jpg.rf.1d18532db29349c6957e588284a93571.jpg,train,0,1
IMG0000608_jpg.rf.1d452e9485122e143b110a99660dc62f.jpg,train,0,1
hand_1_1_png.rf.1d5c7678333ed413a4ee75029a004dd6.jpg,train,0,1
19_JPG_jpg.rf.1d5d3fa50cbc6e4f2a382664c3f15ba7.jpg,train,1,0
image-no224-normal-_png.rf.1c175d6db81956896dd21af2c5ed91ab.jpg,train,0,1
IMG0000240_jpg.rf.1d1188b352a850c98eb7b807580c6e85.jpg,train,0,1
bone-cancer_train_2_179_png.rf.1d5df72bfae31d1d7e212e4f70af5ba9.jpg,train,1,0
bone-cancer_train_2_2490_png.rf.1d1cf31d135cbee4872de0f6e1601c36.jpg,train,1,0
femur_normal_26_PNG.rf.1d5f0ffc26dc1cce35554d27de392025.jpg,train,0,1
IMG_6447_JPG_jpg.rf.1d70a0fbacfdcae6312c8f83852c7f24.jpg,train,1,0
IMG0000403_jpg.rf.1d833aaa56c01ac59396c13cd37ed935.jpg,train,0,1
bone-cancer_valid_326_png.rf.1d5b5ea6ac987947eb8fab8b9ce52dd3.jpg,train,1,0
36_JPG_jpg.rf.1d454ced0c736ac93181528b0a9aa333.jpg,train,1,0
image-no413-normal-_png.rf.1db3aa286648aec6248b4d3a6696f7f6.jpg,train,0,1
bone-cancer_test_137_png.rf.1d88d1f8c5b168e4ef37883fc7cc5f24.jpg,train,1,0
bone-cancer_test_109_png.rf.1d7a6f17f47aa42fed56cba327131bea.jpg,train,1,0
knee_12_1_png.rf.1d92ee9d7a3496fdc06a492437469359.jpg,train,0,1
image-no37-normal-_png.rf.1dc80d3902294eae85b7096f7028f1cb.jpg,train,0,1
tibia_normal_5_PNG.rf.1dc49643e1daa5230028739ac5524f8b.jpg,train,0,1
hand_1_3_png.rf.1e1708b61bcd5bf94de25fc4220cac41.jpg,train,0,1
bone-cancer_train_2_426_png.rf.1e0c36d4ce95172bc82bbeb74362f77c.jpg,train,1,0
bone-cancer_valid_347_png.rf.1e27995029fab0f34a9fcf63cc118ce3.jpg,train,1,0
image-no193-normal-_png.rf.1dd8ea70b3e17277252fe9cef4d4d1f5.jpg,train,0,1
IMG0000342_jpg.rf.1dcd4e15146a09f52542772e1bbbd98e.jpg,train,0,1
IMG0000179_jpg.rf.1df6a91e38be445fc57d6ab362bf6030.jpg,train,0,1
cspine_3_2_png.rf.1e00ad498a892530414eed9fffecce37.jpg,train,0,1
IMG0000813_jpg.rf.1e543e78328b040f6cc30b75e23e4deb.jpg,train,0,1
IMG_0099_jpg.rf.1e3c5ca3e060c85974e93d9212ce214c.jpg,train,1,0
bone-cancer_train_2_1743_png.rf.1e3a199687bf7240282c6e55f4eb0953.jpg,train,1,0
bone-cancer_valid_2_154_png.rf.1dc8c67c109eb1553ef99faeaff3b5d4.jpg,train,1,0
foot_14_3_png.rf.1e404df4a866d60d590f218af0447b2f.jpg,train,0,1
191_JPG_jpg.rf.1e3941b96ec357fe7a6246aaf91da5aa.jpg,train,1,0
image-no365-normal-_png.rf.1e68945aadae3ebb3ede2a0c91c7864b.jpg,train,0,1
bone-cancer_valid_2_33_png.rf.1de37054923ffa7843f2335f3f878528.jpg,train,1,0
IMG0000264_jpg.rf.1eadb4afa21e409aaac3277ba4912d44.jpg,train,0,1
bone-cancer_valid_2_395_png.rf.1e7767645f70dadac4b9375118cff342.jpg,train,1,0
IMG0000667_jpg.rf.1e22911e370ed046f21b6fa5625fceb9.jpg,train,0,1
image-no414-normal-_png.rf.1e5f58dfcd851f1ee23aedb2a22cec64.jpg,train,0,1
IMG0000794_jpg.rf.1e55921e138f9c8a21a9b160ec2a1d88.jpg,train,0,1
Picture1_d-10-_jpg.rf.1ec00becf639ea1411d361b964e62d90.jpg,train,0,1
knee_10_2_png.rf.1eb1e04a2ba42abe28a23cbe7598b270.jpg,train,0,1
bone-cancer_valid_275_png.rf.1ee02add14a9b9cab3757420b88203df.jpg,train,1,0
pelvis_25_male_2_png.rf.1ed044d2936df6bcd9f442ff435da91a.jpg,train,0,1
IMG0000240_jpg.rf.1f5c5cc0b2db6b31b1d2523273d19865.jpg,train,0,1
17_JPG_jpg.rf.1ec9b21d69b9a6a330bd23be2245a570.jpg,train,1,0
IMG0000713_jpg.rf.1f07dde03d7bc6b497e7e26ef8616d06.jpg,train,0,1
pelvis_chondrosarcoma_8_png.rf.1ec02c320a8c318fdecb5bed8984ef09.jpg,train,1,0
IMG_7987_JPG_jpg.rf.1f4c8f5592f4f421cad9f91bd28369e6.jpg,train,1,0
tf_8_png.rf.1f5b621affdb612c42d32186b55374c3.jpg,train,0,1
bone-cancer_train_2_718_png.rf.1f65e2b2a21ed3f549036d6d3b54650f.jpg,train,1,0
IMG0000690_jpg.rf.1f54f8964d8cedccc9d151286e5d9e11.jpg,train,0,1
cervical-spine_18_png.rf.1f4af147d587bfb5fb71a3a32594a736.jpg,train,1,0
bone-cancer_train_2_1787_png.rf.1f0d27ea7ff0bb225cbec52f087c15b7.jpg,train,1,0
IMG0000685_jpg.rf.1f597cbf97ced3962e1dfdc33e4bac38.jpg,train,0,1
IMG0000869_jpg.rf.1f3bdaa4fe5062935d03804e0b1286cd.jpg,train,0,1
IMG0000847_jpg.rf.1ef1407501d82856ff5c67bc8bd24d28.jpg,train,0,1
image-no416-normal-_png.rf.1f0ae5b8ce808b3a52675d7f19c424b8.jpg,train,0,1
IMG0000441_jpg.rf.1f7e6da9e7a296383f2c69289d12854e.jpg,train,0,1
IMG0000041_jpg.rf.1f74be104c487bc957bf60b9c3c6cb0c.jpg,train,0,1
bone-cancer_train_2_1786_png.rf.1f84295694d77c8ce811e44aed3a35df.jpg,train,1,0
bone-cancer_train_2_1460_png.rf.1fbdaa8785696f3f3c4bc29cbc64e9bd.jpg,train,1,0
bone-cancer_valid_2_133_png.rf.1fa4f4ba56e1c4da4515e9be02caf556.jpg,train,1,0
pelvis_11_2_png.rf.1f71478cffeee11c0d2e300ffb27244f.jpg,train,0,1
chest_4_1_png.rf.1fcc120cd18b5d929609414f95e9203e.jpg,train,0,1
hand_ch_1_png.rf.1fc9444941d5e8646001792ac88114ec.jpg,train,1,0
pelvis_chondrosarcoma_17_png.rf.1ffc996bc356381410ea95872d453ce0.jpg,train,1,0
bone-cancer_valid_2_420_png.rf.1fdf545ac4fa98bc071bd190f957da71.jpg,train,1,0
IMG0000656_jpg.rf.20008f856f9e1de2e8389e3bc00e104c.jpg,train,0,1
bone-cancer_valid_179_png.rf.201c01bf7b507450addd84b743148c58.jpg,train,1,0
bone-cancer_train_2_1417_png.rf.1fcfb7541a65eeb04aa4beab7c4222e0.jpg,train,1,0
bone-cancer_train_2_950_png.rf.20015096fc398569f35a1c37fcd1a457.jpg,train,1,0
IMG0000794_jpg.rf.2017ea95e6466e1bc55a912c5c8b226e.jpg,train,0,1
65_JPG_jpg.rf.202a034bea0176539619465892626f95.jpg,train,1,0
pelvis_ewing_4_png.rf.204aa0edd43f2f2041848a52c8e034e1.jpg,train,1,0
humerus_13_png.rf.2000514a5787bc4cc8c205bf83ff6e36.jpg,train,1,0
IMG0000719_jpg.rf.209ddc02e76fc758a23aa8da3cbb9da4.jpg,train,0,1
tibia_normal_10_png.rf.2090bd6e843a6499667b331d86d937b9.jpg,train,0,1
image-no420-normal-_png.rf.2038f15779b5b3ed3ed4857dc39004e6.jpg,train,0,1
IMG0000888_jpg.rf.20325d264c05e23a54dbc3c882cc8694.jpg,train,0,1
IMG_8250_JPG_jpg.rf.2079903f83dfdc7ebcc25dd392ca4ef2.jpg,train,1,0
IMG_7434_JPG_jpg.rf.2064b0cc8c76d75907f4d6150b76b85e.jpg,train,1,0
IMG0000846_jpg.rf.201df64e1a6a9023aa4a7b55c8390545.jpg,train,0,1
bone-cancer_train_2_1212_png.rf.207c836b0123724d4a19cfbf7a04c921.jpg,train,1,0
IMG0000831_jpg.rf.2029d0c6872ca2588ff844ef60ce1d29.jpg,train,0,1
IMG0000511_jpg.rf.20aef1f5eba3bce14c5f8a357f7ffbb8.jpg,train,0,1
bone-cancer_valid_2_98_png.rf.2010a477609187f023a64b0d0e4a5321.jpg,train,1,0
image-no128-normal-_png.rf.20bdf8ec7d436653d8498dec2975c87f.jpg,train,0,1
IMG0000608_jpg.rf.20b62c9cccf0b73727c119c7abdda1b0.jpg,train,0,1
IMG0000882_jpg.rf.209bfffe81df6d8b3673e05a5e560165.jpg,train,0,1
IMG0000891_jpg.rf.20a2158d937c133b9be1ee6fc001c32a.jpg,train,0,1
IMG0000687_jpg.rf.20a9373cc7d1293dae8c8f5f21d98641.jpg,train,0,1
image-no236-normal-_png.rf.2166142496d4c1fd1a6ce30f590669f7.jpg,train,0,1
bone-cancer_test_27_png.rf.20d0b9470aadccad86304f6789c86ae9.jpg,train,1,0
bone-cancer_train_2_1599_png.rf.20fff1357e969d91ceb48d677f5afee0.jpg,train,1,0
bone-cancer_valid_40_png.rf.21420b482f7439c4dd4abdb21d9ff790.jpg,train,1,0
bone-cancer_train_2_1334_png.rf.20ca0f0c5a887ed8d1ac25f3545a10d4.jpg,train,1,0
bone-cancer_valid_2_66_png.rf.21454b50fc8a51fb3af044d585e422a5.jpg,train,1,0
bone-cancer_valid_200_png.rf.20bdf952045236a82e8faa955bb86780.jpg,train,1,0
image-no261-normal-_png.rf.21092de17434f545d42b215e0fe7e207.jpg,train,0,1
hand_15_2_png.rf.211cd37c54fe1b38f6dcf61c5fac2a5c.jpg,train,0,1
tibia_ewing_14_PNG.rf.214c97646bf6e6bebd0173fa5eae7641.jpg,train,1,0
image-no305-normal-_png.rf.21b16aa3cd2bf8d929907b99a9f0df40.jpg,train,0,1
IMG0000781_jpg.rf.21b4c155d1bed3786319290104d6a558.jpg,train,0,1
ped_1_png.rf.21b6722f1bb1d01e206d1d8b3fd1fdef.jpg,train,1,0
image-no552-normal-_png.rf.21b8b750ab6404aecb3500351a456fe0.jpg,train,0,1
bone-cancer_train_2_2113_png.rf.218a0d1932aa19c5e6f4db6418c99517.jpg,train,1,0
image-no590-normal-_png.rf.21df0f3624698eff78399f56161c1e32.jpg,train,0,1
bone-cancer_valid_2_118_png.rf.21da66d663c547d1458180798a005102.jpg,train,1,0
IMG0000287_jpg.rf.21cf6322a4aa1d5e72b34c9842c384c9.jpg,train,0,1
chest_female_60_png.rf.225b9ce48a55ec1483e7f73c41314b57.jpg,train,0,1
bone-cancer_train_2_2178_png.rf.2206b136a58d2b66fca4fb296188ca99.jpg,train,1,0
foot_13_2_png.rf.21eda9136fea4e6e90f7baa867dfb8e9.jpg,train,0,1
image-no397-normal-_png.rf.2260effcfe67e862a68f185fd644ead9.jpg,train,0,1
IMG_1702_JPG_jpg.rf.2290edbd6bab63b84e6028a3bd2f3f37.jpg,train,1,0
bone-cancer_train_2_375_png.rf.21c25a9f4e2dc751ec910559990de983.jpg,train,1,0
bone-cancer_train_2_1719_png.rf.2243008816fa83dcee1afdbf631c337a.jpg,train,1,0
cspine_30_1_png.rf.2262c2e7996e1e7087110d1f043ee592.jpg,train,0,1
image-no122-normal-_png.rf.229f5c4e7962d5b4f5ddf072fa72b0e7.jpg,train,0,1
tibia_metastasis_11_PNG.rf.22936f0395d5b1c9a98104940f6ec847.jpg,train,1,0
bone-cancer_train_2_847_png.rf.2257123f3eebcc232aad4f5f42aaa3b4.jpg,train,1,0
IMG0000382_jpg.rf.222406dee308a25da571a6ac93a2dbf1.jpg,train,0,1
bone-cancer_train_2_380_png.rf.229ea3ec1dbcbbc640f94d670002df18.jpg,train,1,0
r1_png.rf.21d432a292cc433f822856272f22b299.jpg,train,0,1
bone-cancer_valid_251_png.rf.21f083f078bcae1a7d4df5a3ed78c00e.jpg,train,1,0
IMG0000542_jpg.rf.22ca9ef49260a393f6edbf67c039f48d.jpg,train,0,1
image-no469-normal-_png.rf.227a52ff188869b72dc42d658a47799d.jpg,train,0,1
33_JPG_jpg.rf.227bf3beae93fca0f746c2100ed19d2d.jpg,train,1,0
bone-cancer_train_2_401_png.rf.22d91c4d56b58e06af4659e183830880.jpg,train,1,0
157_JPG_jpg.rf.22e695d1674e4bce474e6405cf0bde38.jpg,train,1,0
-58-_jpg.rf.22c0ec71aa30dd21ce2c651b4ec75a95.jpg,train,0,1
femur_metastasis_3_PNG.rf.22e6ad4de45025e616813f48807b9acd.jpg,train,1,0
bone-cancer_valid_99_png.rf.22ee7ffe3a5bf7cd121217ab5c543c2f.jpg,train,1,0
bone-cancer_train_2_2258_png.rf.22f10f7e80ab654b4bf37f321fba055e.jpg,train,1,0
IMG_3756_JPG_jpg.rf.230a71e6df8d7c312949f8549f85e326.jpg,train,1,0
IMG0000688_jpg.rf.22fc5b33c8b32423a4c8f8b7be0507d2.jpg,train,0,1
bone-cancer_train_2_136_png.rf.233e84cbad2f31a1d8e790bc83c07194.jpg,train,1,0
IMG_4383_JPG_jpg.rf.232569a2662bfff10b3693559c549439.jpg,train,1,0
IMG0000738_jpg.rf.2341f99998781ce223ed6c6053026598.jpg,train,0,1
IMG0000511_jpg.rf.241d3c8d23de512c97d1cb11d0d0d44b.jpg,train,0,1
bone-cancer_train_2_2326_png.rf.2371452f7ea732bc446311f72d9d380b.jpg,train,1,0
bone-cancer_train_2_184_png.rf.23b37ce2ef78beed933e18fa13d1f44d.jpg,train,1,0
femur_12_1_png.rf.2346ef2b8d002d74faa319ba7ab9694e.jpg,train,0,1
bone-cancer_train_2_2149_png.rf.23fb1fd0bb3cb4263dbbad78a246887a.jpg,train,1,0
bone-cancer_valid_422_png.rf.23a1159f109b78c73efcbbc99eaf405b.jpg,train,1,0
IMG0000688_jpg.rf.23ccd70c62b6709c758d735f8be5b04c.jpg,train,0,1
bone-cancer_train_2_2328_png.rf.243246d419b4f59e96cc194db44390a3.jpg,train,1,0
bone-cancer_train_2_1628_png.rf.240cf503cb789ec69ae0dbf5f93efbf1.jpg,train,1,0
bone-cancer_valid_2_228_png.rf.24232f97225b6fb6108a598bb07391e4.jpg,train,1,0
bone-cancer_train_2_765_png.rf.233325882ead5e0ffda4352a8b69040e.jpg,train,1,0
hand_50_png.rf.23bdd8c83bb94456afc4f5572c25f8a0.jpg,train,0,1
IMG0000828_jpg.rf.243997ef1a27a447140a2569735fa226.jpg,train,0,1
image-no702-normal-_png.rf.235d995cd6d79da90f0401c69454a53d.jpg,train,0,1
hand_osteosarcoma_17_png.rf.23f73b5a54a3256bcbd034145f1dd1bb.jpg,train,1,0
bone-cancer_valid_359_png.rf.2446ec6697d12ad2c7116f525ff9a688.jpg,train,1,0
IMG0000836_jpg.rf.245c7d6e8d47ccf882fb514a3b765535.jpg,train,0,1
IMG0000605_jpg.rf.24b2c8b3d3aecbd91da6c3ef44586fe2.jpg,train,0,1
bone-cancer_train_2_2099_png.rf.24a4521231baf1b8cbad4990c8437ba8.jpg,train,1,0
foot_5_png.rf.24fed6a33516bbc2ded702d78e63f028.jpg,train,1,0
IMG0000811_jpg.rf.24fc63c5da959d21a4d104f349a27dbf.jpg,train,0,1
image-no321-normal-_png.rf.24f5752608a65febba008c517df12718.jpg,train,0,1
IMG0000201_jpg.rf.2559821f788995171695a6f9b0327092.jpg,train,0,1
image-no159-normal-_png.rf.24e116c2bcf9bb13b8389eed730cdcc7.jpg,train,0,1
bone-cancer_valid_340_png.rf.2482dc716698f2037ca869d0ea5846c0.jpg,train,1,0
bone-cancer_valid_376_png.rf.2526395a55642e1252e296f522062494.jpg,train,1,0
bone-cancer_train_2_414_png.rf.256de0c89a226fa9474b3502d31019ae.jpg,train,1,0
IMG0000115_jpg.rf.24d69e22ac057afe30421b2a471c4255.jpg,train,0,1
bone-cancer_train_2_2229_png.rf.254e8ca578d2780ceaf5d9b2ac6f7da0.jpg,train,1,0
bone-cancer_train_2_2017_png.rf.2544fa8eeef884e5a0292d1582a2343f.jpg,train,1,0
IMG0000839_jpg.rf.2519fb9bffe135c1e941fa70df6b8b71.jpg,train,0,1
image-no472-normal-_png.rf.255e5ddcb53203d8187e28f54cf9a2fd.jpg,train,0,1
bone-cancer_train_2_402_png.rf.2514dc2476cd4d445f1fe662ba98f9d4.jpg,train,1,0
knee_15_1_png.rf.256a5ad7da4bbd10024910e034f1759b.jpg,train,0,1
cspine_4_1_png.rf.24f1a6273a7057944ed7ace457bf8e51.jpg,train,0,1
IMG0000863_jpg.rf.25092284310c034a78c4824fd57b2198.jpg,train,0,1
bone-cancer_train_2_2516_png.rf.24f87f5798e2e5427bcecb8f05116c6a.jpg,train,1,0
IMG0000503_jpg.rf.257272599c1c1b625b3d6bb0df97ddbc.jpg,train,0,1
bone-cancer_train_2_456_png.rf.2589f70c979dadfc2ed5f4f2f7a9af1e.jpg,train,1,0
bone-cancer_train_2_2480_png.rf.25a1a50c322c39b3dc9738599a982781.jpg,train,1,0
femur_osteosarcoma_21_PNG.rf.2574acfef2b6991b65417823e633da94.jpg,train,1,0
bone-cancer_train_2_143_png.rf.25c2eaad46ce26c75cc32df28b81e5da.jpg,train,1,0
download-25-_png.rf.25c723d46dfffbac12861aa1835eb74b.jpg,train,0,1
bone-cancer_train_2_659_png.rf.261091fa277435fc36bba6b0beb4bcef.jpg,train,1,0
bone-cancer_valid_2_274_png.rf.260ad3a56def0fa3254c8c8f803534c0.jpg,train,1,0
IMG0000888_jpg.rf.25dbb52450b7e122871d25d25cc1ed44.jpg,train,0,1
IMG0000874_jpg.rf.25dbf6199493afa48452b314d38ed0be.jpg,train,0,1
femur_normal_4_PNG.rf.2611474036992a606c7953ff1fe10001.jpg,train,0,1
bone-cancer_train_2_1670_png.rf.2642782544daa2af37148259f1a24836.jpg,train,1,0
bone-cancer_train_2_2419_png.rf.25d14ee34b4aef471c96cbc305a6d6a0.jpg,train,1,0
bone-cancer_train_2_1812_png.rf.25bc143dc9f70fb93812bdb06467b5a4.jpg,train,1,0
image-no163-normal-_png.rf.25e8da660e8df423de1e7319b06ea3f6.jpg,train,0,1
98_JPG_jpg.rf.25db8511c7917b29f0606b0bfbc0e7e2.jpg,train,1,0
IMG0000431_jpg.rf.263f0f9f1b0a2a721bed136b092d5b9d.jpg,train,0,1
image-no725-normal-_png.rf.260f1c36abb41172857707cb17c579cb.jpg,train,0,1
IMG0000807_jpg.rf.263d0efac1523fbeae6be2c0fa4f71be.jpg,train,0,1
ped_26_png.rf.2672127d644e16101eaf66f338c56438.jpg,train,1,0
bone-cancer_train_2_576_png.rf.26669f923f197caf74698e128f142980.jpg,train,1,0
IMG0000167_jpg.rf.2646e5c8dd4a870a8fdb4babb136307e.jpg,train,0,1
IMG0000876_jpg.rf.263b45441597b19e3fc8b0273ff3a79b.jpg,train,0,1
bone-cancer_train_2_1805_png.rf.2697811b5a4719fdb1c303786ca9feab.jpg,train,1,0
image-no314-normal-_png.rf.2617fe0e1ddc5237d9b92ea014e4a7b3.jpg,train,0,1
pelvis_osteosarcoma_17_png.rf.26b9f207625b1c09bbc86c426ffe136a.jpg,train,1,0
IMG0000161_jpg.rf.26afb8a63f96e11cf61b29dc88948c99.jpg,train,0,1
bone-cancer_valid_2_298_png.rf.267382f2f550c609c73f880173617d4c.jpg,train,1,0
cspine_15_2_png.rf.26bd1aa8d797f28e8c27a899c3cbe2cf.jpg,train,0,1
image-no698-normal-_png.rf.26ab0a89d884587afe3f88f92475661a.jpg,train,0,1
IMG0000587_jpg.rf.26cff6e78945b108b8f309c23014133c.jpg,train,0,1
IMG0000741_jpg.rf.263cd07cfd19d0545c934c86d30895e6.jpg,train,0,1
tibia_metastasis_12_PNG.rf.26f03820d045e64467ee6bdfa208cd7e.jpg,train,1,0
IMG0000492_jpg.rf.26374da5cef9a70fa59a20a00eae243d.jpg,train,0,1
IMG0000608_jpg.rf.26c9fac8f6949c0ed8d71b4061a1fd26.jpg,train,0,1
IMG0000614_jpg.rf.26c266bfddce1cb450ed571c21648642.jpg,train,0,1
bone-cancer_train_2_2070_png.rf.270d343e46da4549468da879c491970b.jpg,train,1,0
image-no451-normal-_png.rf.26ff53f35ce9671112d331662a6e6fb6.jpg,train,0,1
IMG0000522_jpg.rf.27229127d94c9f273bd937c49381d059.jpg,train,0,1
image-no253-normal-_png.rf.2707aba61798fca9cf0b568059d043a3.jpg,train,0,1
IMG0000791_jpg.rf.26e8cb845b44262b98eeb33b365db43d.jpg,train,0,1
bone-cancer_valid_360_png.rf.270b0885af40e7341439961da5ebedf6.jpg,train,1,0
Normal-adult-humerus-for-reference-_png.rf.26fa18350e0d1948778c2a1213dddac3.jpg,train,0,1
bone-cancer_valid_2_409_png.rf.27377011e9d46ba9c9b2474c13dc25a7.jpg,train,1,0
bone-cancer_train_2_222_png.rf.273f360c86eea510d865610993d6f46b.jpg,train,1,0
IMG0000448_jpg.rf.27262f7c21856039b9cee7ef79fb5065.jpg,train,0,1
image-no609-normal-_png.rf.275449f708a310944c4e447c6b15f51b.jpg,train,0,1
bone-cancer_valid_160_png.rf.278e299155ee68609832ebc4af38edd0.jpg,train,1,0
IMG0000539_jpg.rf.2778159e9469f4344a4ce077cf9a7436.jpg,train,0,1
pelvis_chondrosarcoma_10_png.rf.275d13ce7dc554cc382648eb7d367976.jpg,train,1,0
image-no529-normal-_png.rf.279beec3fa40f1ba529f559d59cff6f5.jpg,train,0,1
IMG0000714_jpg.rf.27820cc47379f391d916f33e474f6ee7.jpg,train,0,1
72_JPG_jpg.rf.27bb6ed5aaaa15d316a43eb8c986e994.jpg,train,1,0
IMG0000657_jpg.rf.2788a03d023d9585342230b8ff214731.jpg,train,0,1
IMG0000890_jpg.rf.27ef4ea25c0a7445cb42146dea7f41a3.jpg,train,0,1
ulna_osteosarcoma_7_png.rf.279c153eb4c5ec1e156efd7a1b18ce75.jpg,train,1,0
bone-cancer_train_2_2182_png.rf.2769671ee9a3caf4827196de844d9f85.jpg,train,1,0
image-no608-normal-_png.rf.27bb7f9ded086ce44fede7a390c2157c.jpg,train,0,1
femur_ewing_19_PNG.rf.27f5c126a323f4580897cfc4706fd859.jpg,train,1,0
IMG0000540_jpg.rf.27d6630ef7f3212f49f88cc89e84e000.jpg,train,0,1
IMG0000897_jpg.rf.27c576e6cf5dee8a98202ad85bdf16fe.jpg,train,0,1
image-no565-normal-_png.rf.27a5a6616484cd69258c66171f28d67c.jpg,train,0,1
image-no654-normal-_png.rf.271fb960742bd7a467aa61137b7c08f1.jpg,train,0,1
image-no101-normal-_png.rf.27f2250180eb7efb50053e1d032f12a7.jpg,train,0,1
tf_5_2_png.rf.2808720e9008d30866de5ace355d81e5.jpg,train,0,1
IMG0000866_jpg.rf.283a61bf4ff60528efa995832068c2f7.jpg,train,0,1
bone-cancer_valid_2_222_png.rf.2820b39e8be99638301c7fc7f868521e.jpg,train,1,0
image-no64-normal-_png.rf.2857afcd79c56b4f9123302f892fbc7c.jpg,train,0,1
IMG0000506_jpg.rf.2834a05e5082949ed728e6b0a22850b2.jpg,train,0,1
image-no155-normal-_png.rf.2817c150c4c990e7ad69362138e6edbb.jpg,train,0,1
IMG0000475_jpg.rf.289b04ad96f327943068be44062890ac.jpg,train,0,1
cspine_3_1_png.rf.2867f65e898dd067408a1e45fb104692.jpg,train,0,1
bone-cancer_train_2_2228_png.rf.28426a2d0eba5fcda2c989ac6e8b4dd2.jpg,train,1,0
bone-cancer_train_2_478_png.rf.2865a0151406bd042bd1c77f7585e07d.jpg,train,1,0
IMG0000475_jpg.rf.283f8b3e28539235c7bbdeb8a3be708e.jpg,train,0,1
IMG_4379_JPG_jpg.rf.2884974eeef05ea3d08d2caa0229f27c.jpg,train,1,0
bone-cancer_valid_2_386_png.rf.2856b412ff811daeb224a334c19a8cb6.jpg,train,1,0
bone-cancer_train_2_2215_png.rf.28b2021b67e63f6a7ff02669e6916189.jpg,train,1,0
bone-cancer_valid_291_png.rf.292c8b767dc33abad148ce7328097ed4.jpg,train,1,0
IMG0000424_jpg.rf.291ced3d67c0740cc9742f7124c5ad44.jpg,train,0,1
IMG0000271_jpg.rf.2895c5eafec9872490cc26e6d4295471.jpg,train,0,1
tibia_ewing_7_PNG.rf.2942a4d34af1c7a477e954e1dd2bd845.jpg,train,1,0
image-no428-normal-_png.rf.28271d5a7c795a1e8324cae284ed757a.jpg,train,0,1
knee_13_1_png.rf.286c33862844ecf16495d7c5aae61b67.jpg,train,0,1
image-no162-normal-_png.rf.2920a3521d0a608fce61fca152684812.jpg,train,0,1
bone-cancer_valid_416_png.rf.291dff13ba60a3d0b186fc309d2deda8.jpg,train,1,0
IMG0000264_jpg.rf.285eae32b95f705f809931f0913a4433.jpg,train,0,1
bone-cancer_train_2_2226_png.rf.29150a81d4a6588b8a657a5c83de4060.jpg,train,1,0
bone-cancer_train_2_1333_png.rf.290e6bb674ae9f34b347651d73c8b335.jpg,train,1,0
bone-cancer_valid_199_png.rf.28bf7ee3ba7702c27d7134b5ebd782e4.jpg,train,1,0
IMG0000542_jpg.rf.2969a769879f95417bcbcac9bc3f57c7.jpg,train,0,1
bone-cancer_train_2_862_png.rf.299334ae772de963943da08e9a132d7c.jpg,train,1,0
bone-cancer_train_2_891_png.rf.29ab18ab598d2b799b4da98407ba2b53.jpg,train,1,0
foot_53_png.rf.2988bc59a83d4dc84b54c508b9601fe3.jpg,train,1,0
IMG0000899_jpg.rf.29bc9026019b12d5a718a2aaaa2f0508.jpg,train,0,1
bone-cancer_valid_2_79_png.rf.29d8580b206cf63dee348281f5078963.jpg,train,1,0
bone-cancer_valid_2_285_png.rf.29c53a2dde586157d36e71d0af0b4f8d.jpg,train,1,0
IMG_1242_JPG_jpg.rf.29b023e2a6fe9ae61c3e85e5ec68130b.jpg,train,1,0
IMG0000287_jpg.rf.29cc5bc64e06f49398ef83f33e9afe42.jpg,train,0,1
bone-cancer_train_2_257_png.rf.29dd78f792914a5c2830bb4771b34997.jpg,train,1,0
IMG0000672_jpg.rf.29da1928589e5eacb002e884c628d411.jpg,train,0,1
IMG0000627_jpg.rf.29e1e4a4446fb5f18cedad3755508a5d.jpg,train,0,1
IMG0000794_jpg.rf.29fbff15840a9b901b399a1c65dd9ec4.jpg,train,0,1
image-no334-normal-_png.rf.2a0aecfd821cfc1913e23ffec5d430ab.jpg,train,0,1
IMG0000686_jpg.rf.29e50ff0ccb6df3786bb8dfa54af4c49.jpg,train,0,1
bone-cancer_valid_2_173_png.rf.2a0cd95d292c6a1c6225c63939fd8f52.jpg,train,1,0
bone-cancer_test_146_png.rf.2a407493a14a13e2d109dc9bec07fb08.jpg,train,1,0
IMG0000589_jpg.rf.29bec5770822ed2826fd0b313ec458de.jpg,train,0,1
image-no557-normal-_png.rf.2a1e0472a607d4d87541ea87d5647aae.jpg,train,0,1
IMG0000522_jpg.rf.29f69ad493a6436e12da11d6fe9cf8cb.jpg,train,0,1
bone-cancer_valid_2_49_png.rf.2a49a39e390b37c5e73d53c4b144bb8a.jpg,train,1,0
hand_9_1_png.rf.2a58fd9873807d956b35929ed5ebb78c.jpg,train,0,1
bone-cancer_train_2_1297_png.rf.2a6de34c169be850a28ed7ce389013cd.jpg,train,1,0
IMG0000428_jpg.rf.2a02e3349ef6c1dc79f6c3884bf36b93.jpg,train,0,1
image-no25-normal-_png.rf.2a6c70d5f1dd55e5bf453d21ad868dfc.jpg,train,0,1
bone-cancer_train_2_2202_png.rf.2a9168318ef35bde7ad24357189ea644.jpg,train,1,0
152_JPG_jpg.rf.2a88820bf0a4898981b07e142de029eb.jpg,train,1,0
IMG0000510_jpg.rf.2abbd573c0c79fb5f57a31cfc1b69420.jpg,train,0,1
image-no691-normal-_png.rf.2a988a767f8a79ad53cb0de5a759d9a3.jpg,train,0,1
bone-cancer_train_2_409_png.rf.2a748b3927c95961ac293d15f8eefe4a.jpg,train,1,0
IMG_7606_JPG_jpg.rf.2a80d609d2b366d36c5226ccef0b5985.jpg,train,1,0
bone-cancer_train_2_87_png.rf.2a67721c242273fc7773d066a76a2a98.jpg,train,1,0
femur_osteosarcoma_14_PNG.rf.2ad85a1655ea44fd88535b2d3848be34.jpg,train,1,0
elbow_9_2_png.rf.2a6c9e90fab0f5e92abd4aa5160f214c.jpg,train,0,1
IMG0000605_jpg.rf.2ae220e16a10f1c02cc496e08b349d6e.jpg,train,0,1
bone-cancer_train_2_1795_png.rf.2aebf0fc48199bc55247697904723388.jpg,train,1,0
IMG0000427_jpg.rf.2ae998d81f7eb496f424e206d583de0c.jpg,train,0,1
bone-cancer_valid_2_435_png.rf.2b1fb22dcd817d87d9a8f57262797e72.jpg,train,1,0
image-no526-normal-_png.rf.2b1faf1ba23f31809639655fec7edc04.jpg,train,0,1
IMG0000790_jpg.rf.2b41e969a334a695369f549eadfb220e.jpg,train,0,1
bone-cancer_valid_10_png.rf.2b4e3068e5487c46c5c281efa804e713.jpg,train,1,0
IMG0000694_jpg.rf.2b67912e1548912f05f6060f88828317.jpg,train,0,1
image-no602-normal-_png.rf.2b5568d0a9910f71dd09e335c43937b9.jpg,train,0,1
image-no348-normal-_png.rf.2b8c6b80be852186dc1271f9056bcd47.jpg,train,0,1
bone-cancer_train_2_176_png.rf.2b7533a92eb669518a23d8988021f97c.jpg,train,1,0
bone-cancer_valid_186_png.rf.2b19e89a64f3f5224a9562432fe23c37.jpg,train,1,0
tibia_metastasis_18_PNG.rf.2b7586f9d2981050bfef49faedd2a60a.jpg,train,1,0
IMG0000522_jpg.rf.2ba132cf721235142398e2a47851145a.jpg,train,0,1
foot_9_3_png.rf.2b83b7e91559ab06b191da239bd35aa1.jpg,train,0,1
download2_png.rf.2bb6bbd201fffe1a678b3759687be2b7.jpg,train,0,1
IMG_2223_JPG_jpg.rf.2bf218439637301fe2bf40d46a761125.jpg,train,1,0
image-no124-normal-_png.rf.2bc64d1e91d30a686a4bc7237be747b3.jpg,train,0,1
IMG0000627_jpg.rf.2bc115822c39c5554d15bb417e059b49.jpg,train,0,1
bone-cancer_test_196_png.rf.2bba13b85de706ad261c564489017112.jpg,train,1,0
bone-cancer_train_2_2334_png.rf.2bd795d59d904d1f36a13e74d3e45af8.jpg,train,1,0
image-no589-normal-_png.rf.2bc203dbdff4e762c9317855a007b06c.jpg,train,0,1
bone-cancer_test_203_png.rf.2bcdf4624762af2bf97d17a24aa042a6.jpg,train,1,0
image-no128-normal-_png.rf.2bc69524bf4d6144290c9d4e5508a4a1.jpg,train,0,1
bone-cancer_train_2_1962_png.rf.2c03efa599f4105dc0cc14136ed442f1.jpg,train,1,0
image-no646-normal-_png.rf.2be4e46deb0b313ec065c0ca15012bdb.jpg,train,0,1
IMG_3281_JPG_jpg.rf.2bd508ad71cd29da05a3444c5f6e9e8e.jpg,train,1,0
bone-cancer_train_2_1884_png.rf.2c1fe1afb424c14d1d29de3a8c17bd73.jpg,train,1,0
bone-cancer_train_2_1802_png.rf.2c20af264cac9e4a625d11a9b922ebcf.jpg,train,1,0
image-no559-normal-_png.rf.2c213b0afe30b8b286b7a2cefaebaedf.jpg,train,0,1
IMG0000711_jpg.rf.2c3c6ebf23bbfcf5f518a9ee3d21c255.jpg,train,0,1
bone-cancer_train_2_1323_png.rf.2c4e3eab99448ac3bdfadf7ae44856da.jpg,train,1,0
bone-cancer_train_2_1195_png.rf.2c3224913bdc547d446006fb917fe130.jpg,train,1,0
pelvis_osteosarcoma_12_png.rf.2c5969001edc24c06e76d518573fb212.jpg,train,1,0
bone-cancer_train_2_1070_png.rf.2c235445b2898bccdadc2c7e60612917.jpg,train,1,0
bone-cancer_valid_268_png.rf.2c23077732e97a0259946e68ea1bdac1.jpg,train,1,0
bone-cancer_train_2_1777_png.rf.2c55bedea8bc5bfcd15e6a81d98a42fc.jpg,train,1,0
IMG0000768_jpg.rf.2c81f8888ae78acfba402c2395b9eac2.jpg,train,0,1
IMG0000687_jpg.rf.2c8ab2892d06641126c7e581377074db.jpg,train,0,1
bone-cancer_train_2_2074_png.rf.2c9c13c9ade3c0c3e643b15d688835d0.jpg,train,1,0
image-no280-normal-_png.rf.2ca4dc93cda0fe6084fd14134775faba.jpg,train,0,1
image-no222-normal-_png.rf.2c952b58dfc04ceda92633bb1f16ca70.jpg,train,0,1
IMG0000660_jpg.rf.2cb374100a94b99b11165fb44bace61c.jpg,train,0,1
Picture10_jpg.rf.2c81d93b650c4c76d07b8c54d2d65048.jpg,train,0,1
IMG0000781_jpg.rf.2c9a16d9d110810db8b6e19c3f50c222.jpg,train,0,1
foot_9_2_png.rf.2cfcbe3e99ed473ac48a42e5703524cd.jpg,train,0,1
12_jpg.rf.2cfd8e49a496edf3cccc45bd86a42294.jpg,train,1,0
foot_43_png.rf.2ccf8e78da5b172d46b36d0289430b47.jpg,train,1,0
bone-cancer_valid_2_161_png.rf.2ce0ef6b594edb80534d0bfd31d3c289.jpg,train,1,0
bone-cancer_valid_385_png.rf.2ca5a2f1cbbe481d096fa230259b701b.jpg,train,1,0
pelvis_9_2_png.rf.2cdaa5ff593fd2cd5184763d6454917d.jpg,train,0,1
bone-cancer_valid_279_png.rf.2d287916c7ce3dd91f06268db31eec79.jpg,train,1,0
IMG0000785_jpg.rf.2cc34cc35b52ff323c602da460f5f6b1.jpg,train,0,1
bone-cancer_train_2_2016_png.rf.2d1d649aabcae2f97f45a34a08019dcb.jpg,train,1,0
bone-cancer_train_2_1736_png.rf.2d454e5ad6bcd2f2788c20dc1dd21b50.jpg,train,1,0
image-no557-normal-_png.rf.2cb354812db2f580a4bd1fa7afd6de25.jpg,train,0,1
IMG0000167_jpg.rf.2d234b754b7745705cfb1ff929c0aea4.jpg,train,0,1
tibia_osteosarcoma_12_PNG.rf.2d0ba7da7220b81a008e71dc2992c3cc.jpg,train,1,0
bone-cancer_valid_2_18_png.rf.2cfe6afbb64c2226d21c92f61819c652.jpg,train,1,0
bone-cancer_valid_2_155_png.rf.2d83f94fa70a2202f1d1fe6bb17156cf.jpg,train,1,0
IMG0000627_jpg.rf.2d4123304033eb0172afe71ac6f1e141.jpg,train,0,1
bone-cancer_valid_2_28_png.rf.2d868f211ebfb5f09af7f7c39afa1439.jpg,train,1,0
bone-cancer_train_2_2376_png.rf.2d4b6dfa4259f355c05febcc1dee7466.jpg,train,1,0
image-no665-normal-_png.rf.2dd20770bceb8a72b67b135249ece10b.jpg,train,0,1
image-no8-normal-_png.rf.2dd59158e54df788f9c371c819c2fd1f.jpg,train,0,1
IMG0000667_jpg.rf.2da1ba15dc4894b51c81594284318077.jpg,train,0,1
bone-cancer_train_2_1862_png.rf.2e27afa21b17fbf34deefb88d9508345.jpg,train,1,0
image-no181-normal-_png.rf.2e50a7e68eef83659a757a3fdaaac4f2.jpg,train,0,1
new3_jpg.rf.2da9ac12cb302af70983dc2adc495665.jpg,train,0,1
bone-cancer_train_2_629_png.rf.2e8307e16f5dd5a75b50eb5be65b7e4d.jpg,train,1,0
humerus_7_png.rf.2d9ed2139421a7d336dba3edeee49399.jpg,train,1,0
IMG0000694_jpg.rf.2e8395cfaa8037f52767b6827802fda3.jpg,train,0,1
bone-cancer_valid_243_png.rf.2db9dd3b07a04adc081fd0d0327421f0.jpg,train,1,0
IMG0000519_jpg.rf.2dcde138e87b6d1e9969a238747edb23.jpg,train,0,1
image-no220-normal-_png.rf.2e4bf6091fc09ebf7b2b8f381e29b36b.jpg,train,0,1
bone-cancer_valid_230_png.rf.2e4d6e956a28481b3e20374c104f7fa1.jpg,train,1,0
image-no312-normal-_png.rf.2e2738e90ade01e001bb7bcf91e4d370.jpg,train,0,1
humerus_17_png.rf.2e6a8918b04ce5aefa217ad00f2697c2.jpg,train,1,0
image-no525-normal-_png.rf.2de311826911d97f2fcb2a45efa3710f.jpg,train,0,1
bone-cancer_train_2_1819_png.rf.2e293bd3c47a47d67ca2aa548d95896d.jpg,train,1,0
IMG0000846_jpg.rf.2ea75484c1237176a1d751b9958ff4cd.jpg,train,0,1
IMG0000756_jpg.rf.2ea938fcb1a76b41e7d1cc29142aea69.jpg,train,0,1
IMG0000683_jpg.rf.2d8bd1fdfc59313400abe210e8362184.jpg,train,0,1
image-no175-normal-_png.rf.2df56d7b2c23e6b7ae4b33179b3be4c2.jpg,train,0,1
IMG0000588_jpg.rf.2f0eae94d935ae2f84ad5ba17d9eec5f.jpg,train,0,1
IMG_1008_JPG_jpg.rf.2ec5e15d3d7ff8f7c262f08cae69afb3.jpg,train,1,0
download-5-_png.rf.2f020d2f5f1de1a8ecb1cab3cb49464b.jpg,train,0,1
bone-cancer_train_2_1458_png.rf.2f042c637a2153d321a279fdfd889805.jpg,train,1,0
bone-cancer_train_2_1307_png.rf.2f4d85a7b8d85fce2d6a78fde6bb31be.jpg,train,1,0
IMG0000264_jpg.rf.2f08030660894af06a2463e957b87415.jpg,train,0,1
hand_13_1_png.rf.2ed07e9a0095711d8bc775a97baaa779.jpg,train,0,1
bone-cancer_valid_213_png.rf.2f60f493f8ef21c8240427be761ef2dd.jpg,train,1,0
IMG0000439_jpg.rf.2f1b9861d28fbb8335f3851ba253b1bf.jpg,train,0,1
bone-cancer_train_2_2463_png.rf.2ec330b642f4232b8f2247fab4bf2a2d.jpg,train,1,0
foot_1_1_png.rf.2f764bcd1c347d15584e9fcf2db8c209.jpg,train,0,1
image-no45-normal-_png.rf.2f847b567755585b0b61d39934b5c4b7.jpg,train,0,1
pelvis_metastasis_2_png.rf.2f066ad42114698b410008d58fc4b7b2.jpg,train,1,0
IMG0000782_jpg.rf.2f482b2fefe00fa5239c07306950cb9f.jpg,train,0,1
bone-cancer_train_2_898_png.rf.2f15e74b4f4e76304bbf12f64a79ff2d.jpg,train,1,0
femur_normal_29_PNG.rf.2f42b25f0a05fdab4d9578b8f7541e81.jpg,train,0,1
fibula_chondrosarcoma_14_PNG.rf.2ee2b285722b31d4459f2f9f1c0d82f2.jpg,train,1,0
fibula_ewing_24_png.rf.2f8b01f78f9983e1b270266005e56239.jpg,train,1,0
Normal-paediatric-axial_png.rf.2f9fadf11a66eeee46de0c961381fd86.jpg,train,0,1
femur_ewing_7_PNG.rf.2f89475a3d5de39e9bcd8bc5c9d1abb3.jpg,train,1,0
download-42-_png.rf.2f16429bf9f27491c5e28f2eb3fb75de.jpg,train,0,1
fibula_osteosarcoma_21_PNG.rf.2f750fba72c41c946fc4e91e0ea30fbd.jpg,train,1,0
image-no158-normal-_png.rf.2fa8757c095a3aaaaddaba2bf76538f0.jpg,train,0,1
IMG0000767_jpg.rf.2f940d612db70fe480c5ce1f807626e4.jpg,train,0,1
IMG0000694_jpg.rf.2fb42499bed3a53839a2b4cdfdcdffbf.jpg,train,0,1
bone-cancer_test_58_png.rf.2fb7f35f53ad5c69bcc6940a9039f8c0.jpg,train,1,0
69_JPG_jpg.rf.2febf9ae2d37b31dcdb28688248ae755.jpg,train,1,0
bone-cancer_train_2_2040_png.rf.2fb82cbeab86f0c4d9c0e40e6d499841.jpg,train,1,0
IMG0000886_jpg.rf.2f9f099a3b960b2bc4159b8f473ada3c.jpg,train,0,1
IMG0000382_jpg.rf.2fbb31b7c405270caa2132e3ff7236d4.jpg,train,0,1
tibia_other_8_PNG.rf.3006e155c2fc90078a1403934a80f84c.jpg,train,1,0
IMG0000382_jpg.rf.2fea9b80f7f92b9843be7578e7b473da.jpg,train,0,1
IMG0000890_jpg.rf.2ffc8de9133558385be4e7320067821e.jpg,train,0,1
bone-cancer_valid_231_png.rf.300b8378a434dca3ea57d965708f6640.jpg,train,1,0
IMG_8649_JPG_jpg.rf.2fcaeb10f4a074bf3d61e46744a94703.jpg,train,1,0
bone-cancer_valid_2_306_png.rf.2fc19dc00b60076df3e314ce62f0e3d0.jpg,train,1,0
foot_65_png.rf.3015d126350e5e8147e159adfea0b20b.jpg,train,1,0
22_JPG_jpg.rf.3011f5837c133048f7659da1673794c7.jpg,train,1,0
IMG0000772_jpg.rf.3036fdeea52292284d4b1afa44b45960.jpg,train,0,1
IMG0000813_jpg.rf.30348b9bd3e39168d326a7f39c7a5624.jpg,train,0,1
53_JPG_jpg.rf.2ff099376736b377f347abe4c501b5bb.jpg,train,1,0
bone-cancer_valid_2_413_png.rf.307176aab1a69e5bcf29de776bc849ce.jpg,train,1,0
IMG0000553_jpg.rf.30054cb65f79b3db1596dd73d067238d.jpg,train,0,1
forearm_9_1_png.rf.302bc467e05b3081a098f64196eb464c.jpg,train,0,1
download-16-_png.rf.305273e1cec076604bbb0d8e6ba213aa.jpg,train,0,1
ankle_12_3_png.rf.308158e3e64d1b7be8cca0a330275427.jpg,train,0,1
istockphoto-527631077-612x612_jpg.rf.30694f006580c2e7827c56213c2442df.jpg,train,0,1
IMG0000790_jpg.rf.30570753edd9c7caa5adca7bf76349ba.jpg,train,0,1
IMG0000686_jpg.rf.308cac1252cc14a233f8bfc96642d990.jpg,train,0,1
tf_10_2_png.rf.309582fa222e0c56bb04fcf96996957c.jpg,train,0,1
image-no305-normal-_png.rf.30973220fd2016d729d1edc1e2af3a33.jpg,train,0,1
IMG0000667_jpg.rf.311b2d8495c9e1eec66b0d4e93ff8904.jpg,train,0,1
hand_encondroma_14_png.rf.30acf09567c6b63a0c01a63d4647f07d.jpg,train,1,0
bone-cancer_valid_2_270_png.rf.30a7f923493dd1e3c10ef34e6f1a4ab7.jpg,train,1,0
IMG0000723_jpg.rf.30e813b21b22f89e53abd3703f1adc99.jpg,train,0,1
bone-cancer_train_2_736_png.rf.3136db36d3a42f3012ac9eeb5d874d97.jpg,train,1,0
bone-cancer_train_2_685_png.rf.30e38d73cd49404adcd13fd2c9469ddc.jpg,train,1,0
bone-cancer_train_2_643_png.rf.30af1f3fff41061869b8ba0a2f082278.jpg,train,1,0
bone-cancer_train_2_2107_png.rf.30d8d345db61a2b1c337dcf31067b66e.jpg,train,1,0
IMG0000508_jpg.rf.312763384174ba186f05617d779eb4e7.jpg,train,0,1
IMG0000823_jpg.rf.30f828bb31e3324cfeaad07f352f2a31.jpg,train,0,1
IMG0000562_jpg.rf.31195639767a589627c7c8c3ee8c843d.jpg,train,0,1
bone-cancer_valid_2_378_png.rf.30a98217793df1d596b1375352373e8e.jpg,train,1,0
download-14-_f_png.rf.312585e9a94873921d3d6bfa02c7de0a.jpg,train,0,1
bone-cancer_train_2_2352_png.rf.30d961bc6d7c5f358a235e06aa2e97c3.jpg,train,1,0
IMG_7603_JPG_jpg.rf.314bfbf3bb9453357cfb774355503199.jpg,train,1,0
IMG0000888_jpg.rf.314407d02ff12e2b1680005c40d86375.jpg,train,0,1
image-no589-normal-_png.rf.314e45c262c80e1c83dd2307c91b3448.jpg,train,0,1
IMG0000614_jpg.rf.31436ea21b87de5aea4e121b29e1002a.jpg,train,0,1
bone-cancer_train_2_1181_png.rf.31931f93d3dd60d3e029eed8809c5a93.jpg,train,1,0
IMG0000475_jpg.rf.3193f2c421112a8fad9c70b3f4daad69.jpg,train,0,1
IMG0000398_jpg.rf.31a04bcbf0fbee160cfeab191d8f0f09.jpg,train,0,1
pelvis_11_1_png.rf.31a9c3a0a8b0e420b515bc00a0505e43.jpg,train,0,1
femur_ewing_4_PNG.rf.31c33f85d0bd09a5907b3734cf5245e7.jpg,train,1,0
image-no740-normal-_png.rf.315b50d751d8e6e55749a4200b3b9b31.jpg,train,0,1
tibia_other_3_PNG.rf.324fdbb5a4214c17cdc85c83dfa8cc6c.jpg,train,1,0
IMG0000848_jpg.rf.31733c71f6fe4b70c9bc6abdd65716fa.jpg,train,0,1
IMG0000898_jpg.rf.31f5dcf8c131ce21cbf071259e688472.jpg,train,0,1
IMG_5797_JPG_jpg.rf.31cf1d97371d528d2f0db599d38f2a3e.jpg,train,1,0
bone-cancer_train_2_980_png.rf.31b2ba0ce419766c198cd3dd6f2dea1a.jpg,train,1,0
forearm_14_2_png.rf.31d1d1f8829e273be62ec36c4d9efa64.jpg,train,0,1
image-no183-normal-_png.rf.3211374e8d464d7d316eb4458130bf18.jpg,train,0,1
foot_12_1_png.rf.3206b6a1240e0daa9732458032b8958e.jpg,train,0,1
IMG0000734_jpg.rf.32160a407e9f47224df935301d706922.jpg,train,0,1
bone-cancer_train_2_1511_png.rf.321a6c4063d34664632b4c44c78289e3.jpg,train,1,0
forearm_6_2_png.rf.319dd17a0c202d81387c85d5d9f9e83b.jpg,train,0,1
IMG0000383_jpg.rf.31e1c87aad6b27d0c3ac0a10f45b7c9b.jpg,train,0,1
bone-cancer_train_2_2133_png.rf.3255d66936f9d90c1e41ca692b70c419.jpg,train,1,0
image-no326-normal-_png.rf.325582e69c694082a14d07f80f472d91.jpg,train,0,1
43_JPG_jpg.rf.3257757883c2afccc12888260cb1489b.jpg,train,1,0
IMG0000691_jpg.rf.334ca845aa00bce0155d832b612c9d59.jpg,train,0,1
IMG0000292_jpg.rf.32e1375feaebc54f7b667f76754fb6f9.jpg,train,0,1
IMG0000743_jpg.rf.3324183af3e08d3e43d66fff0f85606a.jpg,train,0,1
bone-cancer_train_2_2507_png.rf.328d45324b3778e2349bd97b2622d414.jpg,train,1,0
ulna_0thers_13_png.rf.32fa3aeec51b5a99836f96bf159ee049.jpg,train,1,0
hand_19_png.rf.335382e5daf67f956c3ac4762820721b.jpg,train,0,1
hand_5_1_png.rf.339540afe8a32c1b307cfc1cdaf00e13.jpg,train,0,1
bone-cancer_train_2_1028_png.rf.33be8736183159121f70fd74e8d4f49a.jpg,train,1,0
IMG_7431_JPG_jpg.rf.3347cc654822328be3af560a2a524ba8.jpg,train,1,0
bone-cancer_train_2_1207_png.rf.32aeca7f5b38cfd4eb5a58500656e051.jpg,train,1,0
IMG0000687_jpg.rf.33b5b91bbeb4da5247c34ab864183cc8.jpg,train,0,1
IMG0000813_jpg.rf.32e3edcc06d285bc4acc6f9d61296ca7.jpg,train,0,1
ankle_14_1_png.rf.33c1d508acd5133bf70f7038727faf16.jpg,train,0,1
bone-cancer_valid_2_426_png.rf.32d23f1ffc6af5fc5122302bbf1f76ad.jpg,train,1,0
image-no88-normal-_png.rf.33c4e24a7d20eddb278647199224c952.jpg,train,0,1
IMG_4270_JPG_jpg.rf.3272fad778b1883091d61d6341290d30.jpg,train,1,0
bone-cancer_train_2_1354_png.rf.332d7ffbbb343ef188c53e22a9594d33.jpg,train,1,0
IMG0000571_jpg.rf.32582961250292fda0442c7f72b86c85.jpg,train,0,1
image-no260-normal-_png.rf.33d7cf8b5bf99073fc8675cb117132aa.jpg,train,0,1
bone-cancer_train_2_1327_png.rf.32ed5533fc2c9d7e6a4397b5f8a41648.jpg,train,1,0
bone-cancer_train_2_1998_png.rf.3395564eebdf78ca0a9fa72b209e3fc2.jpg,train,1,0
image-no437-normal-_png.rf.339adeb5f3671b10c661454589dd758d.jpg,train,0,1
knee_14_1_png.rf.33f9f42f3e17fb00b30b2cac36c36c28.jpg,train,0,1
IMG0000349_jpg.rf.340476d9025a5a29ee7eef447181d221.jpg,train,0,1
IMG0000876_jpg.rf.3406ab08bad590bf37359ab3b47cbfa6.jpg,train,0,1
IMG0000685_jpg.rf.3411ae50cbe0342124719b054f7f0c81.jpg,train,0,1
bone-cancer_valid_62_png.rf.33ac939834981ac3d19723bd9097bdb3.jpg,train,1,0
bone-cancer_valid_81_png.rf.3408ed04c6d3c3815253c618764e5214.jpg,train,1,0
pelvis_metastasis_12_png.rf.3436b7b67b496bcd2fee7df63718ff04.jpg,train,1,0
image-no164-normal-_png.rf.3440355b274330bc5ce25d5982befc0f.jpg,train,0,1
bone-cancer_train_2_939_png.rf.345171de3fb515a284029d2e464cc8ad.jpg,train,1,0
IMG_8854_JPG_jpg.rf.34679094029368e98190ba0bfd3fbe31.jpg,train,1,0
63_JPG_jpg.rf.345f556f1885d59107910afb58b36299.jpg,train,1,0
IMG0000540_jpg.rf.3495670d3c70624bba528477367faca6.jpg,train,0,1
image-no523-normal-_png.rf.34777689f3868667fe6181777eae95c0.jpg,train,0,1
bone-cancer_valid_47_png.rf.34a9161bf112b43a3ef84c55bc037ffd.jpg,train,1,0
IMG0000356_jpg.rf.34a99da0bf10f6b4587d405270efe391.jpg,train,0,1
forearm_3_1_png.rf.348b945bb98c7d753267c41547a190e4.jpg,train,0,1
IMG0000772_jpg.rf.34b26f0af53ce321b120602a0a68402c.jpg,train,0,1
bone-cancer_train_2_994_png.rf.3462afbf20f803aee1c71361c8679c7e.jpg,train,1,0
bone-cancer_train_2_2180_png.rf.34714fc574a64e36178488e619558afd.jpg,train,1,0
Picture1_d-8-_jpg.rf.34aeffdb75587953c93411a5d516cdfb.jpg,train,0,1
image-no304-normal-_png.rf.34aef73853eed87fecb35480e690af97.jpg,train,0,1
image-no221-normal-_png.rf.34c2ab5fd12d585e5104a406da5b85e0.jpg,train,0,1
image-no463-normal-_png.rf.34c703f7615740d1996876dbb52f60dd.jpg,train,0,1
IMG0000835_jpg.rf.34c3af1e17ac0743ccaa1f53ebc6b742.jpg,train,0,1
bone-cancer_valid_216_png.rf.34cdcb9517e486c22724efe009368cb6.jpg,train,1,0
image-no668-normal-_png.rf.34b6dc6556dd62cba694a57632421f54.jpg,train,0,1
IMG0000734_jpg.rf.34d4b1f86db6402050987b1249756db2.jpg,train,0,1
IMG0000586_jpg.rf.34eaaed6db6676ab537d5f31bce74812.jpg,train,0,1
IMG0000674_jpg.rf.34cac8e8e4845c73b06895d1f2a25a9e.jpg,train,0,1
image-no738-normal-_png.rf.350a3b26f967fa607a13b81ad1560c75.jpg,train,0,1
hand_ewing_1_png.rf.34eb3ba86aa4fce1a532926c713aa00f.jpg,train,1,0
IMG_0214_jpg.rf.3500e73a6f621112e24a26cde501f1a9.jpg,train,1,0
image-no31-normal-_png.rf.352370eeb0e51a69d5335be79264b985.jpg,train,0,1
image-no346-normal-_png.rf.350950dafc44843cafc18cf67d833f67.jpg,train,0,1
bone-cancer_test_178_png.rf.350421cb2a89aafbc0b63260dd889608.jpg,train,1,0
148_JPG_jpg.rf.351b2e141424673ee5b7c376303d9601.jpg,train,1,0
femur_9_1_png.rf.352ea2caa14c36ae18bda893fcbdc6e3.jpg,train,0,1
IMG0000774_jpg.rf.3534d16631fad460b96d78f76aeca4f8.jpg,train,0,1
image-no669-normal-_png.rf.351acbe9d2c5c4b3ec625ea5e892b8e2.jpg,train,0,1
-60-_jpg.rf.3533b1005330945a0629f018dc2ee938.jpg,train,0,1
IMG0000465_jpg.rf.3567286f8d88ba4d4f9713ab7bcb4037.jpg,train,0,1
bone-cancer_train_2_1285_png.rf.3536f973ffe2cc41b1eff6c6a7969def.jpg,train,1,0
IMG_1709_JPG_jpg.rf.35549392922e56c091cc1790e7f1bece.jpg,train,1,0
IMG_0541_JPG_jpg.rf.3586b6d68d21ca2ef712ecafcd2b159d.jpg,train,1,0
image-no117-normal-_png.rf.359355ebecfa1b65a3e5e8a3bb700a47.jpg,train,0,1
cspine_7_1_png.rf.35996e04fba10552a622af1ab620f8bd.jpg,train,0,1
bone-cancer_train_2_1936_png.rf.35998336132c0917d92b8d7c7fde6278.jpg,train,1,0
bone-cancer_train_2_2238_png.rf.35bcd8bf871dbaf3faaaab9c93aa8d52.jpg,train,1,0
image-no156-normal-_png.rf.3593d5dfaff13a01ce8779c0da0ecb06.jpg,train,0,1
IMG0000897_jpg.rf.361caadfefa4805c74a1eae15c4ad8a9.jpg,train,0,1
bone-cancer_valid_2_370_png.rf.35fc16cb9ba8d43a0705695af9e30524.jpg,train,1,0
fibula_osteosarcoma_1_PNG.rf.3629ef719141912f9f39f862e9bdcab4.jpg,train,1,0
IMG0000694_jpg.rf.3611bc72194b3e8115ee25039412216b.jpg,train,0,1
bone-cancer_valid_2_209_png.rf.35fc4b36113ff415216ebd869f7299fb.jpg,train,1,0
123_JPG_jpg.rf.36401aacf6f5b5ab838077545f3774af.jpg,train,1,0
bone-cancer_valid_342_png.rf.3622e313f95748bc8cc5252c10573a8c.jpg,train,1,0
bone-cancer_valid_26_png.rf.36263c575cda1b1afa24cc6624e5eae0.jpg,train,1,0
bone-cancer_train_2_1859_png.rf.36641e9c859a28e715d778908f99a11d.jpg,train,1,0
IMG0000700_jpg.rf.367e7f71526e5faeabc0c78a0cc3b816.jpg,train,0,1
IMG0000349_jpg.rf.36659588e578509be6e110a3fdd37562.jpg,train,0,1
image-no457-normal-_png.rf.3668a5b76712e56eb39342f96ee6a039.jpg,train,0,1
image-no487-normal-_png.rf.368751934b119b20fc4a56618d206219.jpg,train,0,1
image-no263-normal-_png.rf.36895993decf6d714bd1cfa7e084b2e6.jpg,train,0,1
forearm_9_1_png.rf.366c3e1199835619866b56b4432fb63b.jpg,train,0,1
bone-cancer_valid_394_png.rf.368810a3f100b0d08929acd1f166df6a.jpg,train,1,0
IMG0000482_jpg.rf.36730bf89d2a7681f0a026e28f302cc6.jpg,train,0,1
IMG0000866_jpg.rf.3698e66f316326d91ab3ac68543e5940.jpg,train,0,1
IMG0000811_jpg.rf.36aa1e6c42048c94a2352456168ed555.jpg,train,0,1
image-no476-normal-_png.rf.36d95b2606c803c2714456052d9f0618.jpg,train,0,1
ankle_6_1_png.rf.36fcc00eddde254b230c70eb55fec41e.jpg,train,0,1
image-no595-normal-_png.rf.36cf8322ffa7e294faef00b07d2273c6.jpg,train,0,1
image-no574-normal-_png.rf.36e613953fa0a400e302740dd5b94fc4.jpg,train,0,1
hand_9_2_png.rf.372039b8c7ef1f2150d23a27a5c9a310.jpg,train,0,1
IMG_1804_JPG_jpg.rf.3736fe9ecdba476fa798ebc8a810e91d.jpg,train,1,0
image-no108-normal-_png.rf.374e2a5505085ea73ec0f35f98c7bbc2.jpg,train,0,1
138_JPG_jpg.rf.3708b18880f3b6502ebfbe2c7455cf04.jpg,train,1,0
fibula_metastasis_14_png.rf.373666135092f51e7f2dc7849c44a531.jpg,train,1,0
bone-cancer_valid_2_51_png.rf.3718f12dbfb09172c9b35629254f4eb4.jpg,train,1,0
ankle_2_1_png.rf.374583e155265db9cae06888a7df0585.jpg,train,0,1
IMG0000820_jpg.rf.371e0f8604f0feecc48c86e512b10cbe.jpg,train,0,1
IMG0000540_jpg.rf.37166b19ae9a07bfa83752806a19b179.jpg,train,0,1
IMG0000815_jpg.rf.37386fc9ec7bedf4206b66861ec0c8fe.jpg,train,0,1
download4_png.rf.3770954bac3dd8003a6addd8e6afa5fd.jpg,train,0,1
image-no361-normal-_png.rf.37653e48799e61ac87d68e1bde3e8945.jpg,train,0,1
chest_3_2_png.rf.377e2a162e777551954b0098d2af81f7.jpg,train,0,1
image-no490-normal-_png.rf.37722f201e22391d770b75e3a8c026c0.jpg,train,0,1
IMG0000637_jpg.rf.3793bc22747ef17c1ced982a384da887.jpg,train,0,1
IMG0000475_jpg.rf.37276580fe8e73dac7d7867bc85026ab.jpg,train,0,1
bone-cancer_valid_2_115_png.rf.379ef1b3addbbcfb18b4e3658fca2e6a.jpg,train,1,0
image-no140-normal-_png.rf.376c2e8e373bdca04680f456a6c1fbbb.jpg,train,0,1
bone-cancer_train_2_2519_png.rf.37b0733d7eb2d8f2ec740400f39def01.jpg,train,1,0
IMG0000774_jpg.rf.37d0ecb796325a31f8e85945c7fe409e.jpg,train,0,1
bone-cancer_train_2_1278_png.rf.379e11ee500bf99f006c3dfcab655437.jpg,train,1,0
bone-cancer_train_2_895_png.rf.37d21448df8be40c1986ca7a05f492e3.jpg,train,1,0
image-no233-normal-_png.rf.37d5056ed828c95d6e983375f0d4ef72.jpg,train,0,1
image-no92-normal-_png.rf.37e086287eacfaf78c521c31cd9c1eb8.jpg,train,0,1
humerus_45_png.rf.3804d1b8b050ebba1d2174d80b87fc63.jpg,train,1,0
bone-cancer_valid_244_png.rf.37dc1346e6fbd16f642c7378733a39b1.jpg,train,1,0
IMG0000500_jpg.rf.382be7be12daa9d7849762a7c568fca1.jpg,train,0,1
bone-cancer_valid_2_382_png.rf.38073aed6e6d5c192e071053b8af1703.jpg,train,1,0
pelvis_metastasis_8_png.rf.38350e9317b31fcb1de8a7a4ea56ab41.jpg,train,1,0
IMG0000816_jpg.rf.381a31387ae3cb79ef0002675dbcb8fe.jpg,train,0,1
bone-cancer_train_2_1157_png.rf.37f5a4286b50bdfaaa4d8b27eeb7a097.jpg,train,1,0
pelvis_9month_png.rf.37b871a2911ab78bf757cb4810100832.jpg,train,0,1
image-no602-normal-_png.rf.37d662677b0d807cef5e44e8a191fd3a.jpg,train,0,1
cervical-spine_25_png.rf.37eefc9684f660a541ee18139c423b40.jpg,train,1,0
24_JPG_jpg.rf.385466eaefb880387e495b1d91bb7ccf.jpg,train,1,0
IMG0000263_jpg.rf.3838714bb03b28b33948d043a222802c.jpg,train,0,1
bone-cancer_valid_218_png.rf.3834330f3f58a55d8ca8e940b7e4f80b.jpg,train,1,0
IMG0000862_jpg.rf.385d31d72893ab35696a9e7a21163917.jpg,train,0,1
image-no619-normal-_png.rf.38e41058da6c115e8ac154ec21a104be.jpg,train,0,1
image-no664-normal-_png.rf.38ccfe8fe1bd4907b3a9b65346fa5720.jpg,train,0,1
IMG0000399_jpg.rf.38b3cab40e1d46d40099d64280553cd1.jpg,train,0,1
bone-cancer_valid_198_png.rf.38f9b9162df43fc9ac0d3edb44b0f3f8.jpg,train,1,0
bone-cancer_train_2_150_png.rf.388759509ba0b24e7de6abe8cc7783d0.jpg,train,1,0
IMG0000756_jpg.rf.3860c6fa4c0d46555f110f89b4aeabd8.jpg,train,0,1
image-no376-normal-_png.rf.38995a181104e50db2fc7cebcd5df32a.jpg,train,0,1
image-no67-normal-_png.rf.3952d3dbd7e35b8d52d732a5b00c4a4c.jpg,train,0,1
bone-cancer_train_2_1254_png.rf.38c3ef966d24ef3f4e6f24fe28c1da52.jpg,train,1,0
bone-cancer_train_2_1310_png.rf.398573e350f4717df54d364c31837591.jpg,train,1,0
IMG0000772_jpg.rf.394b5e21d5d0c5d734fd15696969397c.jpg,train,0,1
bone-cancer_train_2_1978_png.rf.39339ba4c7c567fda3455246411a0a18.jpg,train,1,0
image-no392-normal-_png.rf.3955fbe790fd509a52a8beec0e962b42.jpg,train,0,1
bone-cancer_valid_392_png.rf.388fb9021c4f629788f367997eb23234.jpg,train,1,0
IMG0000539_jpg.rf.39085245e221364b85a4aa6b15faaaee.jpg,train,0,1
image-no358-normal-_png.rf.3957a36523a8aa3ddcf0113132abaf66.jpg,train,0,1
IMG0000882_jpg.rf.3932257e0cc67ca0ed204a46be6622c2.jpg,train,0,1
image-no261-normal-_png.rf.39567e4f5f04283495f5073bb6a7d17d.jpg,train,0,1
bone-cancer_valid_6_png.rf.3970797171d5972f5e1c902c17b5b959.jpg,train,1,0
IMG0000711_jpg.rf.398c73adc059c6988b9565ecc3e8309a.jpg,train,0,1
bone-cancer_valid_2_283_png.rf.39217d32abeedcb1d535868acbd8f7c6.jpg,train,1,0
117_JPG_jpg.rf.3999812db7b081da950f2440ece61f1e.jpg,train,1,0
image-no654-normal-_png.rf.39995b065bd792fbab23290fff4c7b09.jpg,train,0,1
IMG0000345_jpg.rf.39cbb28dd948254b705d25bb6a719b81.jpg,train,0,1
foot_3_2_png.rf.39b983b0be5a77810d28f9737750a982.jpg,train,0,1
download-30-_png.rf.39faff739720d2437d76155d2e8e3216.jpg,train,0,1
pelvis_osteosarcoma_6_png.rf.39de56c0183a63b6d1906ca457132594.jpg,train,1,0
IMG0000627_jpg.rf.39d53524c988415750229790de453be4.jpg,train,0,1
download-34-_png.rf.3a034f980808171079c944c3fc0e8528.jpg,train,0,1
pelvis_chield_png.rf.39b09812eb154b3d064b117ebfcb7792.jpg,train,0,1
image-no280-normal-_png.rf.3a1990779f473197b1a856f78fe007e5.jpg,train,0,1
download-11-_png.rf.39f65210b2c0fbbc08d0eeb9d8f8554b.jpg,train,0,1
IMG_7851_JPG_jpg.rf.39af498721e2b2a47d48dbd0f35b402f.jpg,train,1,0
image-no696-normal-_png.rf.3a48203a4e66319dc41ea0d3bd9220bb.jpg,train,0,1
fibula_metastasis_11_png.rf.3a26630adf16a9a9e04c22c4b3aec70a.jpg,train,1,0
elbow_5_2_png.rf.39c1044a675d8538467f3323b7a8fb44.jpg,train,0,1
IMG0000333_jpg.rf.3a43559e3c9f326e71a6a7f79e7efb7b.jpg,train,0,1
bone-cancer_valid_280_png.rf.3a3ec6dead8c9dd98790efd585b4e6f9.jpg,train,1,0
IMG0000840_jpg.rf.39f6bce1fc5e622b09aef509fca49387.jpg,train,0,1
IMG0000264_jpg.rf.3a5ee7e320246288d080d5b2936f9fc3.jpg,train,0,1
femur_normal_17_PNG.rf.3a487969f4260848b2566bb70315803c.jpg,train,0,1
fibula_chondrosarcoma_15_PNG.rf.3a68b6148027adaea66e120c4637383a.jpg,train,1,0
bone-cancer_train_2_2094_png.rf.3a8e0e98e93e375a80bea751061c78c3.jpg,train,1,0
bone-cancer_train_2_1233_png.rf.3a3b73b1ceb457a28ec448dec67561a9.jpg,train,1,0
elbow_2_2_png.rf.3a64b563ef23514093c7d8d9ddccefd1.jpg,train,0,1
bone-cancer_valid_258_png.rf.3a7e03c9594ee1bd6b2d3408152ccc67.jpg,train,1,0
IMG0000847_jpg.rf.3adc007426ed04c498a5e1d0ed4793d2.jpg,train,0,1
IMG0000694_jpg.rf.3a756f7e5cdd80307ded38533c998b1a.jpg,train,0,1
bone-cancer_valid_297_png.rf.3b2a0f3d6be858687c3f1681d05bb00d.jpg,train,1,0
image-no27-normal-_png.rf.3aa39ea2b26f6bb37983678e2935be5e.jpg,train,0,1
pelvis_metastasis_5_png.rf.3ab59b5631358ff20cda08c04c92cb18.jpg,train,1,0
ulna_0thers_10_png.rf.3aa80f55d5ca582de1bb0f81a80d1559.jpg,train,1,0
IMG0000494_jpg.rf.3ab4dbef176db66961dab00af2fe60f1.jpg,train,0,1
download-29-_png.rf.3ae456d9543c64f418176e235e5fea21.jpg,train,0,1
IMG0000828_jpg.rf.3ac5a1838f36c589bc570c2bea259218.jpg,train,0,1
femur_normal_19_PNG.rf.3b2019c950374e2d6bc147ee24754676.jpg,train,0,1
IMG0000701_jpg.rf.3aeaec67626179ff0c5b6c24b82fc5ca.jpg,train,0,1
IMG0000897_jpg.rf.3b658c0a528036f153e64a518d3b5692.jpg,train,0,1
cspine_20_1_png.rf.3b621ee55eedce7e5ba85d8b08004237.jpg,train,0,1
IMG_7517_JPG_jpg.rf.3b33d55031c84dc546cef842789ad69e.jpg,train,1,0
bone-cancer_test_26_png.rf.3b5e54ae9f88f7c6fe954f785b7b2d49.jpg,train,1,0
IMG0000665_jpg.rf.3b67601cc9147eaf3fb25f79b0bf841e.jpg,train,0,1
IMG0000510_jpg.rf.3b4d184785487dbddb00579d0a220722.jpg,train,0,1
bone-cancer_train_2_1218_png.rf.3aefa108a496841b5b70874dac64ec62.jpg,train,1,0
bone-cancer_valid_2_69_png.rf.3b67ae0184f60c782cad0d2573dfaa0d.jpg,train,1,0
bone-cancer_train_2_1883_png.rf.3b6832afb44f94e50c4dac6b5fdaafcd.jpg,train,1,0
IMG0000382_jpg.rf.3b6d55fbbebc5d3f5335b10c0be3d078.jpg,train,0,1
bone-cancer_valid_2_73_png.rf.3bf213d878c2329813ee4d8d9bf2a382.jpg,train,1,0
image-no350-normal-_png.rf.3b67d980ff3fcfc2014c1d1bc722c40c.jpg,train,0,1
IMG0000519_jpg.rf.3c03679874eec448c30fe8fe0f27747d.jpg,train,0,1
80_JPG_jpg.rf.3b79ce2c064021ed57257b55a4d1d4ef.jpg,train,1,0
bone-cancer_train_2_172_png.rf.3c5605ca87a21c4f5bea5b75f38433b9.jpg,train,1,0
bone-cancer_train_2_1792_png.rf.3bf49293f650eaa904509b1bca4243b5.jpg,train,1,0
IMG0000644_jpg.rf.3c5e6246fb786966bb5b0e3dd3822339.jpg,train,0,1
image-no718-normal-_png.rf.3c615e219aedc73ce7bdaabad13664d9.jpg,train,0,1
bone-cancer_valid_2_240_png.rf.3c4cde0327d170953a586599a1068f8a.jpg,train,1,0
bone-cancer_valid_2_141_png.rf.3c788ab005f391bad6a9bd1f96ecb7b7.jpg,train,1,0
hand_05_1_png.rf.3c317f0d1c8d53b63f170352b779ecb5.jpg,train,0,1
IMG0000689_jpg.rf.3c818de8b9f8c78ef37480607200dc97.jpg,train,0,1
image-no36-normal-_png.rf.3ba526a278267df5c3dd78a02f6761df.jpg,train,0,1
IMG0000629_jpg.rf.3c66f66f065b80d73c114e1e86848dc0.jpg,train,0,1
bone-cancer_valid_169_png.rf.3bcadb27a7dcd01c6c3eb36efdd66ce9.jpg,train,1,0
15_JPG_jpg.rf.3bb6404157a126573e21eb036856a1da.jpg,train,1,0
IMG_5330_JPG_jpg.rf.3bc618d0610a62fb0ef253ab5f39a662.jpg,train,1,0
41_JPG_jpg.rf.3c642250d6cb98f2141c37093e0b036d.jpg,train,1,0
bone-cancer_valid_2_47_png.rf.3c81d1d8e0af8fbbc771c9b2fc4e82e1.jpg,train,1,0
image-no440-normal-_png.rf.3c8696b9c087658f18f21ff2cc8fa2cb.jpg,train,0,1
foot_81_png.rf.3c8a8abf5e0fbb596ff9e617b3b1fcc1.jpg,train,1,0
IMG0000617_jpg.rf.3c8fbb8d4780917f00572dec24ce8a02.jpg,train,0,1
image-no306-normal-_png.rf.3bf270a0b318f6dcca352b2b4bf2c41f.jpg,train,0,1
bone-cancer_train_2_1247_png.rf.3ca31c7c89107d750748137ab13b05b3.jpg,train,1,0
Picture10_jpg.rf.3c9d980a3567bb668342c93a8b2c9bd0.jpg,train,0,1
Picture1_jpg.rf.3ced8d7cb2a2f18cd0f8511c5c3e2148.jpg,train,0,1
Picture9_jpg.rf.3cfeea87cf3366293c09a322e1ac026e.jpg,train,0,1
bone-cancer_train_2_255_png.rf.3cf4b55df3591a5341f5cfc1815b0766.jpg,train,1,0
bone-cancer_valid_180_png.rf.3d0001fd6bf783dcd31ef55622c57faa.jpg,train,1,0
bone-cancer_train_2_1257_png.rf.3c9c95f698a84fb5ab46a42143c7c2b5.jpg,train,1,0
image-no552-normal-_png.rf.3cd1b1aeb9f7c03d81a219f7915aa75d.jpg,train,0,1
IMG0000790_jpg.rf.3c904a41690c3a39f58b49301cc1e2b8.jpg,train,0,1
pelvis_3_1_png.rf.3d1a6c696e137dadb68890a418adb72b.jpg,train,0,1
foot_14_1_png.rf.3d33015950459a57613c2596124ef8f7.jpg,train,0,1
image-no46-normal-_png.rf.3d4140b0c84940c1b19fefc0e7713dab.jpg,train,0,1
foot_5_2_png.rf.3d3b18662d21b26dce3a7aa98eedbdcd.jpg,train,0,1
foot_8_1_png.rf.3c95197cb5d0512f9473f8e60cd8b9fc.jpg,train,0,1
IMG0000292_jpg.rf.3d3199345314074aeccd9285d0cdb42a.jpg,train,0,1
Scapula_1_4_png.rf.3d57bb5acc27a2b342b74f62ea87e5cd.jpg,train,0,1
IMG_5446_JPG_jpg.rf.3c938d492f03377b3d2de0b31a314617.jpg,train,1,0
tibia_ewing_11_png.rf.3d8b504c4d07ba8c3ca767014d0a6242.jpg,train,1,0
IMG_7986_JPG_jpg.rf.3d867b6e6e5b16edf835da04dfa951ac.jpg,train,1,0
IMG0000198_jpg.rf.3d9e3d3578f0970733a0d80a3c1ae833.jpg,train,0,1
IMG0000827_jpg.rf.3da510e8fd3e09eda5e27fcb24e63337.jpg,train,0,1
femur_metastasis_16_PNG.rf.3d905db04f768c6533c3c6c509c74922.jpg,train,1,0
bone-cancer_train_2_1486_png.rf.3dbade959358e30e10e9d490c98b383d.jpg,train,1,0
73_JPG_jpg.rf.3db5edac28bdee643c4bc9239dd29ce8.jpg,train,1,0
IMG0000115_jpg.rf.3dc20afbe42e3465140adb752a485ec6.jpg,train,0,1
bone-cancer_train_2_2515_png.rf.3da7300809002171b299171fd4ddf4cb.jpg,train,1,0
bone-cancer_train_2_2356_png.rf.3de4c5b5d5e8fd2bf99b0447e2b9ff24.jpg,train,1,0
bone-cancer_train_2_1837_png.rf.3dce5ab2b4d6c7ba09923b2e8e27f168.jpg,train,1,0
18_JPG_jpg.rf.3ddccaf764a95419c5d56cb944420900.jpg,train,1,0
IMG0000711_jpg.rf.3e1d3d99b4d8b270c82367ba166208b8.jpg,train,0,1
image-no239-normal-_png.rf.3e9070a33910edba6f1d7bc5005991fc.jpg,train,0,1
image-no81-normal-_png.rf.3e1c9b76768cdfe723c70d6f393457aa.jpg,train,0,1
IMG0000743_jpg.rf.3e73b1fd0b5c6b2218a7cfe4fa88aba7.jpg,train,0,1
IMG0000670_jpg.rf.3df722c1deb9975e824b3770698f616c.jpg,train,0,1
image-no317-normal-_png.rf.3e902c60b96ce2704d7fa02879a3013c.jpg,train,0,1
Picture11_jpg.rf.3e973defd8b2b14dcd9e268c79c43c57.jpg,train,0,1
foot_15_png.rf.3eae77cbbe7041e82deb7d76207c03a2.jpg,train,1,0
image-no663-normal-_png.rf.3e66cbaedb9031ab4156c27d40db2114.jpg,train,0,1
femur_15_1_png.rf.3ea7177018f2744446d5c958868f071a.jpg,train,0,1
ankle_11_2_png.rf.3da60d81f864286f04d7495989f0caba.jpg,train,0,1
IMG0000713_jpg.rf.3f2474469a960395a8b293b46babbff0.jpg,train,0,1
IMG0000511_jpg.rf.3edec9704da327206ead7489f1736d7a.jpg,train,0,1
image-no271-normal-_png.rf.3f2be5ebb31d8fbca1c79314af4d7d13.jpg,train,0,1
chest_3_2_png.rf.3f28f64581d72b7e8120fbad9d8972bb.jpg,train,0,1
IMG_1416_JPG_jpg.rf.3ed036d568976e89489d964fd76635b3.jpg,train,1,0
IMG0000899_jpg.rf.3e766183c8b586bb69ac1572c0c1edc1.jpg,train,0,1
IMG0000738_jpg.rf.3e6013b3e0cd39d045be8e1c17340049.jpg,train,0,1
IMG_0703_JPG_jpg.rf.3f2c6e1d5a815b74656156889a8098ac.jpg,train,1,0
IMG0000674_jpg.rf.3e7edc1234782865898d4118d4b181a1.jpg,train,0,1
image-no729-normal-_png.rf.3f3d46cffc9081f120ee6ba279e2cba0.jpg,train,0,1
image-no69-normal-_png.rf.3f54b5c938b384b75e8fde7b69e7b60f.jpg,train,0,1
bone-cancer_train_2_1274_png.rf.3f72f92accc6b19e4b118b7ef9f4811e.jpg,train,1,0
istockphoto-1813969986-612x612_jpg.rf.3f63dff25cc83dad1895e78115497c7a.jpg,train,0,1
image-no689-normal-_png.rf.3f73211a001edd916dc8fda3075b2b4a.jpg,train,0,1
foot_0_1_png.rf.3f5514743206ac6928873254f679ee44.jpg,train,0,1
bone-cancer_test_215_png.rf.3fb69ada372c8eaad22734e19103b096.jpg,train,1,0
Picture1_d-7-_jpg.rf.3ff60d92068f823339c8a777984eb59b.jpg,train,0,1
IMG0000672_jpg.rf.3ffef53b2d1538294d0d47b0a552e033.jpg,train,0,1
IMG0000201_jpg.rf.400fe9ed9cb8fa6c82d02e5d9e8f021a.jpg,train,0,1
femur_metastasis_5_PNG.rf.3fe1039d80a2629d9b2eca4a58c0adf0.jpg,train,1,0
bone-cancer_test_171_png.rf.3ff6ab941f0f3792d87923ea2fd3f823.jpg,train,1,0
image-no70-normal-_png.rf.3fb5c8b8b7ff6e69ea1e7da2e543dc73.jpg,train,0,1
femur_other_6_PNG.rf.3fe8bfc066a3e6018d721befe27d0833.jpg,train,1,0
bone-cancer_valid_2_407_png.rf.3fe3fa03a45392c12bc1b3b3db37bcbc.jpg,train,1,0
IMG0000511_jpg.rf.4042ab8f3c3f2bbf108132ad3c2fe149.jpg,train,0,1
193_JPG_jpg.rf.4048482795844fae4db439c8adeb8f48.jpg,train,1,0
istockphoto-490694395-612x612_jpg.rf.3fa2f43f580ebedbbcf479693c3351db.jpg,train,0,1
IMG0000754_jpg.rf.4075e819324a7b54fb80fbbecf03fafd.jpg,train,0,1
image-no460-normal-_png.rf.40144d01d6862a39b2f45ceccd1e0b13.jpg,train,0,1
bone-cancer_valid_2_13_png.rf.4044fb995c240505c586bea939994e5d.jpg,train,1,0
IMG0000785_jpg.rf.40802ca47628cb63043c190c94492113.jpg,train,0,1
image-no276-normal-_png.rf.401c5c70758dfe0e79a70af5cc5b1472.jpg,train,0,1
humerus_12_png.rf.408933c2443071e363f5fe12aab39628.jpg,train,1,0
No-evidence-of-an-avulsion-fracture-Joint-alignment-is-normal-No-abnormality-of-the-acromioclavicular-joint2-_png.rf.4058e9aa5b26c034de884ed19950f71c.jpg,train,0,1
bone-cancer_train_2_388_png.rf.406bbf9fec2514f3678494ae20383034.jpg,train,1,0
image-no647-normal-_png.rf.40926d4e760382800fe08c7c2da857f9.jpg,train,0,1
bone-cancer_valid_2_277_png.rf.40a3e61378f49ff815ed880dc213e365.jpg,train,1,0
IMG0000590_jpg.rf.409844f3558d1fd43dcd6b814bef9b49.jpg,train,0,1
IMG_4379_JPG_jpg.rf.40bd96f36b238968630555ff6ef5803b.jpg,train,1,0
bone-cancer_train_2_1468_png.rf.412bf4c335ed595e5d444397dd45e490.jpg,train,1,0
image-no324-normal-_png.rf.40e6d2094e262f27650ae7bd07eadebb.jpg,train,0,1
IMG0000522_jpg.rf.40dec497d5fec43ada43dbd64c58a79a.jpg,train,0,1
image-no539-normal-_png.rf.40c94495728d58465042a1c40cb6c9dc.jpg,train,0,1
foot_35_png.rf.4133bd01469c0de3c797e7e0d41dc87c.jpg,train,1,0
image-no504-normal-_png.rf.40e515f918a697cc4f6b08d691d80690.jpg,train,0,1
bone-cancer_valid_188_png.rf.414085f52a9ea6a6bf0f06c10bab01a6.jpg,train,1,0
bone-cancer_valid_2_273_png.rf.416055db1aa66ad1b38c2fcd424e093c.jpg,train,1,0
IMG0000398_jpg.rf.4121e2edb1c3206db7bd2a30df4872a2.jpg,train,0,1
bone-cancer_train_2_2355_png.rf.4131ed1162736921d823c54889807157.jpg,train,1,0
bone-cancer_train_2_479_png.rf.40e1c8425d81912d24a615a3cc67636d.jpg,train,1,0
bone-cancer_train_2_2144_png.rf.4177a60108eb007e1f71bffc92c2ae99.jpg,train,1,0
Normal-paediatric-axial2_png.rf.416f7a749e962801255843cf32244b3f.jpg,train,0,1
IMG_7602_JPG_jpg.rf.416008aaf804804c610608304afea4ec.jpg,train,1,0
IMG0000800_jpg.rf.414c79abcd0a61abc9da2ce9b52f325c.jpg,train,0,1
bone-cancer_train_2_1186_png.rf.415d8a9fc6483f500d3b8c113e701511.jpg,train,1,0
bone-cancer_valid_2_77_png.rf.418438b2f0f425da3b1feb5a295e787e.jpg,train,1,0
IMG0000587_jpg.rf.4185bc5d88fe6a53329ef6b5db29b2cf.jpg,train,0,1
IMG0000716_jpg.rf.4185bdaf1202576be4467d6cfb281901.jpg,train,0,1
femur_normal_8_PNG.rf.4185d17a126e70032cdd7c90552bbaf9.jpg,train,0,1
IMG0000891_jpg.rf.41ac5d2307dfe1683ceafb44f72fbb59.jpg,train,0,1
IMG0000333_jpg.rf.41adfe59132f38ef802c196d3782edf9.jpg,train,0,1
bone-cancer_train_2_725_png.rf.41b9834c35fa2f760061571699f6679e.jpg,train,1,0
IMG0000506_jpg.rf.41fdc8f59b93034cb16868f2b8909b74.jpg,train,0,1
bone-cancer_test_157_png.rf.41cc013d59b94d241e547847b6c339e2.jpg,train,1,0
IMG0000815_jpg.rf.41fbc8983546a25e499c660e9b72d194.jpg,train,0,1
fibula_ewing_5_png.rf.4211ac5fea6e77fa6f4eee1cb5dde7a1.jpg,train,1,0
foot_42_png.rf.41e473c4ada00849ce8e9fd4e87c601b.jpg,train,1,0
bone-cancer_valid_57_png.rf.42167d6e94b5260535d49927ccdd7612.jpg,train,1,0
38_JPG_jpg.rf.421743b703340d54f9724dac984d12e9.jpg,train,1,0
bone-cancer_train_2_1208_png.rf.4225885eb27d5818cab89f4b1f3629de.jpg,train,1,0
IMG0000500_jpg.rf.41febfb6ca35da00f52d0e237fb31af0.jpg,train,0,1
bone-cancer_valid_393_png.rf.41d4af662910826254b63a9e1ed0ba6a.jpg,train,1,0
bone-cancer_valid_116_png.rf.41dee899d02b35cdc0efb339a37fb168.jpg,train,1,0
hand_13_2_png.rf.4231e9e9705897557ba17c0d1030d64a.jpg,train,0,1
IMG_2220_JPG_jpg.rf.421946db96f7937399c89098f9946032.jpg,train,1,0
IMG0000437_jpg.rf.4260eea4375335c5df0744a23fd47b74.jpg,train,0,1
IMG0000674_jpg.rf.42606c4b9e6ae37913ac963c5b008c55.jpg,train,0,1
bone-cancer_train_2_909_png.rf.425bc24cbd37bdbbf8d187aa91c7c4ff.jpg,train,1,0
bone-cancer_train_2_2130_png.rf.426bdbae95aeda866036c79cc8c04a19.jpg,train,1,0
IMG0000658_jpg.rf.425bafd418b4ef2f1f91d2dabd856f82.jpg,train,0,1
hand_3_2_png.rf.428e2fb79352dca3422869701a3a7660.jpg,train,0,1
bone-cancer_train_2_98_png.rf.42a361b4fb5706152a8c19a2ba5a8bf6.jpg,train,1,0
bone-cancer_test_15_png.rf.429205e7f70adf4caf6201072dddd4f3.jpg,train,1,0
fibula_osteosarcoma_8_PNG.rf.425a2b28ec93aa294156a6d5396bc305.jpg,train,1,0
IMG0000179_jpg.rf.42a9f2666d6e8f8f8d8f38c96e8a7577.jpg,train,0,1
IMG_8330_JPG_jpg.rf.42b09ed5ebda6847122522038e7f000b.jpg,train,1,0
image-no212-normal-_png.rf.42b029fa7e077cb2be6af033a4dd8211.jpg,train,0,1
IMG0000637_jpg.rf.42bfbf98093e85cadafe6f4ffb538c20.jpg,train,0,1
IMG0000292_jpg.rf.42d48af34e59be272e162424e95ee141.jpg,train,0,1
bone-cancer_valid_222_png.rf.42f19346787418bd9c99039d5e843e8b.jpg,train,1,0
image-no423-normal-_png.rf.42f36c0b6c90ce910d336430f06679bf.jpg,train,0,1
image-no210-normal-_png.rf.431933d0b64bd84e3f89b6d8911c943e.jpg,train,0,1
bone-cancer_valid_2_142_png.rf.437a7c1d5be30a8dafe7f75061ead5c4.jpg,train,1,0
hand_1_1_png.rf.42c37de9dc286002176e14b3c39f943e.jpg,train,0,1
IMG0000823_jpg.rf.430954d2700a13d42dd6cc270a1a077c.jpg,train,0,1
Oblique-view-of-cervical-spine_r_png.rf.432733b3eca4cb3c0862b76c0248ffb1.jpg,train,0,1
femur_metastasis_14_PNG.rf.4329820efbeab6c9665d8c32c21a3b79.jpg,train,1,0
bone-cancer_train_2_749_png.rf.42fd7d708fec800a94ab6dfe8b7a4039.jpg,train,1,0
bone-cancer_train_2_1007_png.rf.42f88d4b75d0bd9a383dff95003c1904.jpg,train,1,0
IMG0000722_jpg.rf.4344ade145d0f2141901e1072c7acf5a.jpg,train,0,1
bone-cancer_train_2_2280_png.rf.437a24948cacbeec911a9a4411dae58b.jpg,train,1,0
forearm_2_1_png.rf.438a2d14efc22d0407c035b7d674d91b.jpg,train,0,1
forearm_9_2_png.rf.437d7034556226b5894f6711762bce50.jpg,train,0,1
image-no180-normal-_png.rf.437cc834786f3bf40e8766d3b2847a7c.jpg,train,0,1
bone-cancer_valid_2_44_png.rf.439cf8874af008bc448b0322c89a42ca.jpg,train,1,0
203_JPG_jpg.rf.435fd7c4179042f58454124982feee1a.jpg,train,1,0
IMG0000611_jpg.rf.439f96d867a8dcea44df0efcc323f7be.jpg,train,0,1
bone-cancer_train_2_1779_png.rf.43cfc2b46a22186d91a7e15c4a1932b0.jpg,train,1,0
image-no498-normal-_png.rf.43a2e2e63834d3d6a3227f034a228711.jpg,train,0,1
IMG0000585_jpg.rf.43bd02283d1761325812aefc8b1d024c.jpg,train,0,1
femur_normal_27_PNG.rf.43b005ed16011e585ccc53cd227b086d.jpg,train,0,1
IMG0000766_jpg.rf.442e5f366213582442dd2f7d721504a8.jpg,train,0,1
bone-cancer_train_2_278_png.rf.440a45716c87b4fae797080f6b1b8436.jpg,train,1,0
cervical-spine_21_png.rf.441415dba85eb09efb3a7c8e2346e612.jpg,train,1,0
IMG0000814_jpg.rf.43eee5835a876796d87d9e226d4c4f41.jpg,train,0,1
IMG0000839_jpg.rf.441daa5422f2783f85c478659c03695b.jpg,train,0,1
IMG0000711_jpg.rf.4433f0a312e66b06fcaa19f5698cdc62.jpg,train,0,1
bone-cancer_train_2_366_png.rf.43b906b9f78134e8eae35de7641bc84e.jpg,train,1,0
bone-cancer_train_2_1444_png.rf.442f21278cadb1bf0d83d224d1e3c630.jpg,train,1,0
image-no636-normal-_png.rf.440be1a7571305cfe5e61f5955a3bfd0.jpg,train,0,1
IMG0000709_jpg.rf.4432bfe0ff58b96873bba4ab95f02ebd.jpg,train,0,1
image-no529-normal-_png.rf.442ff7cde80432ebbb0ea1d5a4eef3aa.jpg,train,0,1
97_JPG_jpg.rf.447b88f5a62d9c574c792203307c6bac.jpg,train,1,0
bone-cancer_valid_388_png.rf.4470074ac7b9991a002653820de9522a.jpg,train,1,0
-63-_jpg.rf.448db0424a5031a41855196b87039494.jpg,train,0,1
download-5-_png.rf.44096520fd12a806eaa2f8206d93410b.jpg,train,0,1
hand_1_2_png.rf.447257fd329b6626bcd5851f2aa8528d.jpg,train,0,1
hand_51_png.rf.446d6778dae2e09013ab721032e9d3a8.jpg,train,0,1
31_JPG_jpg.rf.4486abb3242ef0845e5f7440bfbc3288.jpg,train,1,0
chest_female_30_png.rf.442b2da2d42080b2d20fe379ec96f0de.jpg,train,0,1
image-no172-normal-_png.rf.44707f4db4d7761bcd67596e4e044761.jpg,train,0,1
foot_5_1_png.rf.44bd7c27d37fa2bc5b9338a7da44fc09.jpg,train,0,1
bone-cancer_train_2_1739_png.rf.44f562b68b2aa771f4072823283ff385.jpg,train,1,0
bone-cancer_train_2_2435_png.rf.4492d69f48b67c812a20b65ae866799a.jpg,train,1,0
bone-cancer_train_2_1525_png.rf.44a49f8761945319877c11061a85c7d8.jpg,train,1,0
bone-cancer_train_2_2266_png.rf.454ec792092c38445e8978f58fea4ebc.jpg,train,1,0
bone-cancer_train_2_768_png.rf.456b1222f28e1173128015b09a147afd.jpg,train,1,0
image-no674-normal-_png.rf.44fabb8821440d3db02bf83ec5b37220.jpg,train,0,1
bone-cancer_valid_2_247_png.rf.44d8efc27533e8ef67b705e54097e537.jpg,train,1,0
IMG0000775_jpg.rf.455dd3160ff39cf970d1a80d95300f91.jpg,train,0,1
bone-cancer_train_2_1966_png.rf.44c227d979d0a0d8744414d45391d402.jpg,train,1,0
IMG_0091_jpg.rf.4539c181f3b7f8a2b32b532fbec9373e.jpg,train,1,0
IMG0000770_jpg.rf.44c30436ef930950b79e9e7d02c8d396.jpg,train,0,1
IMG0000531_jpg.rf.45750a29dfd6a76d8052e40cb0e56738.jpg,train,0,1
IMG0000592_jpg.rf.45379d50a4f4a96b6917a197c489723c.jpg,train,0,1
bone-cancer_train_2_1680_png.rf.45638439b4b3aafc5601cd0a1c0cfa0e.jpg,train,1,0
foot_67_png.rf.452eb255f2c9f85d6f8c1f4976698d2d.jpg,train,1,0
-42-_jpg.rf.449a8e6271c1348b3810e98e15d1d343.jpg,train,0,1
IMG0000706_jpg.rf.450a32f2991c72049df0c7a0e5f685b5.jpg,train,0,1
IMG0000716_jpg.rf.457dcb0b06a052e3a72ae5b947b8713e.jpg,train,0,1
IMG0000709_jpg.rf.458977f1360a3a0e462284b8368f21c6.jpg,train,0,1
bone-cancer_valid_402_png.rf.45ee1696122cc91994daa34bbabf41da.jpg,train,1,0
IMG0000874_jpg.rf.458b66f58df89d5e29ef38a071905233.jpg,train,0,1
image-no383-normal-_png.rf.45f56eb1ffe0ae7c77f3089b2b7216e6.jpg,train,0,1
image-no351-normal-_png.rf.45fc64687ed4a58b532a6d2afc7f3eec.jpg,train,0,1
bone-cancer_train_2_575_png.rf.45bc3c7b2b7a64ed6884dc954ab60a02.jpg,train,1,0
bone-cancer_test_75_png.rf.46241f1170abe51066744ff78910baf7.jpg,train,1,0
bone-cancer_train_2_1685_png.rf.4610ade74e915c0084b301c62f5f2573.jpg,train,1,0
bone-cancer_valid_2_387_png.rf.461b4de98034cb0eb39fb093c0757e8d.jpg,train,1,0
image-no425-normal-_png.rf.45d6e60f023b1b08fd2bca2769561d60.jpg,train,0,1
humerus_4_1_png.rf.463cccfa09e6db836ee5b51a807220ba.jpg,train,0,1
bone-cancer_train_2_2294_png.rf.4607fd121fab67702b83b9adcb4103a7.jpg,train,1,0
knee_15_2_png.rf.4608310f84c8515ead44012b41898566.jpg,train,0,1
foot_54_png.rf.45e88f1c28da3783aaa19095d061404d.jpg,train,1,0
bone-cancer_train_2_1649_png.rf.46143953978440e47b76d60f17acf4a3.jpg,train,1,0
cspine_7_1_png.rf.45c7b10ef110b60d1b91589a9886b88a.jpg,train,0,1
IMG0000427_jpg.rf.464440dbd8fdaa288d1bfd4393625b26.jpg,train,0,1
bone-cancer_train_2_1830_png.rf.462bd10a6bc7f59873b76679d177972e.jpg,train,1,0
204_JPG_jpg.rf.4631b405e60449d7af34465ca69a7577.jpg,train,1,0
bone-cancer_train_2_758_png.rf.4634ec1ea7e24bee4dda1931434295bc.jpg,train,1,0
bone-cancer_train_2_1532_png.rf.45a7d4584bd4140907d6e5e965bc5541.jpg,train,1,0
image-no48-normal-_png.rf.46159b0131d4ce8751baf00fce67c52b.jpg,train,0,1
IMG0000818_jpg.rf.4608fc82d89b6652c78143cc82eaaf5e.jpg,train,0,1
image-no323-normal-_png.rf.466526c5fbd6344813f715434256fb92.jpg,train,0,1
image-no299-normal-_png.rf.466461d968bc4789a1cfb2ffa0408e2d.jpg,train,0,1
IMG0000876_jpg.rf.4658a487e2e3abe5c1c34a89ba8a287f.jpg,train,0,1
IMG0000700_jpg.rf.465848c23cd91378d4bd247f1f537387.jpg,train,0,1
IMG0000765_jpg.rf.46aca152e392dc08e4743dc0c24fea52.jpg,train,0,1
bone-cancer_train_2_22_png.rf.46787594a73bb8dd89364a491fc5a87a.jpg,train,1,0
bone-cancer_test_13_png.rf.46769be80cbffc5936aef44ebb81259a.jpg,train,1,0
IMG0000620_jpg.rf.46aaf406fca9641e558aa36cde6bc726.jpg,train,0,1
bone-cancer_train_2_861_png.rf.46776248e04b4321f0000cc4a904155e.jpg,train,1,0
new2_png.rf.468d127506fa559b069bad2a8cec7d30.jpg,train,0,1
bone-cancer_train_2_1910_png.rf.4708ff639d6031a8d427a5969887b1b5.jpg,train,1,0
IMG0000398_jpg.rf.46e0fbfa4efb2f25e027834263060f65.jpg,train,0,1
IMG0000329_jpg.rf.4677f578670fdbd42ef8f2d7846f69ea.jpg,train,0,1
bone-cancer_train_2_1850_png.rf.46c7afed90432805d6e85f4d9133d483.jpg,train,1,0
bone-cancer_train_2_201_png.rf.46e872071533db86d9101ddd64b464b6.jpg,train,1,0
hand_osteosarcoma_12_png.rf.46ca97b68ac4875ab3043b9e14f46a43.jpg,train,1,0
IMG0000345_jpg.rf.46f55aa8be4789bb20b582bc9b07ebdc.jpg,train,0,1
tf_10_1_png.rf.471844834996f6fd16ffc48d3c5be67b.jpg,train,0,1
IMG0000494_jpg.rf.46ffc5503820b1516d7ac18af400d4b9.jpg,train,0,1
IMG0000290_jpg.rf.4717934a555ea5375ec3bd20400fe503.jpg,train,0,1
bone-cancer_train_2_927_png.rf.471865a4a6397c611f8a271925c185cc.jpg,train,1,0
bone-cancer_train_2_1474_png.rf.46b9f389628327b9d29485b07d9c60d1.jpg,train,1,0
bone-cancer_valid_45_png.rf.4742b2f3565d6a36ebab40acf2351510.jpg,train,1,0
bone-cancer_train_2_1509_png.rf.47898610751ec272b2145990547e5e06.jpg,train,1,0
IMG0000828_jpg.rf.479a436ea3a83d1edb4d2118fb654add.jpg,train,0,1
image-no514-normal-_png.rf.47a86049fd7dd057a0f8df96e3b2232c.jpg,train,0,1
bone-cancer_valid_2_291_png.rf.47de473431972a2ab8cab9ed559023e6.jpg,train,1,0
bone-cancer_train_2_312_png.rf.474be57123935e3bb089c9a21c0a6b8d.jpg,train,1,0
Forearm_25_1_male_png.rf.47463b0d39957d75a05730b9094cb6f6.jpg,train,0,1
IMG0000886_jpg.rf.47f5e53e37fe78ae89438b9d3de1e580.jpg,train,0,1
femur_11_1_png.rf.47b6f5afcae291ec55896eaa5a79efe2.jpg,train,0,1
image-no333-normal-_png.rf.47f20cb98835cec15a55199050391521.jpg,train,0,1
download-15-_png.rf.47bc0700495cf4edf53eb9b5abde9c1b.jpg,train,0,1
IMG0000644_jpg.rf.47c829c857d894d7f4b3e1b33357069f.jpg,train,0,1
IMG0000633_jpg.rf.481bb6fe6dd4239db0903e4bd60b65b0.jpg,train,0,1
IMG0000346_jpg.rf.48191387e92026066534b7cafe63f53d.jpg,train,0,1
femur_15_2_png.rf.47d3c1cf8cbeb91de89e5e7531152555.jpg,train,0,1
image-no286-normal-_png.rf.47f0d04549c3b542339345e5bb9605e6.jpg,train,0,1
IMG0000399_jpg.rf.4807c2b849d69c20fb1937cf94211e92.jpg,train,0,1
IMG0000767_jpg.rf.47b1b37a7dc0e73f20ea54c63aeccd5b.jpg,train,0,1
bone-cancer_train_2_1169_png.rf.47907c71feb9fb6501c778d3d081d078.jpg,train,1,0
IMG0000753_jpg.rf.484577584a5b70e72c44226f542bc605.jpg,train,0,1
bone-cancer_valid_2_100_png.rf.485acb48772de18161045a3be4c40da2.jpg,train,1,0
cspine_11_1_png.rf.48889de3c6ebd9e6565cbc16f3200987.jpg,train,0,1
Picture1_d-6-_jpg.rf.484411c4147b88845498d59107d92725.jpg,train,0,1
image-no126-normal-_png.rf.48385301c6e95f9bafd9b4ffc96cce84.jpg,train,0,1
image-no226-normal-_png.rf.48cd10c38704b9898be4966ce0d7b47e.jpg,train,0,1
115_JPG_jpg.rf.48c1be54b136a5ca9ae883df5f4ee7b7.jpg,train,1,0
bone-cancer_train_2_315_png.rf.489f75a535a39b120644bbceaee7701c.jpg,train,1,0
bone-cancer_train_2_1957_png.rf.4856e58d9e2e960e84e728abed7d614a.jpg,train,1,0
IMG0000690_jpg.rf.48b080cc9f623d5809fb6419c6f5ec2c.jpg,train,0,1
foot_15_3_png.rf.48d11c619b8c75ddac2fd80c1cabc7fb.jpg,train,0,1
IMG0000756_jpg.rf.48b9e7091a070df2c77301248fc8690e.jpg,train,0,1
bone-cancer_valid_2_289_png.rf.49102184273e4ade95a326ab3534386a.jpg,train,1,0
IMG0000740_jpg.rf.493e59c56d9196d43115aa422f352201.jpg,train,0,1
bone-cancer_train_2_2037_png.rf.4853e483dbad31e138f7b06cfbc4dfa0.jpg,train,1,0
bone-cancer_valid_2_238_png.rf.486e8cdd9583e163c5912fd340bfae14.jpg,train,1,0
pelvis_55_female_1_png.rf.49182ed6253533bfd0c0f4077c5f3507.jpg,train,0,1
image-no360-normal-_png.rf.49375bff9afb529bba88e7121069a19d.jpg,train,0,1
-61-1_jpg.rf.491b4fe71c015563c347f2446f455b31.jpg,train,0,1
bone-cancer_train_2_1664_png.rf.48cea9f2af6d58b3c509ce66f87393f8.jpg,train,1,0
tibia_metastasis_21_PNG.rf.494ae7715d4b57974293f4c783463500.jpg,train,1,0
image-no270-normal-_png.rf.4951d7b01c3e38d43b0695e15931f8a2.jpg,train,0,1
tibia_ewing_2_PNG.rf.498c09dbed3271cfbd4912222b3af4bc.jpg,train,1,0
IMG0000782_jpg.rf.496bd8391abb5213352c5b32c059e9eb.jpg,train,0,1
IMG0000890_jpg.rf.49539eb17f4ba4657e5566b01a109504.jpg,train,0,1
IMG0000201_jpg.rf.497391cf1cdd5bb30dd4788376777c35.jpg,train,0,1
bone-cancer_valid_163_png.rf.498d9d3ca2a1edb8d9a9674e55b803e5.jpg,train,1,0
IMG0000734_jpg.rf.49a5ce5ec53965775ab1cb8d7158141b.jpg,train,0,1
istockphoto-496618011-612x612_jpg.rf.49a567d7065268da5a9eeba614750deb.jpg,train,0,1
IMG0000701_jpg.rf.49ec3b738491b797139bdf3606548668.jpg,train,0,1
IMG0000855_jpg.rf.49bc77d68af185663fd266794342d2b9.jpg,train,0,1
IMG0000448_jpg.rf.49d8c609f8a7f25b2b1c742b855745b7.jpg,train,0,1
image-no612-normal-_png.rf.49746da5f09dbed41359bf22baae91e1.jpg,train,0,1
IMG0000856_jpg.rf.49abbbf471fd035661507af009fd8865.jpg,train,0,1
bone-cancer_valid_2_244_png.rf.49ab4af89eadf4e210ff90326b7d9f9c.jpg,train,1,0
bone-cancer_train_2_1949_png.rf.49df6fbee1382e244c6e6e6a407c4177.jpg,train,1,0
forearm_10_2_png.rf.49a2ed60613f57d7c2ec7b9439dce63e.jpg,train,0,1
IMG0000709_jpg.rf.49e6d08b33bf6f79bf639b51d4ae464f.jpg,train,0,1
ankle_10_1_png.rf.4a05c81b1c0ec60913fdd67d0a17fb20.jpg,train,0,1
IMG0000626_jpg.rf.4a22312de01f2e21547df84dde99662e.jpg,train,0,1
hand_metastasis_1_png.rf.4a075a5502dee3ed3527fb22245e9b64.jpg,train,1,0
image-no485-normal-_png.rf.4a31f94ce6702812d25dc2bcb810bb64.jpg,train,0,1
bone-cancer_valid_2_430_png.rf.4a50410acf4ee0447951849f4d69c47d.jpg,train,1,0
bone-cancer_test_207_png.rf.4a45acfcc8738dca1b73570ad97f1b13.jpg,train,1,0
bone-cancer_train_2_2409_png.rf.4a680853e906fcb4866c185dbf1d6216.jpg,train,1,0
IMG0000706_jpg.rf.4a862e3d3670e9bc287e849c5320940a.jpg,train,0,1
image-no311-normal-_png.rf.4a8c95d656398cad1d0121cb6aad1c19.jpg,train,0,1
image-no168-normal-_png.rf.4a0fa372639c54f97cfbff80e1769895.jpg,train,0,1
IMG0000508_jpg.rf.4aa6a6dd0ff18fea727ffb493571c634.jpg,train,0,1
bone-cancer_train_2_442_png.rf.4a79beb28b9005e3693c5b6cb20b8003.jpg,train,1,0
IMG_8853_JPG_jpg.rf.4ad5d836dec4f12f0996d10677941abc.jpg,train,1,0
bone-cancer_train_2_2478_png.rf.4a4192d28aff4f118fb8869c5d67cb92.jpg,train,1,0
bone-cancer_train_2_1211_png.rf.4ab8a77746be0436849d6dc69083793d.jpg,train,1,0
bone-cancer_train_2_386_png.rf.4aca7d152dde6823c9c1f861a1a23890.jpg,train,1,0
IMG0000683_jpg.rf.4a6a6e39722b3bfa3577bf15e17a4764.jpg,train,0,1
bone-cancer_train_2_2500_png.rf.4ac65a4b85d0b03292588b55a5f90217.jpg,train,1,0
image-no85-normal-_png.rf.4ab0d924205aac6d2726ac17104608de.jpg,train,0,1
bone-cancer_train_2_1889_png.rf.4acb3f5de64b1b3dad0803fc2e1aa35b.jpg,train,1,0
bone-cancer_valid_2_17_png.rf.4a4ea6b1a0ac15c260f2cde1339bc60a.jpg,train,1,0
istockphoto-509684193-612x612_jpg.rf.4ae2655673c819035158db2fc301ac79.jpg,train,0,1
image-no378-normal-_png.rf.4af3d52110f67e61eb0100e15b5daf24.jpg,train,0,1
IMG0000674_jpg.rf.4afc014a6261ac381458d1a93c472b57.jpg,train,0,1
chest_60_female_png.rf.4af76ab8863b92d8c02c92834f22662c.jpg,train,0,1
tf_15_2_png.rf.4adea8e5c81456af9f81e1386f74f813.jpg,train,0,1
IMG0000620_jpg.rf.4aec6f2ec353f35b955ba94f312520f2.jpg,train,0,1
bone-cancer_train_2_277_png.rf.4b04dab7112f0db3ad3780a019559e8e.jpg,train,1,0
IMG0000863_jpg.rf.4b07954278c1c0c6573b2cec85fff403.jpg,train,0,1
bone-cancer_valid_2_63_png.rf.4afc9ffddb97d9f99b7a1a5a9d9b3fb6.jpg,train,1,0
bone-cancer_valid_2_312_png.rf.4b1a384dbfe1bdaadb4a01f3bbf011c2.jpg,train,1,0
IMG0000586_jpg.rf.4b3176350aa5445be13d7333c082cc16.jpg,train,0,1
IMG_3316_JPG_jpg.rf.4b8a9263afb928727fe48c44fc5f30f5.jpg,train,1,0
femure_chondrosarcoma_8_PNG.rf.4b74f9530599764ad20e16e4acd2884d.jpg,train,1,0
IMG_0819_JPG_jpg.rf.4b75e4fe48b0d9d1ab3a136247496b23.jpg,train,1,0
bone-cancer_train_2_1295_png.rf.4b2cf2bd465c706974613a6578c2f613.jpg,train,1,0
bone-cancer_train_2_675_png.rf.4b2234ec69d525aea736b59f59d8c276.jpg,train,1,0
bone-cancer_valid_2_364_png.rf.4b8f64a86239be52def1fbcff129a75e.jpg,train,1,0
pelvis_metastasis_14_png.rf.4b67fa1527bd5b16dfc794d2bd641464.jpg,train,1,0
IMG0000741_jpg.rf.4b9233ccb60b4fe0282c4f91e2c77f03.jpg,train,0,1
image-no76-normal-_png.rf.4be4acb63f60ea852d13f96925d3108b.jpg,train,0,1
IMG0000428_jpg.rf.4b6d7e1cffa6c91057195abcff56595f.jpg,train,0,1
bone-cancer_valid_2_366_png.rf.4bd054d0922fefe36c8d570824eeb90d.jpg,train,1,0
bone-cancer_train_2_299_png.rf.4c037475fc27b53fd1101e281d6179fa.jpg,train,1,0
chest_11_1_png.rf.4bbbfa94aff065f4301ca1cb8d65811f.jpg,train,0,1
IMG0000403_jpg.rf.4b87bb477158442444633797208da145.jpg,train,0,1
bone-cancer_train_2_1095_png.rf.4bacf776d64f363f8ee25c150ef4d68f.jpg,train,1,0
IMG0000508_jpg.rf.4bf43e7ee1476c15e96587b3bd96c963.jpg,train,0,1
bone-cancer_train_2_2263_png.rf.4b930f15248eb68009255b4cf81a262e.jpg,train,1,0
IMG0000772_jpg.rf.4bd5397581380ece742dbfd3b739dc79.jpg,train,0,1
hand_encondroma_9_png.rf.4bd6e31292db799d7b1c62604f8c460e.jpg,train,1,0
IMG0000519_jpg.rf.4c1893b0ed593d08e3c4bdf422be4233.jpg,train,0,1
16_JPG_jpg.rf.4c07171addb2ecafd4f8b97aebd83f81.jpg,train,1,0
IMG0000201_jpg.rf.4c05f9996f38d2853c2cfa79cbbeaa5a.jpg,train,0,1
bone-cancer_valid_2_1_png.rf.4c6de3df447243458d1b94e448e78eac.jpg,train,1,0
Oblique-view-of-cervical-spine_png.rf.4c569bd1ea42d41d91f546484e58be8a.jpg,train,0,1
bone-cancer_train_2_1408_png.rf.4c27042f5386df189f0fb0c0b45f5062.jpg,train,1,0
IMG0000290_jpg.rf.4c0759d0944c87c8dce1625b7c96c3c4.jpg,train,0,1
IMG0000847_jpg.rf.4c5c0bde1ea40de25c8f2adae51d4f87.jpg,train,0,1
bone-cancer_train_2_454_png.rf.4c6fad5a8f7cb66b65c1c4913e8e881c.jpg,train,1,0
elbow_3_1_png.rf.4c7e282c852a803ca10512649fc495c6.jpg,train,0,1
tibia_metastasis_20_PNG.rf.4c9730c59b80867eaf5734907c3789db.jpg,train,1,0
bone-cancer_train_2_2317_png.rf.4c8c76d4729c4b1c880d88a23b163a23.jpg,train,1,0
forearm_8_1_png.rf.4c20baa0631e81bb80ae85d93c01ff76.jpg,train,0,1
hand_26_png.rf.4c501910f82c478da2d83984ca9cc70c.jpg,train,0,1
bone-cancer_valid_51_png.rf.4c690f2adf753fdbbecfae8b635c1ba6.jpg,train,1,0
IMG0000287_jpg.rf.4c2e8dcbfd1c8ddfb5c0ad97ffe423c7.jpg,train,0,1
IMG_1596_JPG_jpg.rf.4c51ee4defc8c6115dd2cc0aa776a40f.jpg,train,1,0
bone-cancer_train_2_2275_png.rf.4c72c1ff8a71154727bdb76518435ed6.jpg,train,1,0
IMG0000764_jpg.rf.4c899fd2aa72841e5b950ecaba57126b.jpg,train,0,1
bone-cancer_train_2_2219_png.rf.4c3d50fcf4257091b1f23105e4e08754.jpg,train,1,0
image-no31-normal-_png.rf.4ca71cb9db0c5bcc8f1d7e9302e8e24a.jpg,train,0,1
image-no574-normal-_png.rf.4c9cf4cc094a0b6546b7e7c3ff36a4e2.jpg,train,0,1
IMG0000673_jpg.rf.4cb0ecc30c6a0d80a5c5043b2bcfe40a.jpg,train,0,1
humerus_43_png.rf.4cb546d92240d24ac94cb28f4edadefd.jpg,train,1,0
55_JPG_jpg.rf.4cd53866b32ff0df938226d0f07dd30a.jpg,train,1,0
image-no358-normal-_png.rf.4cb726e1fe8e65c154e793c7ac960782.jpg,train,0,1
IMG_3669_JPG_jpg.rf.4cd6b4336fcf0826e594a969c2d75b95.jpg,train,1,0
IMG0000781_jpg.rf.4cfe5bbedef8966a7798c6e992ab197f.jpg,train,0,1
bone-cancer_valid_174_png.rf.4c0cf1136d211469afc1d3e4946980b5.jpg,train,1,0
bone-cancer_test_18_png.rf.4c980cf95bc4d2cf55afc0ed1f89fe41.jpg,train,1,0
IMG_3756_JPG_jpg.rf.4cd333b4fc93f209d13a94d2ae4adbdc.jpg,train,1,0
bone-cancer_train_2_2524_png.rf.4d218ac7dd48d86440ceba8b82a5cba9.jpg,train,1,0
IMG_4054_JPG_jpg.rf.4cb0e6792e8c7d244f88807cf6eb1f60.jpg,train,1,0
tibia_other_20_PNG.rf.4ce1dc010cf25825d3ed59ab130cc029.jpg,train,1,0
bone-cancer_train_2_372_png.rf.4d74eed66b295cf827defe9aac73c76d.jpg,train,1,0
IMG0000537_jpg.rf.4d09f83001c9315bb01a6ce1318979d5.jpg,train,0,1
IMG0000506_jpg.rf.4d2b0296aee6506273d5d66843b9c84e.jpg,train,0,1
download-17-_png.rf.4d323a8b0943a7cdee8b6757f27be46f.jpg,train,0,1
IMG0000592_jpg.rf.4ce6bc1cf161f37c7d8968b289a9e6fa.jpg,train,0,1
19_JPG_jpg.rf.4d1a831a9ba14776a2611dfb9330407b.jpg,train,1,0
image-no220-normal-_png.rf.4d25f1458d736fbaeb2ffebd43bcd3ff.jpg,train,0,1
image-no208-normal-_png.rf.4d810e03842b0831589475ea69d18c18.jpg,train,0,1
bone-cancer_train_2_2461_png.rf.4de6fd730d9b853be9724c5cda86f247.jpg,train,1,0
bone-cancer_train_2_354_png.rf.4cc37fbbc7017e7408266c8673ccb971.jpg,train,1,0
bone-cancer_train_2_1721_png.rf.4d961149322dae461935846f84dfcb62.jpg,train,1,0
IMG0000458_jpg.rf.4dcb0fdf7b8358e3ef9102a34077d560.jpg,train,0,1
image-no364-normal-_png.rf.4dec4510560e215f4a40764934622f70.jpg,train,0,1
cspine_20_4_png.rf.4e44e5956966becff4ec78383fe25b75.jpg,train,0,1
bone-cancer_train_2_513_png.rf.4dfb3c76f7865809328ebfeda9700ee7.jpg,train,1,0
No-fracture-Normal-alignment-No-soft-tissue-swelling-_png.rf.4e0d3d7488076cb9908b443d03b4a42f.jpg,train,0,1
bone-cancer_valid_2_427_png.rf.4df392b2df7adf6bfe78b01f491cc0b1.jpg,train,1,0
IMG0000674_jpg.rf.4e47042e3a64e5620bdd1310803a3417.jpg,train,0,1
bone-cancer_train_2_1833_png.rf.4e045af1b1d25371090683d0763472c9.jpg,train,1,0
IMG0000715_jpg.rf.4dfc5b21d8f7d1ff425f0d20844be7bb.jpg,train,0,1
istockphoto-482750315-612x612_jpg.rf.4e0f38a403b637638a2c1d931c3fbc7c.jpg,train,0,1
knee_12_1_png.rf.4e84a3c6503e9048a13cc1bcccb0b995.jpg,train,0,1
tf_1_1_png.rf.4e3a3a18cfe3bdbfa230d6c27ab491a7.jpg,train,0,1
bone-cancer_test_52_png.rf.4e80e0e936f337b87dfb608fc5eb10c4.jpg,train,1,0
IMG0000730_jpg.rf.4e5a97ca32ba2d697750582de3b10975.jpg,train,0,1
bone-cancer_train_2_879_png.rf.4e25555b8a3c8e66f926fdbdf4e5036c.jpg,train,1,0
image-no50-normal-_png.rf.4e6ddc759dd311f5b60a4ec7fc3ce8f8.jpg,train,0,1
bone-cancer_train_2_1403_png.rf.4e836be209d11096f072e92ccd4b635d.jpg,train,1,0
image-no353-normal-_png.rf.4e80a197d09167da89d20384316ec2ce.jpg,train,0,1
foot_11_1_png.rf.4e8929e366062ff6499e0e407431857a.jpg,train,0,1
bone-cancer_valid_2_278_png.rf.4e99fce370d4f0c9b9d6fa0697f064ce.jpg,train,1,0
IMG0000345_jpg.rf.4e9fff0ddb12d8f25a6b40ec2aa36fba.jpg,train,0,1
bone-cancer_train_2_2080_png.rf.4eb8729b5615c31c4ba1ec9189ba1c05.jpg,train,1,0
bone-cancer_train_2_2385_png.rf.4eda988ce488b8ff6aae8ceb00628649.jpg,train,1,0
humerus_14_2_png.rf.4ea1af588c00b7ed9f18e44ac410b6b7.jpg,train,0,1
IMG0000737_jpg.rf.4edefcaec1ab51f46eb8b268b9d4917d.jpg,train,0,1
IMG0000635_jpg.rf.4efb49607b2d215618614662ee5fd7a2.jpg,train,0,1
image-no13-normal-_png.rf.4f7364465c10641d5b1b90f6ea51bf30.jpg,train,0,1
tibia_osteosarcoma_8_PNG.rf.4f5e0e3f54b8d1d2f3d1fee4067f1e17.jpg,train,1,0
bone-cancer_train_2_2314_png.rf.4ec034f2d4bd151d42adde4236a2a78e.jpg,train,1,0
IMG_7520_JPG_jpg.rf.4f56286a61c342e5f94e1ec712d27021.jpg,train,1,0
IMG0000700_jpg.rf.4eb778741862eb5ab77c09b9ecdf19d6.jpg,train,0,1
bone-cancer_train_2_951_png.rf.4eea331a12b389d6efb4da27523d9721.jpg,train,1,0
IMG0000548_jpg.rf.4f2643bf7bd7f23b10bbe19df2dbf9c1.jpg,train,0,1
IMG0000542_jpg.rf.4f56b18d196fb382706e6be422932eb1.jpg,train,0,1
bone-cancer_valid_126_png.rf.4f57fc4152a5b3db255064ba4c3ea521.jpg,train,1,0
IMG0000686_jpg.rf.4f58765d8a790af62de6a061072a8b61.jpg,train,0,1
IMG_8330_JPG_jpg.rf.4ede93a67ed8d50daa78db3b6f623963.jpg,train,1,0
foot_15_3_png.rf.4f25c0072a9e2d8ae7822fee84fb2a60.jpg,train,0,1
bone-cancer_valid_233_png.rf.4efb90be8b9420d5403f9156310cd84e.jpg,train,1,0
IMG0000596_jpg.rf.4e68484b88842c9df317da9d9170c066.jpg,train,0,1
bone-cancer_valid_2_143_png.rf.4f4e99872087e006ef0ae0eb850eb8ba.jpg,train,1,0
bone-cancer_test_202_png.rf.4f97615157c97ee5d55ded92a828488d.jpg,train,1,0
IMG0000344_jpg.rf.4f84ad640cb24b3bcd4bebb342f330d7.jpg,train,0,1
image-no79-normal-_png.rf.4feab6daf4ba76bb4e3431863b73259b.jpg,train,0,1
bone-cancer_train_2_1920_png.rf.4f930f704f7d935116b4d6d8389cb7d8.jpg,train,1,0
tibia_osteosarcoma_6_PNG.rf.4f938b6f6705ea71020bdbc714a2a292.jpg,train,1,0
IMG0000584_jpg.rf.4fcc09ac817f5d9e499b901a4e5d7804.jpg,train,0,1
image-no199-normal-_png.rf.4fce045857ffe609f51d958e48ff9076.jpg,train,0,1
image-no268-normal-_png.rf.4feededfcfe525aca7afaccfce579759.jpg,train,0,1
IMG0000427_jpg.rf.4f7f89f114e9a0ae8e7f7e5491912b2f.jpg,train,0,1
IMG0000712_jpg.rf.4ff62b9411699912d8f45678a62cc908.jpg,train,0,1
IMG0000537_jpg.rf.4fb6d118abbff3bf70bc02b1c7149879.jpg,train,0,1
bone-cancer_train_2_1640_png.rf.4f8be08a807a50f526f79d2fae291ac9.jpg,train,1,0
image-no168-normal-_png.rf.4ff090360bbcc4d38e57fd5f2b2ec33c.jpg,train,0,1
image-no467-normal-_png.rf.50187adea8f35a1925f68e8d3fd027a1.jpg,train,0,1
203_JPG_jpg.rf.4ff4c32ed49b950cf9a3070b2aa678a9.jpg,train,1,0
IMG0000547_jpg.rf.500d60d0f04ddd6aef9dcd1b5a2fc665.jpg,train,0,1
bone-cancer_train_2_1717_png.rf.4fd556b5bdf30ab1b790e492bc9568e7.jpg,train,1,0
forearm_6_1_png.rf.4fd8c70ab0d3c4e0bd3581ff5d377dba.jpg,train,0,1
bone-cancer_train_2_741_png.rf.4fffd02a1afb62faf0c45422ef4ffa43.jpg,train,1,0
image-no109-normal-_png.rf.4fd0faef82a057e1409bb4ac307fa9b6.jpg,train,0,1
bone-cancer_train_2_792_png.rf.50497e422b66d9a36f30c6ac78172ae1.jpg,train,1,0
ankle_11_3_png.rf.4fb39cfd45dfc54d43bf52ba7170e626.jpg,train,0,1
IMG0000437_jpg.rf.503fc523475b0cb676fb6c1b6d6b3bb3.jpg,train,0,1
bone-cancer_valid_2_150_png.rf.5036a4399592c52bd4dc6a7c8b78767f.jpg,train,1,0
image-no251-normal-_png.rf.503f446389ce723310f2d0c4b20245bc.jpg,train,0,1
X-rays-of-a-three-year-old-girl-s-right-ankle-Anteromedial-undulation-of-the-tibial-physis-is-evident-and-the-fibular-physis-reaches-the-tibial-articular-surface-_png.rf.5066e38ff3e62bee36e6b76f7fcb4117.jpg,train,0,1
bone-cancer_train_2_2267_png.rf.504f9d72c1cd18fc345d59aaa4bc9f7e.jpg,train,1,0
bone-cancer_train_2_907_png.rf.50936ec78eef99571ae5b03872b51b4f.jpg,train,1,0
image-no546-normal-_png.rf.5094cefa4487fb0fc74094fd076cfe15.jpg,train,0,1
bone-cancer_valid_2_84_png.rf.50dcca71ce6591311fc65813b3f59b14.jpg,train,1,0
bone-cancer_valid_345_png.rf.50e591155a9f01d93472baa82c1d9e2f.jpg,train,1,0
ankle_15_2_png.rf.506f8e22586d3385127c44707c965121.jpg,train,0,1
bone-cancer_train_2_774_png.rf.50a11c5ad128834f206f3ea3cc283318.jpg,train,1,0
IMG0000765_jpg.rf.50bfeff6d88dde01d3d7155e61a0f3d7.jpg,train,0,1
femur_0_1_png.rf.50f10d6a2c808d5889d454e926fa65fa.jpg,train,0,1
IMG_7753_JPG_jpg.rf.50cc00b26284b015facc221f30185d9d.jpg,train,1,0
image-no540-normal-_png.rf.50dc9e22f5c4923dc84a879e3fd16b12.jpg,train,0,1
bone-cancer_valid_324_png.rf.507f9ba5e0a70ad2da9c583b66754a11.jpg,train,1,0
image-no258-normal-_png.rf.511b6a2bb27afbfed0cc3f463f9047a8.jpg,train,0,1
IMG0000831_jpg.rf.50f6e5983c5f5af314d3cc6d5555ad37.jpg,train,0,1
image-no694-normal-_png.rf.511176a035270d3851d3598359e9089f.jpg,train,0,1
femur_15_2_png.rf.5105c81f10f578aaa308321a071be7df.jpg,train,0,1
bone-cancer_train_2_529_png.rf.50c10b062a85990bf46025aec1bf32c3.jpg,train,1,0
bone-cancer_train_2_2194_png.rf.50a755f1d3644ca9c3d2d15974a643bf.jpg,train,1,0
image-no715-normal-_png.rf.51165bd957954f40a3312651b524e0e5.jpg,train,0,1
110_JPG_jpg.rf.5115145f34807f104b4b06277d7a6ab3.jpg,train,1,0
IMG0000701_jpg.rf.5128ea04b2ef1f34f872a4c3e91ffd1a.jpg,train,0,1
bone-cancer_valid_2_149_png.rf.5174f8e9b76a1fe3d2d835ca9f64dae6.jpg,train,1,0
bone-cancer_train_2_452_png.rf.5198ebfbde9d3b71eb3b41cf3d2ae0ab.jpg,train,1,0
ankle_7_2_png.rf.515d19e418ec6fdad1de400edee01458.jpg,train,0,1
IMG0000492_jpg.rf.51335b693d6622ebb612ab24317bdc4e.jpg,train,0,1
istockphoto-1221850566-612x612_jpg.rf.51939927c3a03815eeb7310c48bcd4b6.jpg,train,0,1
IMG0000814_jpg.rf.51900d497fca0c89ca240c6178dd6cc6.jpg,train,0,1
image-no598-normal-_png.rf.513783f6e156fc98b1128c6066cdf415.jpg,train,0,1
IMG0000494_jpg.rf.51764f9b2c132a5db96f45bbeb6f68e7.jpg,train,0,1
bone-cancer_valid_284_png.rf.51b30db32fe54f312b8d5d7bae768c8c.jpg,train,1,0
IMG0000424_jpg.rf.515d7c0e2be67aa160252b25ba8a83a2.jpg,train,0,1
IMG0000770_jpg.rf.517aaa5972cbfed1e8f157530275d488.jpg,train,0,1
bone-cancer_valid_2_425_png.rf.51d9408e9adb91e2b14d14b755601c7a.jpg,train,1,0
femur_2_2_png.rf.51d022d132ada8f7777c4ee7388f3514.jpg,train,0,1
bone-cancer_train_2_2247_png.rf.512d206e4d1c9be16ec92625ad802d3d.jpg,train,1,0
IMG0000885_jpg.rf.5130269a82f92a4e43ccc1994d8a0b27.jpg,train,0,1
IMG0000818_jpg.rf.51ec8c4dcafbf23719d2ba603a2c8165.jpg,train,0,1
bone-cancer_valid_28_png.rf.51e88d6a309de9054a9015c6b7ef1d7d.jpg,train,1,0
IMG0000796_jpg.rf.52123d262efb03be7e74ed59f3e37697.jpg,train,0,1
image-no690-normal-_png.rf.521cfad353f13077ae581719f90c47a0.jpg,train,0,1
femur_osteosarcoma_23_PNG.rf.520110ab07bf3c38b3daa0056cfe7131.jpg,train,1,0
Lateral-view-of-cervical-spine_png.rf.51f324190ab4eb9b654b2321870c0516.jpg,train,0,1
IMG0000617_jpg.rf.526f99e307e3215c2876d7f79f1d2117.jpg,train,0,1
IMG0000873_jpg.rf.52c6762ef8e8f026c0af07a3fe545452.jpg,train,0,1
image-no489-normal-_png.rf.529106f8b64da355c770142229fd4e34.jpg,train,0,1
IMG0000710_jpg.rf.52768cd2a78e3f34ef6a0b1e98812621.jpg,train,0,1
tibia_chondrosarcoma_12_PNG.rf.5244d5669e985c334a7c232fccf0cebc.jpg,train,1,0
image-no450-normal-_png.rf.52807f53092b30ebc57e04c0bf1189e9.jpg,train,0,1
IMG0000430_jpg.rf.5253f16646c526603105c90221f4e221.jpg,train,0,1
bone-cancer_train_2_1643_png.rf.52187c1ad73aad847727a8ba9229c729.jpg,train,1,0
chest_25_female_png.rf.51f1ce66b7a21e015f4ce301fdd3e51e.jpg,train,0,1
IMG0000497_jpg.rf.527ed80da30d2b5d6e18090831c2a53b.jpg,train,0,1
bone-cancer_train_2_1469_png.rf.52ce9ba91693dfe8ed1b286c99636912.jpg,train,1,0
IMG0000537_jpg.rf.528510f60ae6288b7804cd33004d2976.jpg,train,0,1
IMG0000899_jpg.rf.52dde75bc4ee1774b6e517effd958674.jpg,train,0,1
bone-cancer_valid_2_330_png.rf.52f57956fcf18c6debac5c454cce2576.jpg,train,1,0
IMG0000820_jpg.rf.52a0518e846b78d3522584acc2b5acbe.jpg,train,0,1
IMG0000764_jpg.rf.52e8f9852bd34bf13f19c233ec2916f3.jpg,train,0,1
image-no434-normal-_png.rf.52d510711d0eb8a32046229ae6d56868.jpg,train,0,1
195_JPG_jpg.rf.53176cf0fe2e80025378484dd6aef115.jpg,train,1,0
bone-cancer_train_2_2265_png.rf.532e656da33e510ca371a9d4bd19dda0.jpg,train,1,0
pelvis_ewing_2_png.rf.52acf9a454d99f1db1ba84725866e2a5.jpg,train,1,0
pelvis_20_png.rf.5341b14c0ea836da55ca96faa238b400.jpg,train,0,1
istockphoto-499979277-612x612_jpg.rf.52df9d5da21a1be342603c1e10f72e16.jpg,train,0,1
bone-cancer_train_2_2423_png.rf.53407321df4f86c0ce214f1a563caf9a.jpg,train,1,0
IMG0000553_jpg.rf.5352904aeb862902c816ade3d7e71e1d.jpg,train,0,1
IMG0000537_jpg.rf.5343d1560c58347074a881c5fa5fe012.jpg,train,0,1
bone-cancer_train_2_1707_png.rf.5344b26c3b931aa90141abe8a85011ce.jpg,train,1,0
IMG_2512_JPG_jpg.rf.539dec49266873360741995d791e6e47.jpg,train,1,0
bone-cancer_train_2_206_png.rf.53c12432705dec062f137579ef5ab556.jpg,train,1,0
bone-cancer_valid_215_png.rf.534ca610091431710802f591fb62fc31.jpg,train,1,0
16_JPG_jpg.rf.5386f0038ed46bdefcea4f567dbd5fbf.jpg,train,1,0
image-no505-normal-_png.rf.536bb7f4688f9bb1c2a8a6226be5550a.jpg,train,0,1
bone-cancer_train_2_2453_png.rf.538aa4e198d18bb4ffeab3f97af2c5e2.jpg,train,1,0
IMG0000791_jpg.rf.53e258a9bca4dde32b73786fa05ac771.jpg,train,0,1
IMG0000768_jpg.rf.5375a02d2cbabe740e863f694cd788ba.jpg,train,0,1
bone-cancer_train_2_271_png.rf.53af8950dac6677c8faad38f6eebfb18.jpg,train,1,0
-1-_jpg.rf.53eac29a51d6094f6d5dcdff51f77017.jpg,train,0,1
bone-cancer_valid_2_345_png.rf.53c9c98bb15f0333a610339fc5924a80.jpg,train,1,0
IMG0000694_jpg.rf.53dfe911ac1710b33630a6bace79523d.jpg,train,0,1
image-no665-normal-_png.rf.53754b71ecf8cb30e0db6c7f1fdce77c.jpg,train,0,1
bone-cancer_valid_113_png.rf.53d525ab3ec9d0b97abd61acacffe71d.jpg,train,1,0
image-no427-normal-_png.rf.53e7e2adc8ed517a52a5be349f9e35c9.jpg,train,0,1
bone-cancer_test_98_png.rf.536efb5b9e0b5b05ca1a36ef9619ee5c.jpg,train,1,0
image-no88-normal-_png.rf.540b142c8f34b6a815f865195360f69a.jpg,train,0,1
IMG0000719_jpg.rf.54051733fc86179a3ec7a6c71d101e80.jpg,train,0,1
image-no657-normal-_png.rf.53f81ba3ae3e13ee7e538184c3402f4f.jpg,train,0,1
IMG0000382_jpg.rf.53fa0b3d26cc08618486cb83520f82c7.jpg,train,0,1
pelvis_65_3_png.rf.54411a39bba301f82503c5d96c80fba0.jpg,train,0,1
bone-cancer_train_2_2487_png.rf.54250d2c9322d76a4f7297153b3f9598.jpg,train,1,0
bone-cancer_test_170_png.rf.544608698778b885580c1a4e65f83656.jpg,train,1,0
bone-cancer_train_2_1175_png.rf.543b8f021f75bea986d6cb7398ea5418.jpg,train,1,0
IMG0000706_jpg.rf.5439714272375ef8b60e6072446ea471.jpg,train,0,1
istockphoto-1296972082-612x612_jpg.rf.544cdb0cf03618b862449a4919d2c5d7.jpg,train,0,1
bone-cancer_valid_146_png.rf.542cccbc9ae3d3c801bf7514af3956c4.jpg,train,1,0
IMG_7605_JPG_jpg.rf.543d6ff09c6a352de377f626c4df3be0.jpg,train,1,0
IMG0000874_jpg.rf.5470809df94390aaa34e6abe132d41ac.jpg,train,0,1
image-no468-normal-_png.rf.541a527c7b397e12751c5480d500d739.jpg,train,0,1
ped_7_png.rf.54b10ab718462afb4ab4f7494647a11a.jpg,train,1,0
tibia_metastasis_24_PNG.rf.54677774a094ea6b545368b1cc1f252d.jpg,train,1,0
femur_5_2_png.rf.54d06b761fcec28d037455ff2cd1d470.jpg,train,0,1
femur_metastasis_15_PNG.rf.549c1ae5e30e730bc6b16aca8619d108.jpg,train,1,0
bone-cancer_train_2_436_png.rf.54cf9978b03837f6169830126720a9fc.jpg,train,1,0
image-no359-normal-_png.rf.550178e6035f4f857c6aed243bca2a39.jpg,train,0,1
bone-cancer_test_133_png.rf.54a1db7a4d673dae6336947e4a317cbf.jpg,train,1,0
fibula_metastasis_16_png.rf.54d145b0125082d07354cacfb77b1f44.jpg,train,1,0
bone-cancer_valid_2_287_png.rf.54c3f0c7fe26eafbcc66357ac77cac26.jpg,train,1,0
bone-cancer_train_2_739_png.rf.54eaf3df10d38312c37ec454bf6bbfcd.jpg,train,1,0
77_JPG_jpg.rf.546b3ba90fd588b222a994184cd18365.jpg,train,1,0
IMG_6522_JPG_jpg.rf.54faee849684eb32a9d316e4d6c49476.jpg,train,1,0
bone-cancer_train_2_1306_png.rf.54ef70ec4953c1ec3e145a2cca6ce14a.jpg,train,1,0
IMG_0931_JPG_jpg.rf.54e5b8e23e735e77752efcf355aac83c.jpg,train,1,0
IMG0000891_jpg.rf.5508e11e78e5218d1e225358278d481b.jpg,train,0,1
hand_other_2_png.rf.5501123cb2246db909d5c6c6b7eadc50.jpg,train,1,0
IMG0000510_jpg.rf.54e3529e72e24e986d95227fdf0cc72f.jpg,train,0,1
bone-cancer_train_2_912_png.rf.550f19280ce1f2ea8e7c32aa18c8c52e.jpg,train,1,0
image-no321-normal-_png.rf.5472a5f74745e830005bccac46404bbc.jpg,train,0,1
image-no172-normal-_png.rf.550c0a07013352f459007c979a6b54f5.jpg,train,0,1
image-no467-normal-_png.rf.55820a1c6726da56821b35d9c4c92cae.jpg,train,0,1
No-evidence-of-an-avulsion-fracture-Joint-alignment-is-normal-No-abnormality-of-the-acromioclavicular-joint3-_png.rf.553adb9bdf16895345d91ea780d74172.jpg,train,0,1
bone-cancer_valid_304_png.rf.55385c7c3b6746e3327a76c8a531766c.jpg,train,1,0
image-no249-normal-_png.rf.5585af58fdc39a15c800f93bc9f1f9c0.jpg,train,0,1
humerus_5_2_png.rf.553a7303d7e4badd7214b4a3f84c62f2.jpg,train,0,1
bone-cancer_train_2_787_png.rf.550ec822f18a5a368b23d834b91f8ce8.jpg,train,1,0
IMG0000586_jpg.rf.55d26202cbfdbd096559a31c4f116be0.jpg,train,0,1
bone-cancer_train_2_1987_png.rf.559e448b2171c5a5e3cd0a7ec4b9f0f8.jpg,train,1,0
istockphoto-1325413703-612x612_jpg.rf.55c9b6fa472e9cbf6dc52ec265813492.jpg,train,0,1
IMG_1704_JPG_jpg.rf.555db4e1ba2c738ca0feba956cf5edd6.jpg,train,1,0
bone-cancer_valid_2_186_png.rf.554db4477f7439818234c4d8934d02c8.jpg,train,1,0
bone-cancer_train_2_1984_png.rf.55782dcb4851fda9acd46975ae5ef50d.jpg,train,1,0
tibia_other_1_PNG.rf.55f7afa21c8101eba3184a464ca13f48.jpg,train,1,0
femur_normal_18_PNG.rf.55e5925126ae76c50116f481c2214eb0.jpg,train,0,1
IMG0000332_jpg.rf.56457c3562d328c49e140b0d392ecf1e.jpg,train,0,1
image-no503-normal-_png.rf.563e7f28a13eca34b4d161a387cd2439.jpg,train,0,1
90_JPG_jpg.rf.562929d153bf1e4a307cfd0ed69dbd22.jpg,train,1,0
image-no379-normal-_png.rf.56554c1fb9f72a4631940ef9cea31fe5.jpg,train,0,1
knee_2_1_png.rf.56995ea21ef17d776a4a7298d6fc785d.jpg,train,0,1
image-no269-normal-_png.rf.56ba47792c9a618d10baa4c3708c8f85.jpg,train,0,1
hand_12_2_png.rf.569aa23ecd729fb41c80c498b2b7da9a.jpg,train,0,1
hand_9_2_png.rf.569498663fb110bc0ca51737752fd3bb.jpg,train,0,1
hand_6_2_png.rf.5666571e42cb6cf4bd9464a45fbc4df8.jpg,train,0,1
IMG0000741_jpg.rf.568a966015f82fd01865ac06573b75d6.jpg,train,0,1
image-no475-normal-_png.rf.568dedcffee4f714476da699c37204ea.jpg,train,0,1
IMG0000871_jpg.rf.56f2542b6962db2fbe8eba850c124b27.jpg,train,0,1
IMG0000673_jpg.rf.56a3009d39dcfce6de8eaf17cc9ee41a.jpg,train,0,1
AHFR1872_JPG_jpg.rf.566f818b42fa7e779e7e52922b339609.jpg,train,1,0
pelvis_other_2_png.rf.56e29c1cd94fe67738de173011c06a92.jpg,train,1,0
image-no259-normal-_png.rf.56a1198257ee8d359d0b8c8e7bcb8c24.jpg,train,0,1
bone-cancer_test_41_png.rf.56ab8c2d2123d3e05c707482bb736085.jpg,train,1,0
IMG0000406_jpg.rf.566f68244835246c78fa3c99610e7d44.jpg,train,0,1
IMG0000715_jpg.rf.56f89ade7b8fbae89f6e6c7f4ea98e06.jpg,train,0,1
bone-cancer_valid_85_png.rf.56b86a95ec4cd17eeb7e87a1aa7d7686.jpg,train,1,0
ulna_osteosarcoma_3_png.rf.56d4762d61403d338105168bf2333d2e.jpg,train,1,0
IMG_8649_JPG_jpg.rf.56c350f7fe0f33becb081d55a2dbfac4.jpg,train,1,0
image-no368-normal-_png.rf.571de64d950905845d357e29045d979c.jpg,train,0,1
image-no362-normal-_png.rf.5724cd88200074a8042d00e3ea74ca3d.jpg,train,0,1
image-no709-normal-_png.rf.5713c783806c498c323fae9c8c088733.jpg,train,0,1
image-no271-normal-_png.rf.56e767e01692f823caa15d44bd93a85c.jpg,train,0,1
bone-cancer_train_2_2220_png.rf.5752c22798014eb07bbcfed87a2c59cf.jpg,train,1,0
image-no441-normal-_png.rf.572cd09a52a70e9b21529d360ad3cdd0.jpg,train,0,1
bone-cancer_train_2_505_png.rf.5726e528d29dad6cd98e0d5fa0f6fc1c.jpg,train,1,0
image-no52-normal-_png.rf.575b3a8b1fbf144af338e7265e75bf2f.jpg,train,0,1
image-no139-normal-_png.rf.57200b6b2613be5f14c71f955c23e847.jpg,train,0,1
cspine_2_2_png.rf.574b220121f77490ce538b76c248557e.jpg,train,0,1
206_JPG_jpg.rf.57790ed99ab5587514fb22486bfe0f18.jpg,train,1,0
IMG0000289_jpg.rf.5780374e5ca0910eb0d45bc29b74c768.jpg,train,0,1
IMG0000499_jpg.rf.57990538e88a58a96d05b16124ad0e0a.jpg,train,0,1
IMG0000836_jpg.rf.5813acc9fac90f5fdf5702301dc0b212.jpg,train,0,1
IMG0000827_jpg.rf.57974a854dde6a44b28601f9b4ccbfc8.jpg,train,0,1
hand_30_png.rf.5783a3a250d4145af80c5dd317ba9ca2.jpg,train,0,1
IMG0000794_jpg.rf.5780c61874f9a5d4f3e40e2009b4b593.jpg,train,0,1
bone-cancer_train_2_1188_png.rf.57ccd8df5cab4f5f79f9f42ead4395df.jpg,train,1,0
bone-cancer_train_2_2175_png.rf.577a619210dbe5b09709a47370a85aa8.jpg,train,1,0
IMG0000506_jpg.rf.576cc6a3ffba5f48be44042a13d08cd4.jpg,train,0,1
IMG0000840_jpg.rf.57c43a50ad339a62440cc406af584db3.jpg,train,0,1
IMG0000492_jpg.rf.57a777c4afb6109569ce993841a14824.jpg,train,0,1
bone-cancer_train_2_450_png.rf.57f7eee48f960b2181da1071177b7a88.jpg,train,1,0
foot_56_png.rf.57d6d485dd69333bdbbfd08977923d47.jpg,train,1,0
bone-cancer_train_2_2403_png.rf.5817d25736933b40031971d897e5ef10.jpg,train,1,0
IMG0000874_jpg.rf.578726845279fe1151883c4b89b718ca.jpg,train,0,1
IMG0000818_jpg.rf.57658728b9f1c4ecd9a11e2a5aa0d614.jpg,train,0,1
IMG0000608_jpg.rf.587244c04acde1bc71e423ab430a2f5a.jpg,train,0,1
ankle_6_2_png.rf.57d0174d321f3b9247cd8a719367eede.jpg,train,0,1
bone-cancer_train_2_2104_png.rf.58513e0cc411cc886113785a6cb12058.jpg,train,1,0
image-no200-normal-_png.rf.5887c342a84e16c27bb4ea4e53ad3402.jpg,train,0,1
IMG_0819_JPG_jpg.rf.5850858752b0d0c0af7083e050b97766.jpg,train,1,0
bone-cancer_train_2_1516_png.rf.581ee0d899e483b1fa7ee8d70429d2e3.jpg,train,1,0
IMG0000701_jpg.rf.588c8987f7083a9b83aaaa0ece368c9c.jpg,train,0,1
IMG0000332_jpg.rf.58a35b14f99fbb74ebdfd9ad43e023ff.jpg,train,0,1
bone-cancer_train_2_191_png.rf.58a0262e11d0f81d98b0c410d3c354f2.jpg,train,1,0
bone-cancer_train_2_1099_png.rf.58caef1dd4c8ab6bd093db3b04fcd97f.jpg,train,1,0
fibula_ewing_3_png.rf.58dcf401f1917f9d04b5abe2eecc8373.jpg,train,1,0
fibula_ewing_4_png.rf.583b9bbe933b9024cc0ad2416fe14391.jpg,train,1,0
chest_18_male_png.rf.58fbb64701d70843d7aeccb6f44f1242.jpg,train,0,1
bone-cancer_train_2_2477_png.rf.58ed3f03071127dc64f090c58f25f868.jpg,train,1,0
femur_ewing_14_PNG.rf.5911014308bb7bca4695138e7e0856d6.jpg,train,1,0
IMG0000500_jpg.rf.59053fe4c41a2b8e3914c392cc1d70fa.jpg,train,0,1
fibula_ewing_20_png.rf.58f6310002619c12238128e5d244ca4a.jpg,train,1,0
bone-cancer_train_2_211_png.rf.59207637864fa3ea7353a018459e8dd9.jpg,train,1,0
IMG0000587_jpg.rf.5930ee58ff24ed448aaba1c83f1bcbde.jpg,train,0,1
tf_11_1_png.rf.59425ae55412a235cf3031263192a09f.jpg,train,0,1
bone-cancer_train_2_1575_png.rf.58f0b746c9a7789edfcf58852e36b10a.jpg,train,1,0
tibia_normal_1_PNG.rf.5937e597de5a94d124dcc2930c351daa.jpg,train,0,1
image-no346-normal-_png.rf.5949faf6153f35a3832a0ab9d2e79bd0.jpg,train,0,1
bone-cancer_train_2_2368_png.rf.594c505f86e39344379eba0b85ceab14.jpg,train,1,0
bone-cancer_valid_363_png.rf.5978bb8c7a91dadab398bead2a1a90a8.jpg,train,1,0
bone-cancer_valid_329_png.rf.5957dda6052c362928b4cc8d29955420.jpg,train,1,0
image-no162-normal-_png.rf.59b811f3d07c15790dd01b51db2ba7c2.jpg,train,0,1
bone-cancer_train_2_1554_png.rf.59d20a3544b2390b32d020f577440951.jpg,train,1,0
IMG_3559_JPG_jpg.rf.59520fd391a6b93b3188b00477beeb57.jpg,train,1,0
humerus_6_2_png.rf.59c16f968fc936bfc124beca1286e428.jpg,train,0,1
image-no204-normal-_png.rf.594d46e38dce539bd757d179608db97f.jpg,train,0,1
IMG0000637_jpg.rf.5900e8f90cf5d06c046100067afd0896.jpg,train,0,1
IMG0000383_jpg.rf.59eae04f5d14f9deeb058a68bddc079e.jpg,train,0,1
IMG_3670_JPG_jpg.rf.59e6c897b93c3c6fa0fb8b13f45fac7b.jpg,train,1,0
bone-cancer_valid_2_124_png.rf.59ec44295d010657a47ea2aecfc0b469.jpg,train,1,0
bone-cancer_train_2_2254_png.rf.d02d91d1c0ecb138d55e3e7a6fd7ec9b.jpg,train,1,0
IMG0000818_jpg.rf.d03cbf0ddce4e5c341a2b405fa77ced5.jpg,train,0,1
IMG_9501_JPG_jpg.rf.cff39e90861a32a13f08bad700088f6a.jpg,train,1,0
IMG0000345_jpg.rf.d00220f785158c3958fd44118dbb9818.jpg,train,0,1
IMG0000540_jpg.rf.d00c89be91fcfead664cfcddafa8d65f.jpg,train,0,1
IMG0000667_jpg.rf.d03ed4f2e24cad990ba781af502c98f3.jpg,train,0,1
image-no334-normal-_png.rf.d0ba4785e6fe638985383b4ee44a5ebf.jpg,train,0,1
image-no714-normal-_png.rf.d0b04108994e6d145f10ad68acf84d28.jpg,train,0,1
IMG0000744_jpg.rf.d07296c4c64bc850fc4d8399c8df1d82.jpg,train,0,1
IMG0000492_jpg.rf.d006d533bc65ca7c68a6763686679673.jpg,train,0,1
IMG0000569_jpg.rf.d0b8876706b5c12b0227eba1a284394c.jpg,train,0,1
bone-cancer_train_2_1560_png.rf.d00dcd31d6b0f42471b1d753d2c2259b.jpg,train,1,0
knee_12_2_png.rf.d010a666748e19f3d16f12db3a231666.jpg,train,0,1
bone-cancer_valid_141_png.rf.d0042bc1fe1d64746e6bdaccbbb3c94c.jpg,train,1,0
IMG0000665_jpg.rf.d093ba4ba9c4670d817ef188c62cf969.jpg,train,0,1
tibia_metastasis_14_PNG.rf.d03ac9a89a288d59109a69740c95dd6f.jpg,train,1,0
bone-cancer_test_114_png.rf.d08f1df2d12bce923b7c73546a2d5af4.jpg,train,1,0
bone-cancer_train_2_1338_png.rf.d0c09741a865d2204ad872d6fe1f9fe6.jpg,train,1,0
IMG0000498_jpg.rf.d0bbb61dab559f8a5aca27e4fdb12ff6.jpg,train,0,1
IMG_5868_JPG_jpg.rf.d0d6b2b0823469903600ed512fe9a164.jpg,train,1,0
188_JPG_jpg.rf.d0cd15cb0ed99eb1f0fcf2bba47f218d.jpg,train,1,0
bone-cancer_train_2_747_png.rf.d02d12930defd97cb79327b9bf00fa3f.jpg,train,1,0
image-no235-normal-_png.rf.d0bde78cbdfbd9b7974e25972e336b50.jpg,train,0,1
IMG0000691_jpg.rf.d0d49f5d0caa065d27a15ebd60b5e94b.jpg,train,0,1
IMG0000335_jpg.rf.d0e782d5d8b189080a4297a0ce121a95.jpg,train,0,1
IMG0000713_jpg.rf.d0fd88ca64967a0bdd78b5313309aaf0.jpg,train,0,1
hand_17_png.rf.d0fa07cbc945a85927cf3b68f2eb94d6.jpg,train,0,1
bone-cancer_train_2_2077_png.rf.d15a6ede165d6be6f24be7f4ed50cfa8.jpg,train,1,0
image-no300-normal-_png.rf.d13b12635135f71ab8a52d1a6dc50d2a.jpg,train,0,1
bone-cancer_valid_148_png.rf.d0f6d0d297f207f0e78740c4a8b499b6.jpg,train,1,0
bone-cancer_train_2_2420_png.rf.d12f836c4c9943991ea7cfd53eed2176.jpg,train,1,0
fibula_osteosarcoma_16_PNG.rf.d1800f8e49a00b9922b29c2e30806a65.jpg,train,1,0
bone-cancer_train_2_2069_png.rf.d164a174dc512f8d9a0980c7a98e79ca.jpg,train,1,0
IMG0000855_jpg.rf.d14135a329feef2779d8f9f0d2fe5125.jpg,train,0,1
IMG0000508_jpg.rf.d11f335b0b61039db6aa637c5ca095a5.jpg,train,0,1
istockphoto-1056726358-612x612_jpg.rf.d156ed9d17deb13ab7dccd291c43382e.jpg,train,0,1
IMG0000820_jpg.rf.d12a1f7e90f10fb204243e4e5af2a757.jpg,train,0,1
IMG0000899_jpg.rf.d11dc85fdf4e2d8537b00a18a4f095f5.jpg,train,0,1
bone-cancer_train_2_1145_png.rf.d16dba21abeb2053eedd9f16ba80a56e.jpg,train,1,0
image-no50-normal-_png.rf.d1dd4038e5cad4b2b4f58f8a4f2e9abb.jpg,train,0,1
foot_16_png.rf.d10e2645971befc259cef8ebab509306.jpg,train,1,0
forearm_15_1_png.rf.d18b06fe6c0edf80877c620accfeb2b3.jpg,train,0,1
IMG0000736_jpg.rf.d20a9da6d9062a95334329c800081564.jpg,train,0,1
40_JPG_jpg.rf.d1ffbbc315c86e254c8e4ca706ade874.jpg,train,1,0
IMG0000766_jpg.rf.d208be78ced59726e88292d5bc09aefb.jpg,train,0,1
image-no562-normal-_png.rf.d2158fb6a9ed026fb2d36ecfb0ccf4a6.jpg,train,0,1
image-no130-normal-_png.rf.d205a634fa9f0010ca60534aef35bd29.jpg,train,0,1
bone-cancer_train_2_639_png.rf.d1f9e647e9af07c7bd4d0d301bb9118d.jpg,train,1,0
IMG_0129_JPG_jpg.rf.d1ddf9be4f93e0151fb660d6b0863977.jpg,train,1,0
IMG0000512_jpg.rf.d22d27b08a89bafb1d30a7c7e575b735.jpg,train,0,1
8_jpg.rf.d24fac790a1615783832eeb6d8d975af.jpg,train,1,0
bone-cancer_train_2_2012_png.rf.d2220d750d9a3a6a5e84ebff956b78b2.jpg,train,1,0
115_JPG_jpg.rf.d23b07b88ebbc28738b91a7985a0154d.jpg,train,1,0
femur_other_3_PNG.rf.d22d737d120da1883e427bd7c8b3ee4d.jpg,train,1,0
202_JPG_jpg.rf.d24665f4b058e52f1dabbb09492bd497.jpg,train,1,0
bone-cancer_valid_92_png.rf.d2558133736ae4f8f69f8a7ab2114249.jpg,train,1,0
IMG0000723_jpg.rf.d2579593ac49ce60e7e45f6c3669c875.jpg,train,0,1
156_JPG_jpg.rf.d27b9e46c764def50afd7995f412d749.jpg,train,1,0
bone-cancer_valid_2_53_png.rf.d268a55033474036c7515633e2dbb4a5.jpg,train,1,0
IMG0000839_jpg.rf.d28483febac1a932a7239d6f1bec2c17.jpg,train,0,1
IMG0000358_jpg.rf.d2b3fba889b75906884e636c0bd81a79.jpg,train,0,1
IMG0000344_jpg.rf.d26a6885c949c5710bb888479630555d.jpg,train,0,1
bone-cancer_valid_254_png.rf.d2c16631653dc4056e788136c7271ccb.jpg,train,1,0
femur_osteosarcoma_1_PNG.rf.d289159a5da4cb51fdfeabc9ece59c41.jpg,train,1,0
bone-cancer_train_2_2367_png.rf.d2a3efc33629c0d9738ec80bce44bf15.jpg,train,1,0
fibula_metastasis_9_png.rf.d2c8ebef257b40bcded2442b5b25f29b.jpg,train,1,0
bone-cancer_train_2_2269_png.rf.d280979136f0c4e05ecb957f3b083eab.jpg,train,1,0
IMG0000748_jpg.rf.d2d3f43838c30ce309ae6bfff1124287.jpg,train,0,1
bone-cancer_train_2_1463_png.rf.d2c851d47cc30ddc0ea7f2caf58f4ead.jpg,train,1,0
bone-cancer_train_2_1193_png.rf.d2e758c3ac1925c63f0caabea2cda91e.jpg,train,1,0
image-no539-normal-_png.rf.d2f4bdb2115b438f4657c3994ead7119.jpg,train,0,1
cspine_13_2_png.rf.d2f11dde4115e3a481bb0bd756b873b4.jpg,train,0,1
hand_osteosarcoma_6_png.rf.d36718840082564c34236970ca021ce9.jpg,train,1,0
bone-cancer_valid_2_200_png.rf.d2fe1edbe7518f6ebdda1d00e1802074.jpg,train,1,0
bone-cancer_train_2_1152_png.rf.d331aa9993137e319acb80e0abe47d6a.jpg,train,1,0
IMG0000823_jpg.rf.d3cd3aeca079aba54966316f3d523f55.jpg,train,0,1
161_JPG_jpg.rf.d3d1d5cbec1b4d40addc402694114867.jpg,train,1,0
IMG0000790_jpg.rf.d36fffd4378841a3a2ea6613a6f46f28.jpg,train,0,1
bone-cancer_train_2_2054_png.rf.d35700a0b4d73f884ac962205e4d1944.jpg,train,1,0
bone-cancer_train_2_352_png.rf.d3c6d67a0f098a29c4c21b60f12336e0.jpg,train,1,0
femur_ewing_21_PNG.rf.d3bb87aef03c3df36cec66cf370e5cb5.jpg,train,1,0
image-no174-normal-_png.rf.d3722bffe9f26c2738139dca576ee4c3.jpg,train,0,1
IMG0000716_jpg.rf.d30e6274c74c8215054dea58c4ea9569.jpg,train,0,1
image-no73-normal-_png.rf.d38376ace2404f69ee458a57ad45c0b6.jpg,train,0,1
IMG0000827_jpg.rf.d35d56dc37bc5ac268ec1bbebf105ff2.jpg,train,0,1
bone-cancer_valid_2_90_png.rf.d3d3b40fc1ff3c0acff38670b4ddda84.jpg,train,1,0
image-no81-normal-_png.rf.d3b99eb8f11b63144789142d56c1eeee.jpg,train,0,1
IMG0000041_jpg.rf.d42971391d62168765b9d9c6ce829899.jpg,train,0,1
image-no278-normal-_png.rf.d345330a03c30da7f7a1e0aa265dbfb2.jpg,train,0,1
image-no322-normal-_png.rf.d449b85257e469685820ab2acd2f61a1.jpg,train,0,1
IMG0000886_jpg.rf.d407ba6a59f21ae92b5c425dfe6b5cfb.jpg,train,0,1
bone-cancer_test_206_png.rf.d42c01710da16c706ad99f2632a08e35.jpg,train,1,0
image-no274-normal-_png.rf.d4335597aa17aff02bbadef8b165c945.jpg,train,0,1
femur_fibrosarcoma_4_PNG.rf.d3fe3420ea5efc25eb7f90eaa31afe7f.jpg,train,1,0
pelvis_1_png.rf.d48c4f0ff7a842f36e475955973c2faf.jpg,train,0,1
knee_15_2_png.rf.d45df10f0cf16ee2768291d816265d9e.jpg,train,0,1
bone-cancer_train_2_677_png.rf.d493ec6ab2c02202a9f006a972eb776d.jpg,train,1,0
No-evidence-of-an-avulsion-fracture-Joint-alignment-is-normal-No-abnormality-of-the-acromioclavicular-joint2-_png.rf.d453c10b9d230bcac543437c7960ad7c.jpg,train,0,1
IMG0000708_jpg.rf.d4ceee2c027728dc171e6b3b9bfd386d.jpg,train,0,1
bone-cancer_train_2_1304_png.rf.d4d379bbb742f79e7f11be2f79393a6f.jpg,train,1,0
image-no457-normal-_png.rf.d4d4399adaab485c382c9cfaa4361158.jpg,train,0,1
bone-cancer_train_2_465_png.rf.d47cf00e3429042e232b34c6af987b0e.jpg,train,1,0
foot_59_png.rf.d464b28a8726769c5869fe35a9065829.jpg,train,1,0
IMG0000482_jpg.rf.d4d39c554d40109993a81d772de6fb9a.jpg,train,0,1
64_JPG_jpg.rf.d495bbc1441a3015c8be0718eb53e91d.jpg,train,1,0
IMG0000000_jpg.rf.d4e566b4ead992012e735e13eb3dcd52.jpg,train,0,1
bone-cancer_test_142_png.rf.d4c7cfa2832ddf97847788e28d01fa11.jpg,train,1,0
IMG0000686_jpg.rf.d4feb6611e5480a769b4629553590895.jpg,train,0,1
IMG0000782_jpg.rf.d4fef55ccb2018bd18cb8da408aa39f7.jpg,train,0,1
tf_6_2_png.rf.d50acec76097bbddc720038635ff6b7f.jpg,train,0,1
IMG0000539_jpg.rf.d5058aba9461be7d35bddfabedd4b88d.jpg,train,0,1
femur_normal_13_PNG.rf.d5108c07566c02d7f64049878d52a9ae.jpg,train,0,1
23_JPG_jpg.rf.d50505235aac27605b51c45731697734.jpg,train,1,0
femur_normal_9_PNG.rf.d5a94903d4264ddd5de48125d2a7a127.jpg,train,0,1
bone-cancer_valid_2_371_png.rf.d512cd270361bacdc1c73bc1a466f5c2.jpg,train,1,0
6-year-old-male_1_png.rf.d5856adaa17b9bf294cf109d34f8a200.jpg,train,0,1
foot_14_1_png.rf.d514f8aa3b440003ef4cd37341b6d5ff.jpg,train,0,1
bone-cancer_train_2_1171_png.rf.d58d9618015730cbdff1df2de4b5417d.jpg,train,1,0
IMG0000764_jpg.rf.d5604eaf352a50a9cf12d1e275855856.jpg,train,0,1
elbow_9_2_png.rf.d60e5acc4bdcd2537b1a0341b11295aa.jpg,train,0,1
IMG0000833_jpg.rf.d5de66076b00ec09312b382e06f95df1.jpg,train,0,1
IMG0000862_jpg.rf.d51caef3aaab1272fe4a65eaed39d522.jpg,train,0,1
bone-cancer_train_2_261_png.rf.d5a05eb11735762f042ffd2014d030b6.jpg,train,1,0
IMG0000597_jpg.rf.d61b2638a6e59f8d29422505c7fe96c4.jpg,train,0,1
IMG0000756_jpg.rf.d5899cc501fdf446e38cc27a5063e158.jpg,train,0,1
IMG0000688_jpg.rf.d622a13b3a44926353930f516dc588de.jpg,train,0,1
image-no677-normal-_png.rf.d62affdcf9b4a7d51d52327e430d26e3.jpg,train,0,1
IMG0000627_jpg.rf.d5220816211f4e4719677124b5c09a53.jpg,train,0,1
Forearm_male_png.rf.d62bad31b15843f9129185fd7c7e7945.jpg,train,0,1
IMG0000847_jpg.rf.d630f84dc11d5fcf0bac4e4987ee992a.jpg,train,0,1
IMG0000683_jpg.rf.d63ff08ebe29664f5ad07ce74f466648.jpg,train,0,1
IMG_1694_JPG_jpg.rf.d6388ea13bba2d530729e317be73aa69.jpg,train,1,0
bone-cancer_valid_264_png.rf.d65925e941790a53a51f8b32dcc02bcf.jpg,train,1,0
IMG0000897_jpg.rf.d65f504f6fca90d2817bf71d735996c7.jpg,train,0,1
IMG_4811_JPG_jpg.rf.d6595c6d36f0b3e0161bbed06377eebc.jpg,train,1,0
IMG0000383_jpg.rf.d69b0125ee4907cd3f7090419d950d25.jpg,train,0,1
pelvis_5_2_png.rf.d684050de853d65f5c3d09a1e00f6f5e.jpg,train,0,1
hand_18_png.rf.d6b7937116fed8704633bf7d67c71bce.jpg,train,0,1
tibia_normal_9_png.rf.d69868da13272c65df0e916dfd53e51b.jpg,train,0,1
IMG_0931_JPG_jpg.rf.d6a18917e9bc1c698a1e7e14022c8167.jpg,train,1,0
IMG0000871_jpg.rf.d6bd4d34a76f9fa1cd06d5ced8739aaf.jpg,train,0,1
image-no498-normal-_png.rf.d6e795a0efde2d791496d4d4aee7787d.jpg,train,0,1
bone-cancer_valid_2_165_png.rf.d6b8617ffe2c9f825eb25610c0594c3c.jpg,train,1,0
bone-cancer_train_2_238_png.rf.d688a33fa1b7521be623d26ab8fa5786.jpg,train,1,0
IMG0000871_jpg.rf.d681d07cb0a19db6850a4a41aba8f905.jpg,train,0,1
IMG0000431_jpg.rf.d6b6b877e71c7de612ab9652bd18a2aa.jpg,train,0,1
IMG0000614_jpg.rf.d68d473d3312c050460ddc60b0824b07.jpg,train,0,1
elbow_11_1_png.rf.d6f0cefe8a8f40dff5ac641519b4400d.jpg,train,0,1
bone-cancer_train_2_1005_png.rf.d6d75cd2cc4cc95cedeab1c3ff66f4fd.jpg,train,1,0
bone-cancer_train_2_1661_png.rf.d71347a9c2d856e8fe5a2fcd2f22a495.jpg,train,1,0
bone-cancer_train_2_1684_png.rf.d6daf0fffe6ea5a9ba0738a5f9a69124.jpg,train,1,0
bone-cancer_train_2_294_png.rf.d6e2d830cb0aad4bf892c7d2f079edfb.jpg,train,1,0
bone-cancer_test_140_png.rf.d6c731abb31ec2de1a5f3217e64d3541.jpg,train,1,0
IMG0000626_jpg.rf.d709d091113c456570ecba8a6a9792c6.jpg,train,0,1
image-no488-normal-_png.rf.d6bbd9ea79747885d411a2ae2a0747b9.jpg,train,0,1
image-no38-normal-_png.rf.d710f9e68d01d6b3f246925b7cf4f839.jpg,train,0,1
bone-cancer_train_2_120_png.rf.d6f274a7ed43d1719b9d689482ef6a64.jpg,train,1,0
bone-cancer_test_37_png.rf.d7239602bb6349ea6a515846a91fb75c.jpg,train,1,0
IMG0000553_jpg.rf.d755374712a7aa376c387ca0d6a156f6.jpg,train,0,1
image-no252-normal-_png.rf.d74b9c410e5534317f4efeceab6d9f6e.jpg,train,0,1
image-no483-normal-_png.rf.d685b02485b3f7a261107aa42384270e.jpg,train,0,1
IMG0000818_jpg.rf.d7910a4b80d799af51807f3e40e3dccc.jpg,train,0,1
IMG0000798_jpg.rf.d7a85996add4ae2cd5f21878cdee05af.jpg,train,0,1
IMG0000685_jpg.rf.d75ee02d743afc7a63a1e549f55c2809.jpg,train,0,1
pelvis_chondrosarcoma_9_png.rf.d79cc23a0cd977f22710b6fb9eae0afc.jpg,train,1,0
bone-cancer_valid_79_png.rf.d7aa1f9207c946481631323c338d5b8b.jpg,train,1,0
bone-cancer_valid_373_png.rf.d71a9e154bcbab9f077b8a3acbee2b4c.jpg,train,1,0
27_JPG_jpg.rf.d7fd5ed8d39cd9874c9899c66e97be16.jpg,train,1,0
image-no14-normal-_png.rf.d7bc7ffac854c9554f8994e84e545acd.jpg,train,0,1
ulna_osteosarcoma_1_png.rf.d715ad03070a60d43b9bbdfb96e8ed68.jpg,train,1,0
bone-cancer_train_2_2006_png.rf.d7f0db3d61a5703d7c52d34fd6730d93.jpg,train,1,0
IMG0000335_jpg.rf.d7c6cc80c18ad910d3d0e856e615455b.jpg,train,0,1
download-29-_png.rf.d7d97d122ce8902c29dab45a429dd0c0.jpg,train,0,1
bone-cancer_train_2_321_png.rf.d80e2edd8c29d2fcb67d7617775113c4.jpg,train,1,0
IMG0000660_jpg.rf.d7df3ac702ee87370a2175f9408cf417.jpg,train,0,1
156_JPG_jpg.rf.d80d8659f48ec0f8ce7815136d6c492e.jpg,train,1,0
158_JPG_jpg.rf.d73d4d5cbb4a8f1affbf390d2fe0efaa.jpg,train,1,0
forearm_8_1_png.rf.d81bf5eca9aca050dfd03c2cbede41c3.jpg,train,0,1
IMG0000708_jpg.rf.d8067ad2d40b53b80d64f2a70499b20f.jpg,train,0,1
IMG0000610_jpg.rf.d82de572378bb7f5c24fdeb8164aa310.jpg,train,0,1
IMG0000823_jpg.rf.d825145435f088a51b24bab5d93e68d1.jpg,train,0,1
-23-_jpg.rf.d7f26bde896fb20967f4b7f5040234f3.jpg,train,0,1
bone-cancer_valid_2_406_png.rf.d845cc308df3c0819129965bd25b10d8.jpg,train,1,0
bone-cancer_train_2_146_png.rf.d82c70117d9c96b51774c8047d275245.jpg,train,1,0
bone-cancer_train_2_810_png.rf.d864503be7957276f3d5c8519c0de070.jpg,train,1,0
IMG0000838_jpg.rf.d81eddb2163f4bfe70e9a10989e7f2bd.jpg,train,0,1
IMG0000778_jpg.rf.d85fef9ffa714bcc60cc320ca7d07b03.jpg,train,0,1
IMG0000656_jpg.rf.d856dfa7741002016908cf08d434ccd4.jpg,train,0,1
IMG0000891_jpg.rf.d86833e75d5b747d92d65f5fa3c3568f.jpg,train,0,1
image-no145-normal-_png.rf.d887b2665776e29f16854de7481439f0.jpg,train,0,1
image-no635-normal-_png.rf.d887a12e6005ca646daaacae278d22d3.jpg,train,0,1
IMG_8332_JPG_jpg.rf.d869a69ed34d88b30ced404fb93ca000.jpg,train,1,0
forearm_11_2_png.rf.d891e7d886c05c4dfcd057c06f722966.jpg,train,0,1
chest_2_2_png.rf.d8aec942b99b061b4cd70a7026d178c2.jpg,train,0,1
knee_6_1_png.rf.d878ae28d0e428cd2ff64a691dde6337.jpg,train,0,1
IMG0000888_jpg.rf.d87c51d3edf959ade3b71b46ce1eb047.jpg,train,0,1
IMG0000730_jpg.rf.d8b0d4fcbaa690c255a231a23a2fef1b.jpg,train,0,1
image-no344-normal-_png.rf.d891f7ee495262fbe588a12865289e32.jpg,train,0,1
bone-cancer_valid_2_344_png.rf.d8fc589bb9d326b40fa5094ed05f20d1.jpg,train,1,0
hand_ch_12_png.rf.d8e51262bdc78c86836fa33d06c5df75.jpg,train,1,0
image-no136-normal-_png.rf.d8b788e2bba578cf0ced0d57ede9afe6.jpg,train,0,1
IMG0000828_jpg.rf.d8bd21051122d8de0aca4f426a8b942b.jpg,train,0,1
tibia_metastasis_23_PNG.rf.d8e7fbcd2937f94ed18244d227832704.jpg,train,1,0
image-no253-normal-_png.rf.d90d9af6b1aa28fe231aff5fca8061ab.jpg,train,0,1
IMG0000847_jpg.rf.d903e053253055d873d4af1d164d1edf.jpg,train,0,1
image-no216-normal-_png.rf.d94aa68afb5c1ad03ec62829709d84d7.jpg,train,0,1
IMG0000332_jpg.rf.d949173429f9e2f3402b16b32942ecc4.jpg,train,0,1
hand_25_png.rf.d8ef4de376901826a9e8bd008a2c2f71.jpg,train,0,1
bone-cancer_valid_9_png.rf.d93a9bb7fd2aadb8bf44fbf9de731642.jpg,train,1,0
bone-cancer_train_2_1341_png.rf.d9bb50b3422f551360243f9d9c4331aa.jpg,train,1,0
bone-cancer_valid_409_png.rf.d956b174efdd234f3b830187304aafaf.jpg,train,1,0
ped_13_png.rf.d99324fc91a43308bb900da94a76a776.jpg,train,1,0
image-no648-normal-_png.rf.d94c9410c534350564fb0bf2918941f0.jpg,train,0,1
IMG0000512_jpg.rf.d98a8a4c533db20460594bcc4d753a01.jpg,train,0,1
IMG0000862_jpg.rf.d96ec72fe29f6c06374e64e831a432fe.jpg,train,0,1
IMG0000264_jpg.rf.d9674161234b6f0e7f07c37ac7dbbdd3.jpg,train,0,1
IMG0000701_jpg.rf.d953fae932ffb4d8e1933790b083518c.jpg,train,0,1
IMG0000765_jpg.rf.d96d0d8ae14a8c3e320e34ae5027ac16.jpg,train,0,1
hand_osteosarcoma_21_png.rf.d9f29e5877d001880b6070912311859b.jpg,train,1,0
bone-cancer_valid_153_png.rf.da073205ece8da43d0e0f1d5a44fd488.jpg,train,1,0
bone-cancer_train_2_2205_png.rf.da042977026a7dc58f0290a5765a29f2.jpg,train,1,0
foot_77_png.rf.da0798d4cb4fd5d8d4c4bbad57cbe7f7.jpg,train,1,0
bone-cancer_train_2_2332_png.rf.da0a60dab692ae0faa1fbec534653b2f.jpg,train,1,0
IMG0000833_jpg.rf.da1b52596e9a7ba2388ddb079ee51eb8.jpg,train,0,1
IMG0000694_jpg.rf.da0e5011e9f1b7e31a88a8324a63c398.jpg,train,0,1
bone-cancer_valid_2_429_png.rf.da0e53cd4bdc49174acfccf3e34960b3.jpg,train,1,0
IMG0000383_jpg.rf.da37134a8f80c6b1b8a43d370c637c52.jpg,train,0,1
IMG0000437_jpg.rf.da0de042ee9d7b28c5a0f3435a041769.jpg,train,0,1
IMG_0128_JPG_jpg.rf.da4d1cd8c38ec7bc617452b6b3e90758.jpg,train,1,0
image-no10-normal-_png.rf.da4e4a92f77bb32d78fc0cce936779a2.jpg,train,0,1
IMG0000458_jpg.rf.da2912f9b820341bf751895e70686104.jpg,train,0,1
image-no69-normal-_png.rf.da11706519fdc4bc820231a555ad39c4.jpg,train,0,1
bone-cancer_train_2_250_png.rf.da1a63da43ee607297e9c4239ccfaa2a.jpg,train,1,0
bone-cancer_train_2_2438_png.rf.da5f99535a34edfab13edd3adf5e9482.jpg,train,1,0
Picture8-1-_png.rf.da66b1e610c75af3e249c4d460f57bdd.jpg,train,0,1
IMG0000349_jpg.rf.daa4199418a3d7e9cd263b062c9e13e9.jpg,train,0,1
pelvis_7_1_png.rf.da84fa4570133942cc9062e969928e5a.jpg,train,0,1
image-no596-normal-_png.rf.dacffa2c37b5c6f32f2139981c38c0ca.jpg,train,0,1
elbow_10_2_png.rf.daa57679b031b3477f8f011910ae5af3.jpg,train,0,1
bone-cancer_train_2_757_png.rf.dab28653ab0e221e7b5425e791b15ae2.jpg,train,1,0
foot_12_png.rf.da9539d553a3fe40a3ec14e7803b5d48.jpg,train,1,0
hand_osteosarcoma_5_png.rf.dab8cdd87852c9694795befde0af083a.jpg,train,1,0
image-no421-normal-_png.rf.dab27fe8997932af86c4de57701fc803.jpg,train,0,1
image-no190-normal-_png.rf.dacbcaa768f63489edc1ff99f89d2c57.jpg,train,0,1
image-no43-normal-_png.rf.dab462c83e847827755052423922bf80.jpg,train,0,1
IMG0000737_jpg.rf.dad7398459f79e0e93aaf1fb43eb5e20.jpg,train,0,1
bone-cancer_train_2_1555_png.rf.db3f96140b8a82f86b28bac29f8f2ccf.jpg,train,1,0
IMG0000519_jpg.rf.db2cfda1e64dded3384aa7b803d42c53.jpg,train,0,1
bone-cancer_train_2_429_png.rf.db16640cb18a60e86642347146616454.jpg,train,1,0
IMG0000459_jpg.rf.daf96d0fa8ce86757c1b919488320ea2.jpg,train,0,1
foot_58_png.rf.db16ac5dceb899488f7c048823c49171.jpg,train,1,0
bone-cancer_test_7_png.rf.db46d6af48894486f6319f6276ecb968.jpg,train,1,0
IMG0000866_jpg.rf.daf54808f129058ba53379e20895f90a.jpg,train,0,1
image-no130-normal-_png.rf.daddaf3b95d46024a40e995558d64ff1.jpg,train,0,1
IMG_0090_jpg.rf.db299b0421682eb4b0bf92e0621028c1.jpg,train,1,0
tibia_normal_8_png.rf.db87f4b8ae370f1840681c936dd9bd3b.jpg,train,0,1
image-no60-normal-_png.rf.db8537352e40db974ac97da61e53a37d.jpg,train,0,1
bone-cancer_train_2_2377_png.rf.db3b1c417ba1f3e3035b1cb6256c02c6.jpg,train,1,0
tibia_metastasis_16_PNG.rf.db88bbe114158fb7fca11f25aaf8cfab.jpg,train,1,0
elbow_5_1_png.rf.daff5a00d8903df411e7167a16ac553a.jpg,train,0,1
elbow_3_1_png.rf.db90b483165a461e096cead9d846e1b2.jpg,train,0,1
bone-cancer_train_2_439_png.rf.db940f0e75c02f4a02801b3b72cb8f6c.jpg,train,1,0
63_JPG_jpg.rf.db945afe2413c47027726d4d411e4c26.jpg,train,1,0
171_JPG_jpg.rf.dbc1134c24ada191e4d9a332fc742da8.jpg,train,1,0
image-no191-normal-_png.rf.dbf0d155aa1b2f7d827afa527dc38f9f.jpg,train,0,1
pelvis_05_2_png.rf.dbd2d6ef73854864b7a84c0b1fda5576.jpg,train,0,1
59_JPG_jpg.rf.dba5d9c40e895448f461ec21d3085b02.jpg,train,1,0
image-no265-normal-_png.rf.dbc99d3c4ea7e3d492145cf08019d218.jpg,train,0,1
IMG0000733_jpg.rf.dbccb55be3beea7723ec695254f24b70.jpg,train,0,1
IMG0000853_jpg.rf.dc2fe641055145d9931c7993f48c5c9d.jpg,train,0,1
bone-cancer_train_2_1461_png.rf.dbf72b820f8eb0bb8b1f5c363f3ebc16.jpg,train,1,0
bone-cancer_train_2_949_png.rf.dc14b245e115aabe8a61ed6429c08103.jpg,train,1,0
bone-cancer_test_147_png.rf.dc123364530c91bf70d83b8e592c5c5b.jpg,train,1,0
IMG0000888_jpg.rf.dc315789e9b3dda85ed04ee126a7522a.jpg,train,0,1
IMG0000691_jpg.rf.dbef3bf64692d941c452f4642bfbde94.jpg,train,0,1
image-no739-normal-_png.rf.dc4b8617f5279f6b0e2b583a0d5506d1.jpg,train,0,1
IMG_3985-2-_JPG_jpg.rf.dc202a44cbc149f6e9fcd45907f4c327.jpg,train,1,0
chest_25_male_png.rf.dc5b3ee874c3f75c5f47c85d0e257646.jpg,train,0,1
bone-cancer_train_2_2235_png.rf.dc49d43aa9de42ffefc25a52951a8ecb.jpg,train,1,0
image-no380-normal-_png.rf.dc94d4fc5f585c117180ede5c3fc830c.jpg,train,0,1
179_JPG_jpg.rf.dc1bb8860ebc01739c233cc08d5121c5.jpg,train,1,0
hand_encondroma_8_png.rf.dc630d99cf312c8f879a6f2826cf77f9.jpg,train,1,0
image-no525-normal-_png.rf.dcbec03e68878e3be391bb1bf0e61be2.jpg,train,0,1
bone-cancer_valid_2_png.rf.dc60d20b045ad498cd360eb38d85bb9e.jpg,train,1,0
IMG0000346_jpg.rf.dcdc89ec46a8498827fbeb64cf01f56b.jpg,train,0,1
128_JPG_jpg.rf.dcd66afd3deecefe3f1b7f99088629ee.jpg,train,1,0
image-no421-normal-_png.rf.dc610bac7ab0951d9f2cb1fd6d1c8324.jpg,train,0,1
image-no24-normal-_png.rf.dced061a1a52b263add9e425020faa60.jpg,train,0,1
bone-cancer_train_2_2055_png.rf.dced1d1a520999810654b070325438ff.jpg,train,1,0
image-no406-normal-_png.rf.dd49f6e7f3d6bcf16b5d2f576a70e6be.jpg,train,0,1
image-no723-normal-_png.rf.dd5fcaa6eb487d03df59bfa5b168e1f8.jpg,train,0,1
bone-cancer_valid_24_png.rf.dd532db9a8e1c1583146175f21a7b717.jpg,train,1,0
IMG0000765_jpg.rf.dd918a537d9f06976c41755138ff46f2.jpg,train,0,1
image-no195-normal-_png.rf.dd8726a1d8fc869d65185c938a2f26a3.jpg,train,0,1
bone-cancer_valid_336_png.rf.ddadba90edbbe63916ada342d4c980de.jpg,train,1,0
image-no682-normal-_png.rf.dd4148b5530e8c784fce05097f11956f.jpg,train,0,1
bone-cancer_valid_82_png.rf.ddadcf507ec898c9480bb9cd54208f59.jpg,train,1,0
IMG0000792_jpg.rf.ddb546438ce080f72e573da1f8b35447.jpg,train,0,1
chest_2_2_png.rf.dda98dcbd9b5afb79201f9d32ef10649.jpg,train,0,1
image-no178-normal-_png.rf.dd499c7df8de0c5871dbe5ed81453b93.jpg,train,0,1
bone-cancer_valid_2_226_png.rf.ddbdb909479c47f88b6e41b7dd858298.jpg,train,1,0
IMG0000553_jpg.rf.de0c0b38fe0e456fa242650318217493.jpg,train,0,1
IMG0000665_jpg.rf.dd6c3ec57915a2eec53f03e78d5d7f8c.jpg,train,0,1
IMG0000584_jpg.rf.ddee95b6c02aea1ab6fdeb041733c9dc.jpg,train,0,1
IMG_0422_JPG_jpg.rf.ddb47c339ca4a21badc4ceea8341f5f4.jpg,train,1,0
pelvis_25_3_png.rf.ddc8fb9dbe6d267525238493fac30b49.jpg,train,0,1
IMG0000292_jpg.rf.de2fe8f36c0c5431cd32c46b3bd68efb.jpg,train,0,1
image-no387-normal-_png.rf.ddc5279d2d9e5a0881b0598dcb783dd2.jpg,train,0,1
bone-cancer_valid_2_169_png.rf.de122081ef0f667950b2ec30757e9efb.jpg,train,1,0
bone-cancer_test_77_png.rf.ddc2ddddf7d8bddc517a429c41ac4244.jpg,train,1,0
bone-cancer_train_2_1142_png.rf.de2c11285c902309cc56e80aeae9393b.jpg,train,1,0
image-no313-normal-_png.rf.de3318c85fdfdb09d6105cbd8c4f00be.jpg,train,0,1
bone-cancer_valid_289_png.rf.de43cc83e0df3f0ef230909adde8c480.jpg,train,1,0
image-no441-normal-_png.rf.de94b798e5d53c329d7b56c8d8632b44.jpg,train,0,1
image-no6-normal-_png.rf.de370c27d7544448c3e1915c5122ef2a.jpg,train,0,1
IMG0000891_jpg.rf.def5e6aef7d545557549b3424beead4b.jpg,train,0,1
IMG_4214_JPG_jpg.rf.deac8db19b04961b781c74533828433e.jpg,train,1,0
hand_29_png.rf.de9536a42e3e0e537851bf1522b10682.jpg,train,0,1
elbow_14_2-1-_png.rf.deddf48c66485766f9cf23acf1643483.jpg,train,0,1
82_JPG_jpg.rf.dd685bf547787559096f68845a9928f7.jpg,train,1,0
IMG0000871_jpg.rf.deae9b8257ef886ea4909dd9a39b27a5.jpg,train,0,1
bone-cancer_valid_1_png.rf.de888e5009fa1a9e97e3d4347542ccf9.jpg,train,1,0
bone-cancer_valid_2_193_png.rf.def872dc0147e3ff01b711b9a3eb923d.jpg,train,1,0
image-no176-normal-_png.rf.deffe33cd9d94db2d82c5fb5b74b5ad1.jpg,train,0,1
bone-cancer_train_2_2316_png.rf.ded693bbb791b6bbd19f269f7fcbccf6.jpg,train,1,0
IMG0000596_jpg.rf.df11749984388b7fb0bf3b31afec4cab.jpg,train,0,1
bone-cancer_valid_2_217_png.rf.df6ee4ac874169de8a7a655c9fc81aa6.jpg,train,1,0
IMG_0817_JPG_jpg.rf.df1292d45522c29f1127f59756e71825.jpg,train,1,0
istockphoto-1195986916-612x612_jpg.rf.df5ed9ed7cc8f2b2a5ddea8fa471a149.jpg,train,0,1
bone-cancer_test_216_png.rf.df4b7d9d46f9d5957864c70cb1f32d1b.jpg,train,1,0
BVFS2849_JPG_jpg.rf.df22aa36e21a735785864f806b8c2fd5.jpg,train,1,0
image-no573-normal-_png.rf.df2a1c94419cc182904fc0b5215e50d0.jpg,train,0,1
187_JPG_jpg.rf.df74766d863468399f06fdc62c971ed8.jpg,train,1,0
bone-cancer_test_72_png.rf.df899a0cfb1afafc13121a6f3a36b491.jpg,train,1,0
image-no663-normal-_png.rf.df7c51406dfb36c96586df0914f7e4d5.jpg,train,0,1
fibula_osteosarcoma_9_PNG.rf.df66baa22c51c8918a851ea01c2aa0e1.jpg,train,1,0
tibia_normal_2_PNG.rf.df99ff2f2dd005bf3b88c2d5b20d4ed7.jpg,train,0,1
elbow_2_1_png.rf.df9b3836a13678a3c3a15498fae80d25.jpg,train,0,1
IMG0000531_jpg.rf.dfa88d739632d8d1afc42a9fc32a23d4.jpg,train,0,1
image-no684-normal-_png.rf.dfa8d5b9c7952a9787fb95a77230f548.jpg,train,0,1
IMG0000894_jpg.rf.dfedc8a882a2ed59cb54eaf3705deb79.jpg,train,0,1
hand_ewing_5_png.rf.dfd55f40aa5e8e2d748a7b004720d0ac.jpg,train,1,0
image-no584-normal-_png.rf.e023c3dab4f472f13be522d28525e781.jpg,train,0,1
IMG0000289_jpg.rf.dfb64d20afbc615e2ccced072d796240.jpg,train,0,1
cspine_3_1_png.rf.dfbf9626f40abb51e9d04aee02d406c1.jpg,train,0,1
IMG0000627_jpg.rf.e02b82b2c175935ecabad50eca61f293.jpg,train,0,1
humerus_14_2_png.rf.dfb09c86f17884364a0da2a5e9a0e0bb.jpg,train,0,1
IMG0000670_jpg.rf.e08878a811a7e2fd9c7425f62e237d0f.jpg,train,0,1
IMG_3559_JPG_jpg.rf.e07af276c5cede0c38f38d3792823ead.jpg,train,1,0
IMG0000861_jpg.rf.e010fd0fa3a14a23d191705b52e126c2.jpg,train,0,1
ankle_8_2_png.rf.e07a96e6c940415146923437cf68cf60.jpg,train,0,1
IMG0000772_jpg.rf.e061b5430b11177d1840515c6e58c9f8.jpg,train,0,1
bone-cancer_train_2_2082_png.rf.e0cd0071b191ad96d3c0811a556bd687.jpg,train,1,0
IMG_0420_JPG_jpg.rf.e0c80aa01f2e7740ceca1f5b7aa94b2b.jpg,train,1,0
IMG0000492_jpg.rf.e0858810d735de20af43755d2bbcb114.jpg,train,0,1
tibia_osteosarcoma_1_PNG.rf.e0b92676276105535db5b16d02a1ccc6.jpg,train,1,0
download-2-_png.rf.e091123ba441283a7b91b6f9adcec68f.jpg,train,0,1
IMG0000716_jpg.rf.e0adb8641368b0417e21185be15f539e.jpg,train,0,1
IMG0000848_jpg.rf.e055442bae4276413e825c6409225c02.jpg,train,0,1
foot_15_2_png.rf.e0ea24409c36f343315d2b3083fd4c5c.jpg,train,0,1
chest_30_female_png.rf.e0d2a3a076041e4c5b893777f18f262c.jpg,train,0,1
bone-cancer_train_2_2177_png.rf.e1515f4daf25250459595d87578f0534.jpg,train,1,0
Picture1_d-11-_jpg.rf.e0f141d88917c3be17266cc3bc0e441f.jpg,train,0,1
image-no362-normal-_png.rf.e111278c9d38f26c219865b3a6187995.jpg,train,0,1
image-no84-normal-_png.rf.e0fe10c82399ad11aeafd39bb4eda382.jpg,train,0,1
bone-cancer_valid_337_png.rf.e0e1955b6bbc2b6b98f82ea0803dc025.jpg,train,1,0
-32-_jpg.rf.e101ab9c4998fd9eb93531c85ff52010.jpg,train,0,1
Picture1_d-4-_jpg.rf.e0f2db25d33cd79374a1eb1646031136.jpg,train,0,1
bone-cancer_valid_355_png.rf.e151f92c013b7c189b045a4c6199aea6.jpg,train,1,0
image-no592-normal-_png.rf.e0efcead6a74b2ff252306acad8b6ad9.jpg,train,0,1
bone-cancer_train_2_2045_png.rf.e0f5c26696a32647b3c900d26f21133c.jpg,train,1,0
IMG0000522_jpg.rf.e185ead63c464df64d72b97ee85feda4.jpg,train,0,1
4-month_JPG_jpg.rf.e117cfdd3e797b0a9f5dfdd78e9a153c.jpg,train,1,0
bone-cancer_train_2_2095_png.rf.e157eb259598439be37a2cf88d4a206b.jpg,train,1,0
humerus_8_png.rf.e153b6df33888ee3c6a66a3f32e79c83.jpg,train,1,0
IMG_9805_JPG_jpg.rf.e17c071e40efda98b388495bef8d8f73.jpg,train,1,0
IMG0000876_jpg.rf.e1544a18f237e430788814da46f5a4ab.jpg,train,0,1
Picture13_jpg.rf.e109a250cc804178e9791d5571b71c5b.jpg,train,0,1
image-no55-normal-_png.rf.e1aeff97272fe0acc49be54fec73e1bf.jpg,train,0,1
bone-cancer_train_2_2023_png.rf.e18abc6e231556b38c8edbaf02ba0fcf.jpg,train,1,0
bone-cancer_valid_2_138_png.rf.e28254021fa6da966705d149e13957f2.jpg,train,1,0
IMG0000812_jpg.rf.e191fb10fac88a2c8539378c235e05f7.jpg,train,0,1
bone-cancer_train_2_2464_png.rf.e1ce6802725b435a3a60002758a7b003.jpg,train,1,0
bone-cancer_train_2_1667_png.rf.e2387f7e18eb8098cbdf0f7f4d644f4b.jpg,train,1,0
bone-cancer_valid_122_png.rf.e27fd30126610f01ff859a997faf5505.jpg,train,1,0
image-no308-normal-_png.rf.e28910336428c78152432c5979bc9e1d.jpg,train,0,1
IMG0000871_jpg.rf.e248f905e3a44a768e991d9a3975da5e.jpg,train,0,1
bone-cancer_train_2_2293_png.rf.e28ff4dcffcb9c971d9d10a809f059b7.jpg,train,1,0
image-no87-normal-_png.rf.e1e701d2d68f5aad5a267e169aa1c1cd.jpg,train,0,1
image-no13-normal-_png.rf.e1f4af8db7a4caed28d1a00932968a29.jpg,train,0,1
image-no411-normal-_png.rf.e2921928540ce0afffd6801df22b234e.jpg,train,0,1
tf_8_2-1-_png.rf.e29cfd3b8df0f3c7bc7b399bd5d1f030.jpg,train,0,1
bone-cancer_valid_140_png.rf.e25f3e07c810c447530606d104c029d1.jpg,train,1,0
bone-cancer_valid_354_png.rf.e1f5234c6c3b6928209eb66e932e666f.jpg,train,1,0
bone-cancer_valid_83_png.rf.e2a2d911090973e53f852676c4e07aed.jpg,train,1,0
bone-cancer_train_2_286_png.rf.e254eb27ef0f528d05e5794a1e9955d7.jpg,train,1,0
IMG0000115_jpg.rf.e22ec3379763633ad9b81c5d6cb08116.jpg,train,0,1
IMG0000823_jpg.rf.e2932620bbbae3a79ca70bbd19abf2de.jpg,train,0,1
image-no599-normal-_png.rf.e2fd9635132d62e45e8346a50b471ddd.jpg,train,0,1
image-no436-normal-_png.rf.e2b42a958cd03431849136d1736e333e.jpg,train,0,1
image-no687-normal-_png.rf.e2dbf8fee08cfd395199cc33595cb736.jpg,train,0,1
45_JPG_jpg.rf.e36508d7f1c1b39017d6db54b375b390.jpg,train,1,0
IMG0000864_jpg.rf.e2bda613cd1f7df28fee7198a00389d9.jpg,train,0,1
IMG0000772_jpg.rf.e367fd3c8503c5cd1f586641dc1e2d75.jpg,train,0,1
image-no374-normal-_png.rf.e3b26cf3f38914d1978f16702cf7e896.jpg,train,0,1
bone-cancer_train_2_941_png.rf.e320f342c5e4a9e5254d104aa2537a50.jpg,train,1,0
bone-cancer_train_2_2452_png.rf.e34133f94fbff1c1961043507d6894dd.jpg,train,1,0
image-no547-normal-_png.rf.e2a2dcd0b072fb9a67369850f280cb9e.jpg,train,0,1
bone-cancer_valid_2_438_png.rf.e3486ed6f112c4a9c5374b357acd4957.jpg,train,1,0
bone-cancer_train_2_1748_png.rf.e2e4a5eeae8131625e500a0f32401e8e.jpg,train,1,0
IMG0000784_jpg.rf.e36440cab07ce8667d573302ebb619ad.jpg,train,0,1
bone-cancer_train_2_972_png.rf.e34fdd635cf3ad0b05471b3ca59cfcc3.jpg,train,1,0
IMG0000890_jpg.rf.e3079457d1a7a25811c0257f76db087e.jpg,train,0,1
bone-cancer_train_2_2380_png.rf.e2d3314cb5c1ed81fb13941bf879edaf.jpg,train,1,0
fibula_ewing_22_png.rf.e389a78767c70bb18bb583e7c974bb7f.jpg,train,1,0
ulna_0thers_1_png.rf.e37125b9a2a6180858efe8ac009df902.jpg,train,1,0
IMG0000512_jpg.rf.e3d163b07cb3561eb1cd44247c844d26.jpg,train,0,1
bone-cancer_valid_187_png.rf.e3d3f2a99fb8d2803059e69ef4aa2a75.jpg,train,1,0
bone-cancer_test_32_png.rf.e3d1415e63206f0c48a44abdd692bc84.jpg,train,1,0
IMG0000482_jpg.rf.e3ac344b22bf3eedeaf8550f88829ca0.jpg,train,0,1
bone-cancer_train_2_2116_png.rf.e408cadc76c94e2663d6d7fcf92a0720.jpg,train,1,0
Normal-ankle-x-ray-for-reference-_png.rf.e413179d9e9bcab74f0aeff85c66a4ca.jpg,train,0,1
bone-cancer_train_2_2517_png.rf.e3da7a85d07fef6536efbed1f713ad48.jpg,train,1,0
bone-cancer_train_2_989_png.rf.e43d2ac3c0ca8bde05d61f7bb3d08319.jpg,train,1,0
image-no312-normal-_png.rf.e412a90f3550cffd2b6ab42a5e643e7c.jpg,train,0,1
IMG0000465_jpg.rf.e471e4a0b330464dc0bee01e615269a8.jpg,train,0,1
bone-cancer_train_2_2370_png.rf.e40ee53b1ef51ab5d48e51f8ce06056f.jpg,train,1,0
IMG0000629_jpg.rf.e4247539fade749496575e5e9a651421.jpg,train,0,1
foot_7_1_png.rf.e49176402834c21b6101319ede651089.jpg,train,0,1
IMG0000700_jpg.rf.e479703912a65ad0af83817f2b5601c5.jpg,train,0,1
foot_19_png.rf.e44a828d7383f88124859589d103415c.jpg,train,1,0
bone-cancer_train_2_1816_png.rf.e44f60d8dec2210ea651dd94580167d2.jpg,train,1,0
IMG0000888_jpg.rf.e48ebd4a83444a667f4710874773ef40.jpg,train,0,1
hand_57_png.rf.e47ff6d882fbb6f2220aaa9df1056e9c.jpg,train,0,1
IMG0000719_jpg.rf.e464cf5f86977046b7a37cf096933f22.jpg,train,0,1
IMG0000589_jpg.rf.e429e1b255406d2a560c90f3d44fdffc.jpg,train,0,1
IMG0000838_jpg.rf.e4a922d05403242bd25a4cdbebd0ce57.jpg,train,0,1
bone-cancer_train_2_392_png.rf.e2b57db1d2493007caab16b950a23212.jpg,train,1,0
image-no488-normal-_png.rf.e47478c6b4c58698a71367c16c213354.jpg,train,0,1
IMG0000571_jpg.rf.e490d722db02717c66892c52f303c82c.jpg,train,0,1
image-no535-normal-_png.rf.e46aa355c34296e35a6f0fc6614cf663.jpg,train,0,1
bone-cancer_train_2_2028_png.rf.e4b78637f25ff2cbfaab576e3360dc77.jpg,train,1,0
IMG0000345_jpg.rf.e4b3b7ab5bd2b87edb8958cfd949f45f.jpg,train,0,1
bone-cancer_train_2_2264_png.rf.e4926fec3d62348ce5e60612c60ea6ae.jpg,train,1,0
IMG0000503_jpg.rf.e49ae19a9128ecec9f9b560680539f71.jpg,train,0,1
IMG0000608_jpg.rf.e4979e833ad89623e3aaf54953a791e8.jpg,train,0,1
fibula_metastasis_2_png.rf.e4a51a24d1238b73d77df13272a2c94c.jpg,train,1,0
image-no19-normal-_png.rf.e4e0158b439d9cd9d973361508b3fe26.jpg,train,0,1
90_JPG_jpg.rf.e50ad72f446454ad4540e9ae2544ce33.jpg,train,1,0
femure_chondrosarcoma_9_PNG.rf.e50c8da2a6f0e0b2e5384a293b986b0a.jpg,train,1,0
bone-cancer_train_2_1919_png.rf.e4cd67a9a8cad664a169df8861bbe771.jpg,train,1,0
79_JPG_jpg.rf.e5e5eb67d93846be2cbffebb86859272.jpg,train,1,0
image-no325-normal-_png.rf.e547c52f2b531c3af47c32c5789f3ee8.jpg,train,0,1
image-no500-normal-_png.rf.e528dd962c5cd313fa057fbaba478e14.jpg,train,0,1
image-no158-normal-_png.rf.e55e50e3776bdb7a78e831729de2416a.jpg,train,0,1
IMG0000885_jpg.rf.e55271575a1a58d2bc0df74df4a9808e.jpg,train,0,1
bone-cancer_train_2_118_png.rf.e58f0f406bf2a62ee4d6771a30532316.jpg,train,1,0
image-no296-normal-_png.rf.e53bb4014a9bb4446de424827982240b.jpg,train,0,1
foot_24_png.rf.e5d24a4f0379ac3e2ad9f178fd58f299.jpg,train,1,0
image-no559-normal-_png.rf.e589ecebf8f4e5297b066f7d8c10f962.jpg,train,0,1
bone-cancer_train_2_2428_png.rf.e54a2b90e1ce37d19d8157797127aa92.jpg,train,1,0
196_JPG_jpg.rf.e5ec6cb5121e4dc5a705ad16f49cb7ae.jpg,train,1,0
IMG0000820_jpg.rf.e5ecc673978aa5eb810eda82fd1a6d64.jpg,train,0,1
IMG0000458_jpg.rf.e5f00c290e7477c268e7e294bfd248b2.jpg,train,0,1
bone-cancer_train_2_2406_png.rf.e5f2250706ffa39ffd54a2ac872315d1.jpg,train,1,0
bone-cancer_train_2_432_png.rf.e56bca44c0fb824f34435c29b484725a.jpg,train,1,0
image-no463-normal-_png.rf.e51781624f7236fed331d43e8759cbfb.jpg,train,0,1
chest_9_1_png.rf.e5e6e8bc8bf1932e3c81a7d6db2785c9.jpg,train,0,1
IMG0000811_jpg.rf.e61e04d62269793a88c84fb87a73d7cc.jpg,train,0,1
IMG0000342_jpg.rf.e5a55b932f6d4970d884f247dc7dd87b.jpg,train,0,1
elbow_1_2_png.rf.e62978bf6208bcd82d4eca1c8f6c389e.jpg,train,0,1
91_JPG_jpg.rf.e61a939c807a5b05184a88e86ea7aed3.jpg,train,1,0
bone-cancer_valid_195_png.rf.e67e06863ffbe6fc42ee3b390e793253.jpg,train,1,0
IMG0000678_jpg.rf.e5f3dae1432b875d61a30dc6509caf9a.jpg,train,0,1
IMG0000670_jpg.rf.e65c3d4b08f54fd9b1725647d1a1ce97.jpg,train,0,1
image-no44-normal-_png.rf.e6442c4e5964e081d5393fbb83d688c3.jpg,train,0,1
bone-cancer_train_2_1054_png.rf.e67a1ff0553a482d0879a9984bf756db.jpg,train,1,0
bone-cancer_train_2_1098_png.rf.e67b4876f8ef40c27791c1dc50e244ad.jpg,train,1,0
IMG0000709_jpg.rf.e66d5fa64a3b1bb2d39f949e23007fff.jpg,train,0,1
IMG0000831_jpg.rf.e639cec5cb753707f8767af3ac88b39e.jpg,train,0,1
femur_ewing_3_PNG.rf.e69547bbbd676614d854cba45d3ade52.jpg,train,1,0
IMG0000766_jpg.rf.e678740d3fabdc21e35b2d878699bc57.jpg,train,0,1
hand_27_png.rf.e6b5cf123f0b1a397a2163efd5f5587d.jpg,train,0,1
Forearm_25_2_male_png.rf.e65337f3ee30b17c3e05940bc019d467.jpg,train,0,1
IMG_7652_JPG_jpg.rf.e69a1fcc5efcd613ccdbd600500d3194.jpg,train,1,0
bone-cancer_valid_2_333_png.rf.e65b07e73924559bb63efc00e40bdfe4.jpg,train,1,0
bone-cancer_valid_207_png.rf.e650f6e64207746b276ba272dc254316.jpg,train,1,0
bone-cancer_valid_372_png.rf.e6db73ee98118ba416569fbc08169ef2.jpg,train,1,0
image-no131-normal-_png.rf.e67ead64dc801903cea0dcee5047a5fd.jpg,train,0,1
IMG0000240_jpg.rf.e6bae073df067e34b8fe5edfdd28fc6f.jpg,train,0,1
IMG0000710_jpg.rf.e6ff601509252f1525a352b1a6f85225.jpg,train,0,1
IMG0000722_jpg.rf.e74226250c714ec23ce692b514df744b.jpg,train,0,1
bone-cancer_train_2_2342_png.rf.e710b6a1e2995ee4ed2c8d3a0d608526.jpg,train,1,0
istockphoto-523167207-612x612_jpg.rf.e737e7f2a1f00f1f102b848e255dd0c4.jpg,train,0,1
bone-cancer_train_2_2114_png.rf.e6e30be5faff85a8f2446601eeac03c5.jpg,train,1,0
bone-cancer_valid_2_162_png.rf.e74f49aa50a6e9a1c33d6cff78492643.jpg,train,1,0
DBEA1876_JPG_jpg.rf.e757dd063007ef59937183d3e021e0ae.jpg,train,1,0
IMG0000537_jpg.rf.e77ab903698ce9b986dd9cdd7b41dc51.jpg,train,0,1
IMG0000816_jpg.rf.e71e4952df5e3f90134ab4a59fcc0d0a.jpg,train,0,1
IMG0000706_jpg.rf.e759da5cd9b5f15cf8d0013f6fd1159f.jpg,train,0,1
image-no610-normal-_png.rf.e796a5d8d234d1e1d523b83565a48ebe.jpg,train,0,1
bone-cancer_train_2_202_png.rf.e79611f82bd993bccda9393eafc1f64b.jpg,train,1,0
95_JPG_jpg.rf.e7ab285847b3c1f57f0ba96b56e9a166.jpg,train,1,0
femur_fibrosarcoma_8_PNG.rf.e7a966963cde52e9f12076842d89a27a.jpg,train,1,0
bone-cancer_train_2_580_png.rf.e7b69267f8b086dc14a0623d07bd24cb.jpg,train,1,0
bone-cancer_test_55_png.rf.e79ae28237a96d6b415b84a80d50dc4e.jpg,train,1,0
IMG0000848_jpg.rf.e7ede0f0b76cca7bfcf14880d2f34cef.jpg,train,0,1
Scapula_1_3_png.rf.e796edd702b44922783c359337a55677.jpg,train,0,1
image-no725-normal-_png.rf.e7e9ef39bd44d69aad24e67efdef0c48.jpg,train,0,1
IMG0000869_jpg.rf.e7d8db1a31fa1dab15eaca507a55a78b.jpg,train,0,1
image-no186-normal-_png.rf.e82752fd28a3235042830a14f35907d0.jpg,train,0,1
bone-cancer_valid_135_png.rf.e8293d25c678b2cc22b308b079f2089a.jpg,train,1,0
IMG0000792_jpg.rf.e8068484656a512220f84fefa4bea974.jpg,train,0,1
image-no729-normal-_png.rf.e76c76b678e734732c8797e23698c458.jpg,train,0,1
IMG0000349_jpg.rf.e7c366bf2a9e75cf976b1d7153c36760.jpg,train,0,1
bone-cancer_test_12_png.rf.e806ef05474fbac463949558422ccb4f.jpg,train,1,0
bone-cancer_valid_191_png.rf.e7fc98de6f3811d48daec2b4d0fce12d.jpg,train,1,0
ankle_5_3_png.rf.e854fd6c69b47d8a4b220308d8c2ac16.jpg,train,0,1
IMG0000571_jpg.rf.e85830f23f3c56dd8f2bd8fe1bf8f12a.jpg,train,0,1
IMG0000891_jpg.rf.e867518775ab2549dc6893e63f70efdf.jpg,train,0,1
IMG0000658_jpg.rf.e8fc3e5e4420626c4c9e33f4908f4d06.jpg,train,0,1
IMG0000571_jpg.rf.e8943fd1becb339814fab8bf5712bf0f.jpg,train,0,1
image-no733-normal-_png.rf.e90350147c4f6491f2957ebfb2904866.jpg,train,0,1
bone-cancer_train_2_412_png.rf.e8930ed8fc6e0dbb2984004a5e0a3e2d.jpg,train,1,0
IMG_2073_JPG_jpg.rf.e94dab69808c02574fe8b90b3769c3bb.jpg,train,1,0
bone-cancer_valid_2_123_png.rf.e8a2354d2fb94b7670a05b2b1375b7bd.jpg,train,1,0
bone-cancer_train_2_684_png.rf.e9784e5c050c3e7de36c4aeb338b4cdf.jpg,train,1,0
IMG0000811_jpg.rf.e8dc1b1af1688a9b0ca81188510dcfe7.jpg,train,0,1
image-no568-normal-_png.rf.e909b0e4cad682d834b56d25a2650b1a.jpg,train,0,1
humerus_0_1_png.rf.e9789b5e2b6baa1c07415486ebd1744d.jpg,train,0,1
bone-cancer_train_2_1394_png.rf.e94de486db537be18cde793c87dd52ff.jpg,train,1,0
IMG0000396_jpg.rf.e99348c1859163414935e8eb6fd5b3d1.jpg,train,0,1
elbow_15_2_png.rf.e8e8d4e3650a044afac868a1555bad8f.jpg,train,0,1
fibula_ewing_23_png.rf.e98af4aa6a8b824e260a0116459eee88.jpg,train,1,0
bone-cancer_train_2_954_png.rf.e978c71e5fe4ae4befd6e74cdf778dc5.jpg,train,1,0
IMG_5446_JPG_jpg.rf.e97fae2fa09078b808a9c88df9626221.jpg,train,1,0
image-no620-normal-_png.rf.e94743c5adbab676d4d19702fccedffa.jpg,train,0,1
bone-cancer_train_2_2526_png.rf.e9a2e07369664260d3c84654dedd59bf.jpg,train,1,0
bone-cancer_train_2_2346_png.rf.e94d223218115f61dbcf434682204595.jpg,train,1,0
tibia_osteosarcoma_16_PNG.rf.e94cd77c6843a63be15c4b091afc205c.jpg,train,1,0
bone-cancer_train_2_2496_png.rf.e9a88b2f67f81db8a02ff5d5b0b6faf8.jpg,train,1,0
IMG0000780_jpg.rf.e9bec70c0cb2c20beaef43b795c0c2c8.jpg,train,0,1
bone-cancer_valid_2_396_png.rf.e9c3e90ddb0904dd0185b32e8f05022f.jpg,train,1,0
bone-cancer_valid_102_png.rf.e9d7176f37a940f19eaf275bc6135c3f.jpg,train,1,0
IMG0000734_jpg.rf.e9e89ececea8fc432cb5af74aa34bd95.jpg,train,0,1
bone-cancer_valid_2_261_png.rf.e9e36fc7cbb065aca0115289276cf992.jpg,train,1,0
image-no232-normal-_png.rf.e9d6af59f1a558d7e5a0ff32d987a790.jpg,train,0,1
pelvis_osteosarcoma_2_png.rf.ea3288ef5b0a37d9946e5ec90b680006.jpg,train,1,0
bone-cancer_train_2_519_png.rf.e9da22904ee2325f8d19fa7746c50336.jpg,train,1,0
IMG_0540_JPG_jpg.rf.ea55f9767aa57655dfa6cf03defb871b.jpg,train,1,0
ankle_6_3_png.rf.ea36765df817be2d06caba75b2dde6be.jpg,train,0,1
88_JPG_jpg.rf.ea391aaf4c85c70d3423e1b031f92816.jpg,train,1,0
image-no560-normal-_png.rf.ea43ba365318532d825e62cb6843e925.jpg,train,0,1
hand_ewing_8_png.rf.ea62b6a871ccf8ea5bcbde290e5e3703.jpg,train,1,0
bone-cancer_train_2_2288_png.rf.e9e278bb4a9f5f90f066bfdbfc9cd3d6.jpg,train,1,0
bone-cancer_valid_2_126_png.rf.e9e2c6a6f20ca8dcf13a52a40d2500a7.jpg,train,1,0
femure_chondrosarcoma_2_PNG.rf.ea3cb6ab281f4cdbe97d484cb72cb31a.jpg,train,1,0
foot_8_1_png.rf.ea434c941802201c484cd4f9793afe3a.jpg,train,0,1
image-no741-normal-_png.rf.ea66c75f09dee409a7850f6bbd28d9f4.jpg,train,0,1
bone-cancer_valid_2_339_png.rf.ea82108d439001e6767e666a1f850dfa.jpg,train,1,0
tibia_other_21_PNG.rf.eac1b4007300f01513787ce6c7e33bc5.jpg,train,1,0
IMG0000838_jpg.rf.eaa90f14379e79f37ff1a7e0a6c10b94.jpg,train,0,1
bone-cancer_valid_314_png.rf.eaa09417f7332aab6f9d6f9e4528a9d5.jpg,train,1,0
IMG0000381_jpg.rf.ea234d2d3f25d33816f64ab332d38461.jpg,train,0,1
IMG0000547_jpg.rf.ea638d15e5a0ddaf04360502188bd1bd.jpg,train,0,1
IMG0000403_jpg.rf.e9f995656cb7513e82abcf1caca6521c.jpg,train,0,1
image-no72-normal-_png.rf.eb180f671ea6feecb49c3afa71d2bb75.jpg,train,0,1
bone-cancer_train_2_1290_png.rf.eb80a0a1f50df40dfec4485578231b36.jpg,train,1,0
hand_14_1_png.rf.eb288cfa13ee947b74feda342bf98384.jpg,train,0,1
image-no333-normal-_png.rf.ebc5e419e26b00703b6b561a33b32e5f.jpg,train,0,1
IMG0000840_jpg.rf.eba2cff60cdf12825849da9d97d92a97.jpg,train,0,1
IMG0000628_jpg.rf.ebaed5c36189780dc930ca0da6c25736.jpg,train,0,1
bone-cancer_train_2_1704_png.rf.eba75808153878a0e0e6a126a0758d33.jpg,train,1,0
cervical-spine_23_png.rf.ebba8c8039cde2c0ede8925a51957aa5.jpg,train,1,0
bone-cancer_train_2_2459_png.rf.eb1fdd745538cef08b68928a30afc5b7.jpg,train,1,0
image-no699-normal-_png.rf.eb1ff3902854a19a0c09c7de15893fee.jpg,train,0,1
bone-cancer_train_2_358_png.rf.eaf398fd1c3c7158bdf133a06c96509e.jpg,train,1,0
bone-cancer_train_2_2504_png.rf.eb674130239d0b80a2cdbc57c7967724.jpg,train,1,0
IMG0000688_jpg.rf.eb9a2b5c9c930d5093e84b2d852e8e5e.jpg,train,0,1
bone-cancer_valid_2_249_png.rf.eaffac2fd0df1a123a6226b7eddbb867.jpg,train,1,0
IMG0000512_jpg.rf.eb5f0c121a745da0f5506989217c55d9.jpg,train,0,1
IMG0000605_jpg.rf.eb1e363d5543d1c5081e7cd38f3bbc62.jpg,train,0,1
image-no332-normal-_png.rf.ebb9a17eb262197f68e041e70945dd4f.jpg,train,0,1
IMG0000772_jpg.rf.eb3525222f61c5560e84b79cad66618c.jpg,train,0,1
bone-cancer_train_2_1361_png.rf.ebd170c43cd32a50b8eed4ab922a81e8.jpg,train,1,0
IMG0000644_jpg.rf.eb9a1b5117def65c515996d3b5daaf57.jpg,train,0,1
143_JPG_jpg.rf.eb905f436e056ab357f2279eb773d93d.jpg,train,1,0
bone-cancer_test_70_png.rf.ebf1259b91b85672cc28e8e1cb7bbedd.jpg,train,1,0
bone-cancer_train_2_962_png.rf.ebf3fff9751cd50ed925679a538be334.jpg,train,1,0
IMG0000658_jpg.rf.ec7cf7f1ffa5a2df8b32c1a3be984784.jpg,train,0,1
bone-cancer_train_2_1651_png.rf.ec3ed1fe450b9c6192deb8db99c17950.jpg,train,1,0
bone-cancer_train_2_1899_png.rf.ec9dae25a7a62de167008b63a7d51447.jpg,train,1,0
IMG0000794_jpg.rf.ec0c927c5a4e0609f51dea1d92d3d754.jpg,train,0,1
knee_9_2_png.rf.ebfb27c781dcf96fda53b6d240f0092d.jpg,train,0,1
pelvis_osteosarcoma_3_png.rf.ec77a9383ac19d234d930cf5f4a8fdca.jpg,train,1,0
bone-cancer_valid_2_434_png.rf.ec5067a564c386d59658449d78898528.jpg,train,1,0
IMG0000292_jpg.rf.ec0b4f2d888323e4cec3e1d2770ce528.jpg,train,0,1
bone-cancer_train_2_779_png.rf.ec4291c63d90ba9cdd636f4335ec3d0e.jpg,train,1,0
IMG0000292_jpg.rf.ecab1cc26e33afbbd61c9ebc7cf2ebee.jpg,train,0,1
chest_15_2_png.rf.eca4fe9f33e6007803c43d294adda464.jpg,train,0,1
image-no464-normal-_png.rf.ec2e74b503d8bf8f466379c376317503.jpg,train,0,1
tibia_ewing_16_PNG.rf.ec329aeeae4ed75e31a8234e642fdbba.jpg,train,1,0
image-no681-normal-_png.rf.ec8eed43058e397c624bcb01308f2274.jpg,train,0,1
image-no365-normal-_png.rf.ecc91e7b0569f6342b3b20e9d8aa1673.jpg,train,0,1
image-no212-normal-_png.rf.ec924892ae655a77e39b185bd014e782.jpg,train,0,1
bone-cancer_test_127_png.rf.ec3dc47396ff7359ab4ea1ec24a983d9.jpg,train,1,0
IMG0000723_jpg.rf.eccceb763c779959b3919537e26ba1dd.jpg,train,0,1
bone-cancer_train_2_1202_png.rf.eca6ac3d98b4c10fc70a354522196b75.jpg,train,1,0
image-no533-normal-_png.rf.ecf750b4f899df27ef1bc037ab37a8d1.jpg,train,0,1
bone-cancer_valid_2_404_png.rf.ec7aec447094b1595d4b449608dd35fb.jpg,train,1,0
IMG0000403_jpg.rf.ecfd4072b40c8bd9da9cc9a01fdd8b52.jpg,train,0,1
bone-cancer_valid_133_png.rf.ecbd90d4ecc233cc2afd1f650e491785.jpg,train,1,0
IMG_1719_JPG_jpg.rf.ecf08edc313917b24788ab10ac342d2c.jpg,train,1,0
IMG0000861_jpg.rf.ed098d5a14aace2bd27596eaa0d1ad22.jpg,train,0,1
bone-cancer_train_2_1630_png.rf.ecce4b60bfe3abfcae95bf88f3d68dc3.jpg,train,1,0
bone-cancer_valid_298_png.rf.ec8ad0e4b19c55793733a36d9633ca43.jpg,train,1,0
bone-cancer_train_2_2241_png.rf.ed09ff877091098c7dda08b13a32276d.jpg,train,1,0
bone-cancer_test_187_png.rf.ed0fd19c06b324797f920b94967eba5a.jpg,train,1,0
image-no687-normal-_png.rf.ed3b70ca61369b9418fff62b544533bc.jpg,train,0,1
bone-cancer_test_123_png.rf.ed3d8b5294dc134e62171dd3dfc4f5ea.jpg,train,1,0
IMG0000835_jpg.rf.ed4837e920aa61ea69264d078b4b9959.jpg,train,0,1
IMG0000837_jpg.rf.ed5e47d39970f70b08cf6d498bc7841c.jpg,train,0,1
IMG0000689_jpg.rf.ed46448ce24f6376cad5a1cafe7747c5.jpg,train,0,1
image-no727-normal-_png.rf.ed60243dfbc65a5fbf47203ecf3c9265.jpg,train,0,1
bone-cancer_valid_281_png.rf.ed7e8e17fac5d7ded27f5a7c353b6dc9.jpg,train,1,0
bone-cancer_train_2_1140_png.rf.ed835626fa388b6e24407aff798d9fc0.jpg,train,1,0
bone-cancer_test_204_png.rf.ed71f64a2fedbd07ba5f5c63ff8c75c1.jpg,train,1,0
IMG0000678_jpg.rf.ed5c02f24b391047c9010e023b1e3f6f.jpg,train,0,1
hand_encondroma_12_png.rf.ed302637f8f46d73b2fa8dbdb891a117.jpg,train,1,0
bone-cancer_train_2_300_png.rf.edbdd633aa70739943c4f95b495166a1.jpg,train,1,0
tf_3_1_png.rf.ed9fe6b34209a539accf849972284c67.jpg,train,0,1
tf_0_1_png.rf.ed7d1c3659f0507009164ca39d5236f2.jpg,train,0,1
Normal-adult-humerus-for-reference_png.rf.edb9e5105da1920c22c83ec59142ce49.jpg,train,0,1
IMG0000853_jpg.rf.ed87552dc8d729fab96591eb67c2b456.jpg,train,0,1
bone-cancer_train_2_1335_png.rf.edd718ec10d7e987abff099566840a75.jpg,train,1,0
bone-cancer_test_141_png.rf.edfbf781f7b4ce3968843c6f9adab143.jpg,train,1,0
IMG0000898_jpg.rf.ed4ad80d98ae849dc99451b40143e2e1.jpg,train,0,1
IMG_3983_JPG_jpg.rf.edf0c4c966547d8552d857c152eb8a3b.jpg,train,1,0
elbow_6_1_png.rf.ee14e47871af95e86c58fb79bc8b8c57.jpg,train,0,1
bone-cancer_valid_277_png.rf.ee33b6330d68210dc3edc122bebe03b4.jpg,train,1,0
download-6-_png.rf.ee46815cfc8ddcb326f039859d2f992b.jpg,train,0,1
pelvis_9month_png.rf.ee2f6e5ded394d6364ca38e7f9e4e96d.jpg,train,0,1
bone-cancer_train_2_1832_png.rf.ee506283167ea67a4971676e4b8881ef.jpg,train,1,0
IMG_8648_JPG_jpg.rf.ee592cf6c40d225a490ec7640105a0e1.jpg,train,1,0
bone-cancer_train_2_1890_png.rf.ee98b4d52a60e809a9186782106a4745.jpg,train,1,0
IMG0000660_jpg.rf.ee818ed17f2b5101d97fea72e8c4ef31.jpg,train,0,1
bone-cancer_test_81_png.rf.ee57b38085c65dd1777ff420d7e4ae78.jpg,train,1,0
IMG_0398_JPG_jpg.rf.ede62ebab176b7c3f4de49000fa70866.jpg,train,1,0
tibia_osteosarcoma_23_PNG.rf.ee80fb3af97322e317d19ac66db6236f.jpg,train,1,0
IMG_2345_JPG_jpg.rf.ee7e8bb1606aa11e3506a7ca89304739.jpg,train,1,0
IMG0000511_jpg.rf.ee5957420b81e9c22516e254a6591fa2.jpg,train,0,1
image-no104-normal-_png.rf.eeaad2bb8bb0e8e3f061d9b670e1de43.jpg,train,0,1
image-no252-normal-_png.rf.ee6609476e92d44f9f4175eb90f4079e.jpg,train,0,1
bone-cancer_valid_2_39_png.rf.eea765fad677770a6ede3d1ebcc6f3a3.jpg,train,1,0
IMG0000335_jpg.rf.eec0f175d5325d8be3dd9d1fbd605837.jpg,train,0,1
IMG0000381_jpg.rf.eeb93eda42de5365a326d0d2c491a456.jpg,train,0,1
IMG_7603_JPG_jpg.rf.eeae19e34178b04e9302d070d64e9935.jpg,train,1,0
new1_jpg.rf.eebe21fe95bb187d020de01b8da2b765.jpg,train,0,1
IMG0000847_jpg.rf.eed95158ecc9f8ac5691960c16f41949.jpg,train,0,1
bone-cancer_train_2_2014_png.rf.eefa78705ed993a1b7594cc81145720b.jpg,train,1,0
image-no326-normal-_png.rf.eed236479fb36c0ffc831fb53481f462.jpg,train,0,1
bone-cancer_valid_2_218_png.rf.ef262326d142dfc075af4cc29ecb0708.jpg,train,1,0
IMG0000687_jpg.rf.eec4b1d93d5bb7f774cdbf9aab916839.jpg,train,0,1
image-no93-normal-_png.rf.eeda2452c06b4c0b0a1edcefae3b144b.jpg,train,0,1
IMG0000748_jpg.rf.ef0ba3c230bfddc8daf9344998f61e2e.jpg,train,0,1
IMG0000506_jpg.rf.ef7ced86a808e91485801377b1d7b6ef.jpg,train,0,1
hand_ch_6_png.rf.ef975c0ddd18fece7cc90322d5555f88.jpg,train,1,0
image-no604-normal-_png.rf.ef311a2983b69d29e552adbfdae2e8b4.jpg,train,0,1
image-no542-normal-_png.rf.ef8d7480abce8362659bed34fad76928.jpg,train,0,1
bone-cancer_train_2_1871_png.rf.ef8f8d50e9f68fe6127c1978bb661513.jpg,train,1,0
IMG0000562_jpg.rf.efbdd58506bd9b974cdbfe347b594337.jpg,train,0,1
image-no736-normal-_png.rf.ef477ecb4fa27c8671641ffc9fd492a0.jpg,train,0,1
bone-cancer_train_2_170_png.rf.ef3b747336b75d631b510e705115440d.jpg,train,1,0
bone-cancer_valid_2_2_png.rf.efc65b298a38e0224a84460f90a7348f.jpg,train,1,0
bone-cancer_valid_2_112_png.rf.efc9ec7ba3ca52a0317619aa81c06a55.jpg,train,1,0
bone-cancer_valid_2_258_png.rf.efc05e0f56ec7f6a4fc420309b565017.jpg,train,1,0
bone-cancer_valid_173_png.rf.efd03dab7b685165f4cec40f4d7e32f4.jpg,train,1,0
hand_other_1_png.rf.eff11266218849fd8137e71d9894d990.jpg,train,1,0
IMG0000873_jpg.rf.efe0c20e737e8b15d91043e00153e6a5.jpg,train,0,1
IMG_0572_JPG_jpg.rf.f04e35b73ecaaf5db7da560300f70ae5.jpg,train,1,0
IMG0000708_jpg.rf.f006e87238d3e40a7a48d3c5722c7107.jpg,train,0,1
image-no270-normal-_png.rf.f00a602b64ab9a4d39abb1d84aa485c5.jpg,train,0,1
cervical-spine_3_png.rf.f03f0bdcceab28a24fb0b59e3c09aa44.jpg,train,1,0
IMG0000000_jpg.rf.f06682010db3033b146f0349ff787759.jpg,train,0,1
foot_68_png.rf.f0652455d870679e204fac85b6ad9a4e.jpg,train,1,0
bone-cancer_valid_2_256_png.rf.f06d48bba7b8d6e530677053de7a291c.jpg,train,1,0
bone-cancer_train_2_1174_png.rf.f050f9280feb4952967a4204019625d6.jpg,train,1,0
tf_6_1_png.rf.f06ecacd6c4f33a5c9cec1c495250590.jpg,train,0,1
bone-cancer_train_2_1245_png.rf.f09e7d94ef454c2d02f61d8f28437774.jpg,train,1,0
image-no430-normal-_png.rf.f0d7fd77831ed057bd76a966b57d40bb.jpg,train,0,1
IMG_1704_JPG_jpg.rf.f0e1213d672bcaf237d297ecf7a2d0a0.jpg,train,1,0
bone-cancer_train_2_216_png.rf.f0dd2a8c5e8e1bb11a876be1561859d5.jpg,train,1,0
IMG0000667_jpg.rf.f0cc3838d190e413f5ffd8c8556d5193.jpg,train,0,1
IMG0000754_jpg.rf.f0d176a624871ec132ee237a55fc147f.jpg,train,0,1
foot_10_1_png.rf.f0bb23508d8ee8cccacdbedf797cbc12.jpg,train,0,1
IMG0000344_jpg.rf.eff4d53b3e3dfe09e7a40206ecd70e4f.jpg,train,0,1
IMG0000431_jpg.rf.f0fd860ad6c04c5998029ebbdec9e5fe.jpg,train,0,1
bone-cancer_train_2_1422_png.rf.f0e05dc19acc8c49b78319a6da5a5fe5.jpg,train,1,0
Picture1_d-15-_jpg.rf.f11bf226e17ab19b9690e21409c9d97d.jpg,train,0,1
bone-cancer_train_2_181_png.rf.f12266b0eac0ac7ec1b8fe6de0ad6c77.jpg,train,1,0
image-no115-normal-_png.rf.f11f24c56bb45013e289762bb6f82a44.jpg,train,0,1
IMG_0747_JPG_jpg.rf.f14975502e6bf3000854626c5e05809f.jpg,train,1,0
IMG0000809_jpg.rf.f15387e9545c5dbe3cdf248fa2b013a9.jpg,train,0,1
bone-cancer_valid_86_png.rf.f16db9217872df05e844ad30d4685e64.jpg,train,1,0
IMG0000737_jpg.rf.f148c79956a1f0f5e90e64dc57abbcb7.jpg,train,0,1
image-no666-normal-_png.rf.f14d3a34b56eb22ac8f3ec179eb1d142.jpg,train,0,1
bone-cancer_train_2_1479_png.rf.f177979396e0cd19effe80191602c9e8.jpg,train,1,0
bone-cancer_train_2_1374_png.rf.f14fcc68176abb10b9da084d829c1fd0.jpg,train,1,0
bone-cancer_train_2_1199_png.rf.f155a106f7ddb904cfbabaadb7641efc.jpg,train,1,0
IMG0000898_jpg.rf.f1cd7f376a32b97a510cf021923f42be.jpg,train,0,1
pelvis_female_2_png.rf.f1e6c4dce0cb155005861e0311b7e86f.jpg,train,0,1
image-no311-normal-_png.rf.f1773c40359159fd3bec6b665c8537b2.jpg,train,0,1
image-no1-normal-_png.rf.f206e9b514b8249839856016ba9f03b1.jpg,train,0,1
IMG0000500_jpg.rf.f1d56ee1b4d64135284dbb07d2c4821a.jpg,train,0,1
IMG0000719_jpg.rf.f234dd8335c960fe6e88b66eb264c8b5.jpg,train,0,1
image-no119-normal-_png.rf.f241332420b301363686a886edea984d.jpg,train,0,1
image-no494-normal-_png.rf.f2a479d1a7e8cceece1f1bb9a9d5af5a.jpg,train,0,1
bone-cancer_test_158_png.rf.f2ac462b1d49038d0b81a808f08859c2.jpg,train,1,0
IMG0000458_jpg.rf.f2c63b63933921724a3b4c848ab39d4b.jpg,train,0,1
hand_27_png.rf.f269081d519d0d433a5642a1ea2dc457.jpg,train,0,1
IMG0000481_jpg.rf.f278df9bb5d3cc367b335f46eabe23b9.jpg,train,0,1
bone-cancer_valid_2_27_png.rf.f28107e75ca03471b27662d1cfb9279a.jpg,train,1,0
bone-cancer_valid_333_png.rf.f2ebdd1996a664db6201d54582f33bbf.jpg,train,1,0
201_JPG_jpg.rf.f2af05be2013897b85a9a275fe17bfd8.jpg,train,1,0
IMG0000344_jpg.rf.f313271a82ca9f90975212cc667150f7.jpg,train,0,1
20_JPG_jpg.rf.f26fe5830eb791950d19b265decce41b.jpg,train,1,0
IMG0000780_jpg.rf.f27ebc1a58e4cd00216b22ac6f5e4503.jpg,train,0,1
IMG0000790_jpg.rf.f322ab6198c12f15a144f2b5029c83a2.jpg,train,0,1
bone-cancer_train_2_1563_png.rf.f2d0c872eaee3d9f995208f9f947c634.jpg,train,1,0
IMG0000792_jpg.rf.f35a38b7d2be79b1a93b298b4493da4f.jpg,train,0,1
IMG0000287_jpg.rf.f31afa2156db7c1e48a4cfc852cb0f1b.jpg,train,0,1
image-no459-normal-_png.rf.f23a7cb8f64c95dcdd490b608cf3d368.jpg,train,0,1
17_JPG_jpg.rf.f33aed52de923381680736cfaf4b5051.jpg,train,1,0
IMG0000826_jpg.rf.f354153ac40c1a076c926b06426f8ef8.jpg,train,0,1
bone-cancer_train_2_347_png.rf.f3c36adaadd5a9e20a2c43a1d619fc80.jpg,train,1,0
image-no322-normal-_png.rf.f3dd3b9384268c28fca264a0226ee133.jpg,train,0,1
IMG0000344_jpg.rf.f37c6d3fd151f24122858a989e75e447.jpg,train,0,1
hand_ch_3_png.rf.f395fe1e96d4f3479ed9224b0d763200.jpg,train,1,0
image-no434-normal-_png.rf.f3c798e464716421eab093608cd8f410.jpg,train,0,1
IMG0000837_jpg.rf.f3ec4ea288650206c554c9ecfa03cb54.jpg,train,0,1
bone-cancer_valid_2_337_png.rf.f403054c456eb343bb6fd6ffd12f2164.jpg,train,1,0
elbow_05_1_png.rf.f41cf35e112fa8c2071475b57521ae42.jpg,train,0,1
hand_15_1_png.rf.f431f1eb1205e7c47b5534b334c57351.jpg,train,0,1
bone-cancer_train_2_2467_png.rf.f3f04973d9edaafc7778c1e58adab2da.jpg,train,1,0
cspine_3_2_png.rf.f435306afadfcec5b28d76dc1c592429.jpg,train,0,1
IMG0000388_jpg.rf.f4ac1368602841b70e42a3f816b4d321.jpg,train,0,1
IMG0000737_jpg.rf.f45b1f74851158f90e1af1ccef91ee8b.jpg,train,0,1
bone-cancer_train_2_2142_png.rf.f4902e813bc2bb5b0d40129a01b8c1d3.jpg,train,1,0
IMG_0423_JPG_jpg.rf.f43f920d133491336fa1b25719ff5c4e.jpg,train,1,0
bone-cancer_valid_2_192_png.rf.f4affd62e16fcadfadc25b6657e90580.jpg,train,1,0
image-no90-normal-_png.rf.f48a5716b9f7e86c1b0e7afccec82d0a.jpg,train,0,1
image-no538-normal-_png.rf.f4ecabbff89d05729395f545f8043c84.jpg,train,0,1
istockphoto-500507091-612x612_jpg.rf.f4ec13e0f41c382a61c03d4c2c72f151.jpg,train,0,1
IMG0000835_jpg.rf.f44b2c7a3fac56924bf3af7343263f30.jpg,train,0,1
femur_fibrosarcoma_6_PNG.rf.f43581382f7b1fa64ae619b6000f2c18.jpg,train,1,0
IMG_1708_JPG_jpg.rf.f4dbaac1f6f07b407d4d603f195c500a.jpg,train,1,0
image-no323-normal-_png.rf.f43b50632a9d241f67f43ec96347ed2c.jpg,train,0,1
bone-cancer_valid_262_png.rf.f4cb2e4bf99244135fead5f76e045bb1.jpg,train,1,0
IMG0000633_jpg.rf.f4fc25f47a7424a9bbebfbefd5b7510d.jpg,train,0,1
IMG0000430_jpg.rf.f4f54b1a1fb9d77d7d8237e721e9c9f4.jpg,train,0,1
bone-cancer_valid_241_png.rf.f4fb3642ae528977601c12ab6196654e.jpg,train,1,0
foot_44_png.rf.f505c90320726ad441311ff2a756b55d.jpg,train,1,0
humerus_42_png.rf.f4fef04507015366364573aad5bac71f.jpg,train,1,0
IMG0000733_jpg.rf.f4f2be95c52b0b22a58fc0a133745832.jpg,train,0,1
177_JPG_jpg.rf.f500dd6dca34b1c12aded10ae71e6dbe.jpg,train,1,0
bone-cancer_train_2_825_png.rf.f50815c80299e2dee6e76d922df6d14b.jpg,train,1,0
bone-cancer_valid_338_png.rf.f505215e8b538744dfaba7cc3ecec8dc.jpg,train,1,0
IMG0000635_jpg.rf.f51f1be330c05f91dea074501a319d65.jpg,train,0,1
image-no98-normal-_png.rf.f545f6d4687868797843195dca7b391e.jpg,train,0,1
femur_normal_14_PNG.rf.f5697035e33be65e81fef13d59c51300.jpg,train,0,1
bone-cancer_train_2_2064_png.rf.f5bcfbe13328e92f019cc90211eaafb4.jpg,train,1,0
IMG0000439_jpg.rf.f569bf424c13bc3d631b34a8a83d0784.jpg,train,0,1
178_JPG_jpg.rf.f59b665c83c44a7c201ad1fc521d58b3.jpg,train,1,0
bone-cancer_valid_2_320_png.rf.f5785f242a9be1f899aee07692d877b1.jpg,train,1,0
bone-cancer_valid_2_292_png.rf.f55fd304fd3394960b49ddebd3bcac4b.jpg,train,1,0
istockphoto-532240739-612x612_jpg.rf.f58f39889132bbdd8398a966b3826281.jpg,train,0,1
IMG0000427_jpg.rf.f5bbfeddd9ca4a8bd06d68aac49c4f9e.jpg,train,0,1
bone-cancer_valid_2_294_png.rf.f53a2aa0aa19b5fbc22ef73a7794822c.jpg,train,1,0
image-no643-normal-_png.rf.f578f7cbdd3b5edd7aa1e1fb32bd2fa5.jpg,train,0,1
bone-cancer_train_2_2412_png.rf.f5614bfb04ad7a96cfe1a5c3b33cf1f7.jpg,train,1,0
IMG0000465_jpg.rf.f521a15ee8c07f42fa0ff6c3218b19b9.jpg,train,0,1
IMG0000331_jpg.rf.f5d111e0c91b150ec29f10700a9507dd.jpg,train,0,1
bone-cancer_valid_235_png.rf.f5626820209b58bc53f1935c62f9c03f.jpg,train,1,0
bone-cancer_valid_353_png.rf.f52649aaff3ed8a5ab9a08da6282e85a.jpg,train,1,0
image-no577-normal-_png.rf.f5c1d5cd5358eb2e58de51e9fa7534d5.jpg,train,0,1
cervical-spine_28_png.rf.f5be8838378a41261280174cc027d247.jpg,train,1,0
bone-cancer_test_117_png.rf.f5e2ce13286290c75128915c46f44635.jpg,train,1,0
istockphoto-1659841181-612x612_jpg.rf.f5dc5c6b5eb0ec5de1f58bdaab9941b2.jpg,train,0,1
knee_9_2_png.rf.f60407338bf63465e480da577184f746.jpg,train,0,1
IMG0000198_jpg.rf.f5f2c592e4bd6f64724dfa866060e95b.jpg,train,0,1
106_JPG_jpg.rf.f5e5b70121c66e035de4983874467a3e.jpg,train,1,0
bone-cancer_valid_18_png.rf.f6063e18264d5bebd72a44a279234044.jpg,train,1,0
bone-cancer_valid_2_316_png.rf.f5f0f2486528903d43325eae7f56b02a.jpg,train,1,0
IMG0000714_jpg.rf.f60f94b74a7609dba404a382aaaba6ae.jpg,train,0,1
bone-cancer_valid_357_png.rf.f63351736c708d49375cd272761fb014.jpg,train,1,0
image-no53-normal-_png.rf.f6284682a42eccf4fd47fe80d64dd1f2.jpg,train,0,1
humerus_49_png.rf.f64c42079f34cc24201269dce53435d7.jpg,train,1,0
istockphoto-1142758688-612x612_jpg.rf.f6243e9967003f2dee7793b64f97c516.jpg,train,0,1
bone-cancer_train_2_808_png.rf.f61c9cac1bbd2f6e990dad1c81505b4c.jpg,train,1,0
IMG0000597_jpg.rf.f6451fcacd53dcd03f61606a72021677.jpg,train,0,1
bone-cancer_train_2_666_png.rf.f65bcc2fd31b450af14f292cb274a358.jpg,train,1,0
image-no502-normal-_png.rf.f66d7938407d5be0339e754b5e35a97c.jpg,train,0,1
bone-cancer_valid_58_png.rf.f66101088c99a624a120cd82c7a22820.jpg,train,1,0
bone-cancer_valid_2_253_png.rf.f69fa10c94d0fde5e35beeb5a091f884.jpg,train,1,0
bone-cancer_train_2_737_png.rf.f695acea6a0b3a7513d5b85fbd6c4407.jpg,train,1,0
chest_5_2_png.rf.f658488babd5424d95c7c3934ab9d4cb.jpg,train,0,1
bone-cancer_train_2_1427_png.rf.f6722d118cec2faf33031dbf3758050e.jpg,train,1,0
IMG0000475_jpg.rf.f69d2a827e346001afad3600cfd35017.jpg,train,0,1
bone-cancer_train_2_1914_png.rf.f6a24b30c63a713eaac0040ca0bbb31a.jpg,train,1,0
IMG0000287_jpg.rf.f6b64b45d8c6e80887179c12a8d7d0ce.jpg,train,0,1
bone-cancer_valid_150_png.rf.f6b2ebbfe68ff7666c2fef4a6b173ea2.jpg,train,1,0
bone-cancer_valid_344_png.rf.f6c8b5e2f183ee308882afd6149b1c06.jpg,train,1,0
bone-cancer_train_2_2015_png.rf.f6c383746687d2fe9d3b43cb5ef50e23.jpg,train,1,0
IMG0000589_jpg.rf.f6a87bba7e11ee603ff69f59ab682dc4.jpg,train,0,1
download-2-_png.rf.f6d02493c6aed8f77c225dacb8146f7f.jpg,train,0,1
IMG0000356_jpg.rf.f6ba838538bd9bc467f6d4b859be9a41.jpg,train,0,1
bone-cancer_train_2_2430_png.rf.f6eade69a1e5480ddad5423615fdca5f.jpg,train,1,0
bone-cancer_valid_2_336_png.rf.f6bad9d8c563f4bf13e94bc5ec9cc1f4.jpg,train,1,0
image-no181-normal-_png.rf.f70da5b926430aa7299edabc0dbe289d.jpg,train,0,1
image-no664-normal-_png.rf.f6d40f7eb0226717ba83579c8281c53c.jpg,train,0,1
bone-cancer_train_2_2482_png.rf.f719c27b837bc874d6993027ed1c5f2c.jpg,train,1,0
image-no7-normal-_png.rf.f7267537ca9cf1b77f2c64815b5d0ed6.jpg,train,0,1
IMG0000572_jpg.rf.f7131f6a8ab56f9a547bfd2ee6bc398e.jpg,train,0,1
tf_14_1_png.rf.f7511c76a2dd666c15f82e2d5dd8d50d.jpg,train,0,1
IMG0000289_jpg.rf.f722ade3f1df2ecdbc0a8c8c65042549.jpg,train,0,1
bone-cancer_test_90_png.rf.f771ebc0e8dad7eed30077a0e936ee4f.jpg,train,1,0
IMG0000882_jpg.rf.f76377f850f752ba68da51c1ae0922e5.jpg,train,0,1
download-41-_png.rf.f701f59d1a3fc87d5e7cfaeeaadfc1cd.jpg,train,0,1
bone-cancer_valid_288_png.rf.f75851081a01cb8ff1f828bc3a040484.jpg,train,1,0
IMG0000448_jpg.rf.f776aa19ae53d9fe68f6459670b976f9.jpg,train,0,1
pelvis_metastasis_15_png.rf.f72c9f5b1189b25939ad2f4dcac50212.jpg,train,1,0
IMG0000437_jpg.rf.f723d4dfce2265a431758beacb16846d.jpg,train,0,1
bone-cancer_train_2_2521_png.rf.f777250b053944e5d52c583bb265a4a6.jpg,train,1,0
42_JPG_jpg.rf.f77a3914d415465387689e3f08d07bfb.jpg,train,1,0
IMG_5431_JPG_jpg.rf.f7a2e31010aa9c16c710df762dcb0322.jpg,train,1,0
image-no380-normal-_png.rf.f793a59e5954b976f80602d8a52ab4fe.jpg,train,0,1
IMG0000331_jpg.rf.f7847024887e5be5d8f5cf118f94c7fb.jpg,train,0,1
IMG0000827_jpg.rf.f7b882a102a46f72404b9f3b2cb1deb1.jpg,train,0,1
Normal-paediatric-shoulder14_png.rf.f7d7e2637388dbc43089114267763099.jpg,train,0,1
IMG0000494_jpg.rf.f7ced8870678a9d10697027616c60a61.jpg,train,0,1
IMG0000861_jpg.rf.f7f1eb577a62d9629cf018dae56ce235.jpg,train,0,1
bone-cancer_valid_224_png.rf.f7eb54394bb950e4000e26e6663eaa37.jpg,train,1,0
IMG0000287_jpg.rf.f7f5ac2e6d63502f065b1b3922d1c8e2.jpg,train,0,1
ulna_osteosarcoma_6_png.rf.f803ff24f2b23a3cafbaa7c5c44cc02e.jpg,train,1,0
IMG0000448_jpg.rf.f7b538efc6bc6e87bd9a0f71aad97e4f.jpg,train,0,1
bone-cancer_valid_67_png.rf.f81c58406117b6108cc44f9b664944b6.jpg,train,1,0
bone-cancer_train_2_1891_png.rf.f84a68ce0da6e2cb79088f3dbdc0882f.jpg,train,1,0
image-no455-normal-_png.rf.f80ae4f50bbcd5b5395cd66ae3d83322.jpg,train,0,1
IMG0000484_jpg.rf.f873d71b44020b0f1006cf99a3cbd6d8.jpg,train,0,1
femur_osteosarcoma_16_PNG.rf.f817cb8b558a48863b79253e9b79e6d8.jpg,train,1,0
bone-cancer_train_2_133_png.rf.f87692b3fe7f951044511defd253958b.jpg,train,1,0
bone-cancer_valid_2_216_png.rf.f81dcecf052588dab51f5aebd73d3b5c.jpg,train,1,0
IMG0000687_jpg.rf.f83d48989cd7457ab96b9b63be6390e2.jpg,train,0,1
IMG0000511_jpg.rf.f88f82bf89004b45e994669badc6ec48.jpg,train,0,1
IMG0000167_jpg.rf.f897c20a42f29e5d56f20750c694635d.jpg,train,0,1
image-no382-normal-_png.rf.f89e2ed9fc87a9548126f9e0cea85a0f.jpg,train,0,1
tibia_metastasis_25_PNG.rf.f81b4e5c7b2eab1076d69aa91f8c6433.jpg,train,1,0
bone-cancer_train_2_1585_png.rf.f897f810cd9380dc8905248d0a69dde0.jpg,train,1,0
ped_22_png.rf.f888b53e2294dd27671193ac540802fd.jpg,train,1,0
tf_0_1_png.rf.f8a09a0a25e1025a2c2bacf1ec3f2a80.jpg,train,0,1
IMG0000753_jpg.rf.f89748fc1c7049162c51ba873d4da2d6.jpg,train,0,1
humerus_21_png.rf.00040b5a3934fc7fe0d6293830f31809.jpg,train,1,0
image-no433-normal-_png.rf.001f68257a7ab076a5b60c96836dd160.jpg,train,0,1
bone-cancer_train_2_886_png.rf.002deabbdb6d72174212520d0806b1dd.jpg,train,1,0
IMG0000644_jpg.rf.002f57c0dc4bf84eeb18d5e6a6eb6545.jpg,train,0,1
-66-_jpg.rf.003796907f87e42b3756a7c4261024c0.jpg,train,0,1
IMG0000894_jpg.rf.000999bbda9804771b56ab7505252610.jpg,train,0,1
cervical-spine_4_png.rf.003827139819fa384f38d038a65733f6.jpg,train,1,0
image-no448-normal-_png.rf.0054ecf7ef90d2e232b0ee0f3f7e0996.jpg,train,0,1
IMG0000890_jpg.rf.0040210fba446150b1f00c3420635c66.jpg,train,0,1
humerus_2_2_png.rf.0004f8d123283e2bcdc45b1d40ba6b19.jpg,train,0,1
humerus_19_png.rf.00552d6874e5cb7961956558d84229c2.jpg,train,1,0
IMG0000701_jpg.rf.005a8ab4a9feb820ef42334f12896437.jpg,train,0,1
image-no642-normal-_png.rf.0064a38a33331e433871054e45b57a73.jpg,train,0,1
bone-cancer_train_2_1041_png.rf.00627cca2f807905a8d0e01826ec317c.jpg,train,1,0
image-no344-normal-_png.rf.004907ae7e30b8329e0c4dac5c70a369.jpg,train,0,1
image-no135-normal-_png.rf.00ad0f8dac82a9bec249d8b9cc00a529.jpg,train,0,1
image-no450-normal-_png.rf.009a83f022b0cd1e03d3cac81e466803.jpg,train,0,1
tibia_normal_11_png.rf.00b8f291fa324e8cd6a5caf4e3d4a780.jpg,train,0,1
IMG0000855_jpg.rf.00a7261dad43f734c66247676f8840b8.jpg,train,0,1
bone-cancer_train_2_309_png.rf.00bebb53454a8c0a843837259f29d6fe.jpg,train,1,0
image-no491-normal-_png.rf.00c9b59bd07a41274dd09e4b910e0e89.jpg,train,0,1
download-39-_png.rf.00bec752fde19cb811b41d83ac19d2c4.jpg,train,0,1
image-no532-normal-_png.rf.00cd06d0d3587bb1cf08bf16c0afa088.jpg,train,0,1
IMG_7180_JPG_jpg.rf.011c9f1d4841afa75b5f300a8ed7f327.jpg,train,1,0
IMG0000548_jpg.rf.00fb9a350a0d587f3b3276c68c7ba6f8.jpg,train,0,1
IMG0000382_jpg.rf.012ee2bbd6e3a4b7d08332d8e117b35c.jpg,train,0,1
tf_6_1_png.rf.00e48fe347f91ffdcdc2bd6f8c894651.jpg,train,0,1
bone-cancer_train_2_153_png.rf.011d6e23252f44da766b128ba3949fc4.jpg,train,1,0
image-no416-normal-_png.rf.0106f22b432d532a97b56b20efaef6da.jpg,train,0,1
bone-cancer_train_2_2497_png.rf.0103e9d585c928375d27c8e0381b4163.jpg,train,1,0
IMG0000431_jpg.rf.00c2a735974c284fcc5be70a70ec8980.jpg,train,0,1
image-no37-normal-_png.rf.0156544c410f7e10f76cdac2e9016934.jpg,train,0,1
IMG0000812_jpg.rf.011a4dc694fe36299c5487eee76aac82.jpg,train,0,1
tibia_other_27_PNG.rf.014f78e129c4f0f6056f50e88e423f95.jpg,train,1,0
istockphoto-997750288-612x612_jpg.rf.015d9097438e6c2494077ff53fd74ace.jpg,train,0,1
image-no669-normal-_png.rf.012197010ef4dc1f74e8cc72ed4d64a5.jpg,train,0,1
IMG0000863_jpg.rf.015adca48a2740660ad4b4f75f704a1e.jpg,train,0,1
IMG0000869_jpg.rf.0158c98dedfd56a59fdf421da149e916.jpg,train,0,1
IMG0000785_jpg.rf.0177d614e44bd02867beb8755e6e42a2.jpg,train,0,1
IMG0000608_jpg.rf.0183f81a807462f31bd67bed711b1420.jpg,train,0,1
169_JPG_jpg.rf.0178a5c0fba48f939a3db2f07d51b790.jpg,train,1,0
bone-cancer_train_2_2486_png.rf.018c452f96ca8092b2b0564ac92ca3a2.jpg,train,1,0
IMG0000815_jpg.rf.0194145c9f73bc75884bd89f22b90f11.jpg,train,0,1
bone-cancer_train_2_1583_png.rf.019070b6f7a6e5896c7c492d5f81c150.jpg,train,1,0
image-no341-normal-_png.rf.019d9bb201b9e0a64f5abe8749885d04.jpg,train,0,1
image-no564-normal-_png.rf.01bd852c009b80a20c947f82f92cc539.jpg,train,0,1
ankle_3_1_png.rf.01b1c99e7d2bbc3813f64ace5bf8adfd.jpg,train,0,1
image-no582-normal-_png.rf.01e201d4e2c1c5808656125ceed3dd9a.jpg,train,0,1
IMG0000000_jpg.rf.01ff24e776b51417569d4d739c98e42f.jpg,train,0,1
IMG0000786_jpg.rf.01ff2e5d8fb76877bead3a810bced69e.jpg,train,0,1
IMG0000839_jpg.rf.01f9564ac4269d7a711b65e18a7ac8c2.jpg,train,0,1
bone-cancer_train_2_226_png.rf.0237b987652f06d91b80f7ab2841c4a5.jpg,train,1,0
IMG0000836_jpg.rf.024871038bbce12c8988c27b5b98e294.jpg,train,0,1
bone-cancer_train_2_113_png.rf.01edc8d8cbd0f60d5f0490b930d7e9bf.jpg,train,1,0
bone-cancer_train_2_444_png.rf.021742071361380cf1fc4f11e269ee48.jpg,train,1,0
bone-cancer_valid_2_144_png.rf.02396efec7bc3c172bb2ae19a47c86a2.jpg,train,1,0
bone-cancer_test_82_png.rf.01cd236801a818ab02dffd15cb5205b7.jpg,train,1,0
IMG0000815_jpg.rf.02590ba5aaf4e7538d878c1b88098c0a.jpg,train,0,1
bone-cancer_test_132_png.rf.02043230f814725887a5632c23f5cf54.jpg,train,1,0
171_JPG_jpg.rf.026151bc7120b73749d5bc2971877313.jpg,train,1,0
IMG0000853_jpg.rf.02254228805f62b99b47504e966663b9.jpg,train,0,1
image-no673-normal-_png.rf.0258e263643734f0cf27bb52c17437c3.jpg,train,0,1
IMG0000814_jpg.rf.0264e0e4ae974c8f072688e2b0181d9c.jpg,train,0,1
femure_chondrosarcoma_16_PNG.rf.02881383d6f64b88329abcf6a239680e.jpg,train,1,0
cspine_png.rf.028270fc0d48f4c3eeed2d67449524bc.jpg,train,0,1
image-no166-normal-_png.rf.02958593dc8e5ed6042fbabbcd0c3d13.jpg,train,0,1
image-no548-normal-_png.rf.02983df786f457d07da0fe3760bcbda7.jpg,train,0,1
IMG0000888_jpg.rf.028b2ec8bcbbc656c18b4b085b54d41d.jpg,train,0,1
foot_71_png.rf.02aa16daf70c66e1a5268696545e47d9.jpg,train,1,0
IMG_5330_JPG_jpg.rf.02fee9167ef8b315522b853d7872cd35.jpg,train,1,0
bone-cancer_train_2_1276_png.rf.02d11a2720b18d1f08efc18eae8e0c4e.jpg,train,1,0
IMG0000686_jpg.rf.02cf6f586831bedf2aac7188d2a6dc5f.jpg,train,0,1
bone-cancer_train_2_1595_png.rf.02a3960f998391cb8ea7630831ebc4ef.jpg,train,1,0
image-no459-normal-_png.rf.02b77d566cd881564887d76a49a59d5e.jpg,train,0,1
IMG0000500_jpg.rf.02f47bb5b672f33b8cdb82a6019ff3e7.jpg,train,0,1
bone-cancer_train_2_2481_png.rf.025f982fbab43cc66f7f82bdf60be238.jpg,train,1,0
cspine_7_2_png.rf.02b19f5dacb6b7f2ea00e2900082f5ad.jpg,train,0,1
IMG0000289_jpg.rf.0311b2430d574ce4a5c1d03cddca51ac.jpg,train,0,1
ped_16_png.rf.0350e594a7ec806a9c840f88bade61b3.jpg,train,1,0
IMG0000800_jpg.rf.02af8c3751f0a8d3d30da9c99ebc2c15.jpg,train,0,1
bone-cancer_train_2_254_png.rf.032787d6b120ed62fe1deefe40abbe64.jpg,train,1,0
bone-cancer_test_24_png.rf.0308498dc858aa2e88953bd36bd973cd.jpg,train,1,0
fibula_ewing_21_png.rf.03672e1c40ea9b21662f4f69acb0218a.jpg,train,1,0
169_JPG_jpg.rf.02a0c2302cc5e4563adda9d68209d866.jpg,train,1,0
bone-cancer_train_2_849_png.rf.036719ebd1064ebab78647c6fc9fc8ad.jpg,train,1,0
IMG0000610_jpg.rf.03064bddb5fb99962993c91a3b76f070.jpg,train,0,1
bone-cancer_valid_234_png.rf.036bb409202b170f96c8b4676a263ecd.jpg,train,1,0
bone-cancer_valid_313_png.rf.038968a305cca61d22efe5cc959f2399.jpg,train,1,0
bone-cancer_train_2_1637_png.rf.03941168e1d2a7a497eda5617e476356.jpg,train,1,0
IMG0000790_jpg.rf.03967cf9e875c8f4ed2716384796be4a.jpg,train,0,1
bone-cancer_valid_417_png.rf.036780073a12d3def1a485b3bbe4b95e.jpg,train,1,0
IMG_0447_JPG_jpg.rf.03bbaef75f55a51e91d255253017d521.jpg,train,1,0
bone-cancer_train_2_252_png.rf.039a098c53ae3aa00c4d3657c25910c4.jpg,train,1,0
image-no43-normal-_png.rf.03c328ae3cb5afc0b1fca7590e587bf6.jpg,train,0,1
image-no604-normal-_png.rf.037e16484d5c597ad755c0eb57a256c4.jpg,train,0,1
image-no486-normal-_png.rf.03fca36fdece2f134dc70b3701cf8dbe.jpg,train,0,1
image-no148-normal-_png.rf.03e625ad4194ba319605662453c70ecb.jpg,train,0,1
bone-cancer_valid_39_png.rf.03d31b2e7d592e01666c28e8ed79cc43.jpg,train,1,0
bone-cancer_train_2_2096_png.rf.03be980b8b5232a39e1fc10b02c27331.jpg,train,1,0
IMG0000617_jpg.rf.03d52debb1e02121e480c9069332862e.jpg,train,0,1
image-no180-normal-_png.rf.03cd3f22de84a73b9f2077b832e61874.jpg,train,0,1
IMG0000498_jpg.rf.039e9ecba98f544277f40a47b05f20ad.jpg,train,0,1
1_png.rf.041a40908939c6612db0535f41c13c8e.jpg,train,0,1
IMG0000510_jpg.rf.03fa4f10e4ec85b3a79214c71bd9f7ac.jpg,train,0,1
IMG0000833_jpg.rf.041053c212f9f8f91b211268a7a459c9.jpg,train,0,1
IMG0000712_jpg.rf.04230cb333d20bb3e3368b584e58c326.jpg,train,0,1
image-no259-normal-_png.rf.03ed887b4d05309f67364d087f86027e.jpg,train,0,1
istockphoto-1463943330-612x612_jpg.rf.042e9596241a869b6c70553ac3500f7f.jpg,train,0,1
image-no594-normal-_png.rf.04365d518553007bd125e632aaa50f08.jpg,train,0,1
chest_7_2_png.rf.05086dcb324c096d80520ef12c24041e.jpg,train,0,1
IMG0000346_jpg.rf.04fe11b5e5bb9186ca148fdf9c6fb1af.jpg,train,0,1
bone-cancer_train_2_853_png.rf.0502ea4084d49a2f81d74d8eea6aa9c4.jpg,train,1,0
bone-cancer_valid_2_402_png.rf.04ca3adaf707c2f2b4c8a8bd974b14a9.jpg,train,1,0
pelvis_13_1_png.rf.05c096fab8ab618773e26824c40692e7.jpg,train,0,1
foot_82_png.rf.0541fecbead3a29e029dc7e8dbfcd1fc.jpg,train,1,0
forearm_3_2_png.rf.05bcecd0f00224c5f2ff9da5ea4c33cd.jpg,train,0,1
image-no637-normal-_png.rf.05617badd2a169057c5fe33efa9bdbb6.jpg,train,0,1
image-no585-normal-_png.rf.05108360f3cef1799922812bf7103711.jpg,train,0,1
image-no632-normal-_png.rf.045db34603d7224f2da28452b08b0ce8.jpg,train,0,1
bone-cancer_train_2_2416_png.rf.059889a53d39d5423194ae4a9bdaa26e.jpg,train,1,0
bone-cancer_valid_2_264_png.rf.04535e817aec3120853327047f6c8dbc.jpg,train,1,0
IMG0000586_jpg.rf.05d3ea4e80c593bddd1bcced74baaa7b.jpg,train,0,1
elbow_14_1-1-_png.rf.0598836acf30968174312bdd83a12f05.jpg,train,0,1
IMG0000475_jpg.rf.04a7c3a7e3f0a029c07a629bd76ed14d.jpg,train,0,1
IMG0000785_jpg.rf.04e100a63308cd11d134a9edf366f61b.jpg,train,0,1
bone-cancer_valid_127_png.rf.04d121f4570630247830c1ab3459f462.jpg,train,1,0
ankle_15_1_png.rf.056ea141dd4c3654cd4aa9552d79520a.jpg,train,0,1
IMG0000657_jpg.rf.04a3698767ba1e88bbf325e4308af773.jpg,train,0,1
cspine_6_2_png.rf.05e29b55a49a1333b05d6c49d6655ce8.jpg,train,0,1
image-no591-normal-_png.rf.0603565c94d1b46f194ecd7331e1a8ec.jpg,train,0,1
IMG0000849_jpg.rf.06038cbe51d67987d9de4a3d1feb0e48.jpg,train,0,1
bone-cancer_train_2_165_png.rf.0622df4fd8edcb47e0c771158b3ac811.jpg,train,1,0
download2_png.rf.05fac6f8f1cada27ae95fbda8518def5.jpg,train,0,1
IMG0000597_jpg.rf.06d9a6756344e42fe6848e7882c6bad3.jpg,train,0,1
13_JPG_jpg.rf.061978472c916ba740a89d59cd171c65.jpg,train,1,0
IMG0000539_jpg.rf.0687cde6114efa83759184ccc9e78100.jpg,train,0,1
image-no26-normal-_png.rf.065d22759d274885426b60347b9034ab.jpg,train,0,1
tibia_other_13_PNG.rf.06f3394ee4a214d3a70179bae221dec4.jpg,train,1,0
bone-cancer_train_2_2123_png.rf.06aa875d3bc4ac7daa1f5c47601bc6c4.jpg,train,1,0
IMG0000473_jpg.rf.060dd1d792150b2c22bc8b1279b48072.jpg,train,0,1
image-no281-normal-_png.rf.06ac704d30783e5bc4ecac17f63809ad.jpg,train,0,1
IMG_3523_JPG_jpg.rf.06a8d29eb3e452df9ffd4c945512bcb8.jpg,train,1,0
IMG0000740_jpg.rf.06d70701fe5ec9141c35428659a1da3e.jpg,train,0,1
image-no213-normal-_png.rf.06bf47623432d68818bc85c4f1743dc1.jpg,train,0,1
image-no431-normal-_png.rf.05e450d3a32c610919e0f0906b233714.jpg,train,0,1
bone-cancer_train_2_1928_png.rf.069c7056893ba6f6b339606775bcafeb.jpg,train,1,0
IMG0000864_jpg.rf.06072a428948c754c043d9f91e4f4aec.jpg,train,0,1
IMG0000635_jpg.rf.06c7424305b2eafd2085ac671202bee8.jpg,train,0,1
chest_2_1_png.rf.07183d3a67645740c2cc5334615bfd8f.jpg,train,0,1
download-42-_png.rf.072eadd6f48f57a6623a4e559b2e226e.jpg,train,0,1
IMG0000592_jpg.rf.07044d13510d4cf53c86302608c74491.jpg,train,0,1
IMG0000690_jpg.rf.074384330ed7c0eebd95345d9621f113.jpg,train,0,1
IMG0000719_jpg.rf.0769120c025634ace1396f1907412af4.jpg,train,0,1
bone-cancer_test_93_png.rf.072b081ebd5383cfc8d002f3b71de4c6.jpg,train,1,0
bone-cancer_valid_2_389_png.rf.070dfd9e1f07ae5224c1350e21394e0f.jpg,train,1,0
bone-cancer_valid_145_png.rf.074b0bcd098ca047e60ca8a8fa9295e3.jpg,train,1,0
femur_normal_21_PNG.rf.0738a59c571252a463eca9cec8b66864.jpg,train,0,1
bone-cancer_train_2_1196_png.rf.07794d764a8807aa2a4b65f6dafc9cbf.jpg,train,1,0
bone-cancer_train_2_2119_png.rf.0755c2e9c150c7a78fe9ed778c597256.jpg,train,1,0
IMG0000260_jpg.rf.071817ce48bb1086354cb181b034657a.jpg,train,0,1
bone-cancer_valid_2_87_png.rf.075cc0b317ffb2e73f4f5e8e34c21ce6.jpg,train,1,0
ped_23_png.rf.06fccc40f954d995d6ca00b0ae1932a0.jpg,train,1,0
hand_7_2_png.rf.0701f41d5199cfdb88de0cb2a40c2e42.jpg,train,0,1
bone-cancer_train_2_1496_png.rf.077cf04fe5a1ddd853310bd8e85836ac.jpg,train,1,0
IMG0000791_jpg.rf.078224009f288a41ba4d4c304ae72ae2.jpg,train,0,1
image-no408-normal-_png.rf.07689acda0c9aa3ea97e967df3b80ba8.jpg,train,0,1
download-33-_png.rf.077e8189b24c5cbb1a723393a14f0225.jpg,train,0,1
IMG0000610_jpg.rf.07576fcadc24d14f8102f007d7485462.jpg,train,0,1
IMG0000592_jpg.rf.07acba24c7bb55d9db04dc9d7ef8000a.jpg,train,0,1
IMG0000800_jpg.rf.07a27ec8aca634b2c4cceffccdf97e0b.jpg,train,0,1
bone-cancer_test_210_png.rf.075d4be31f77d561d428afccf717f39c.jpg,train,1,0
femur_normal_1_PNG.rf.07e3ba4de641c23d308e152f3e1f2a55.jpg,train,0,1
IMG0000748_jpg.rf.07d44fde742e67185c332868e295e6fc.jpg,train,0,1
Picture15_jpg.rf.07cc0f6ac8607ff4d618c5be348996e0.jpg,train,0,1
ped_5_png.rf.07d79b99c610b7744f2a9ce35bd89a92.jpg,train,1,0
IMG0000399_jpg.rf.080f30965a83263b334bd6a1a41c5eff.jpg,train,0,1
bone-cancer_valid_2_221_png.rf.082ab961fb453b7cd1d77af7334de0bb.jpg,train,1,0
IMG0000342_jpg.rf.07e71b82a7f852baf5aae48380a061e5.jpg,train,0,1
bone-cancer_train_2_840_png.rf.083127e0a077facf0ab50a0ed02cafc0.jpg,train,1,0
image-no113-normal-_png.rf.0816651dda9a6f5ebc7e17a084acf642.jpg,train,0,1
bone-cancer_valid_2_171_png.rf.0802e794e5587242e5dec6e292a9ae63.jpg,train,1,0
IMG0000511_jpg.rf.08450d025e5e78a7f1a19a6f3067ea9f.jpg,train,0,1
bone-cancer_valid_245_png.rf.084efe5cfce69c7596d8d04d6891a14c.jpg,train,1,0
IMG0000882_jpg.rf.086355865befb4c128099a5266d0958f.jpg,train,0,1
IMG0000329_jpg.rf.088bb6dbf42d0fad75ccd3efaab22bab.jpg,train,0,1
bone-cancer_valid_5_png.rf.085f6166e99010e80a7a32ef7f5ae27e.jpg,train,1,0
image-no112-normal-_png.rf.086247ad7a37a075a4d5e649adba6635.jpg,train,0,1
IMG0000786_jpg.rf.08753a0e2439bdec4fa2dfcdf9cf3fdd.jpg,train,0,1
bone-cancer_valid_331_png.rf.088796587dd9692a6a1c71ade08b6304.jpg,train,1,0
IMG0000115_jpg.rf.0848954c4384a6fe389872eb822d7a6f.jpg,train,0,1
image-no420-normal-_png.rf.5a524510621e7de2b5324e4a55f08954.jpg,train,0,1
bone-cancer_train_2_1635_png.rf.59f6e4bebb0df49592374b181b93fd71.jpg,train,1,0
IMG_6519_JPG_jpg.rf.5aac2b90d47f53c5e44ec1848ff0c387.jpg,train,1,0
59_JPG_jpg.rf.5a479f4730f7d7320807c2e078f0a7f9.jpg,train,1,0
image-no576-normal-_png.rf.5aa8c1e517e275f43a549c74f15fa299.jpg,train,0,1
image-no418-normal-_png.rf.5addc40e203a88e8a46eaffa3d30d236.jpg,train,0,1
hand_53_png.rf.5a159af36bf045cf7501d5d7a1ffccbc.jpg,train,0,1
hand_ch_4_png.rf.5aa84c3680abed41690580c2db82544a.jpg,train,1,0
image-no89-normal-_png.rf.5ab9d52fc09998d30bd16b66bc581992.jpg,train,0,1
bone-cancer_valid_351_png.rf.5af631507a10e1813bdc53bd6b979c40.jpg,train,1,0
bone-cancer_test_25_png.rf.5afd7b571e61bf24b2f3641a4a0ad222.jpg,train,1,0
femur_normal_8_PNG.rf.5a09c0e00cb9ecf537d4d5591579e7ca.jpg,train,0,1
humerus_18_png.rf.5ad79c9a9438c0ce8c644370bdc5b18a.jpg,train,1,0
image-no489-normal-_png.rf.5ace723cb0c88c822834af5eefcee0b7.jpg,train,0,1
knee_13_1_png.rf.5a9ec61dd2a6cad58e7811850e156768.jpg,train,0,1
femur_normal_14_PNG.rf.5aa8c4ba1394c32a7e5a800420509510.jpg,train,0,1
bone-cancer_valid_282_png.rf.5ae8191e9f4f1cc28ce6ac04317267d1.jpg,train,1,0
bone-cancer_train_2_240_png.rf.5b0ffb6d5e5cd404e01f53653844e6e6.jpg,train,1,0
bone-cancer_valid_2_234_png.rf.5a9e7b98403d2e9f4ce2c73aca161f50.jpg,train,1,0
fibula_osteosarcoma_24_PNG.rf.5a9fd206c0cce40c1bf0723a32aeac6f.jpg,train,1,0
IMG0000592_jpg.rf.5a6dc5afeb8ef57ae873ed1c73a2bb38.jpg,train,0,1
tibia_ewing_8_PNG.rf.5b1cb5dea8c865c2a88d17e94a7cee1e.jpg,train,1,0
bone-cancer_train_2_272_png.rf.5a8960a9301db81fe1c453706e83b2ac.jpg,train,1,0
IMG0000837_jpg.rf.5b409944a293b13b844a50bb907c54f4.jpg,train,0,1
bone-cancer_valid_2_246_png.rf.5b3fe3f33af279c79300f811970e8c33.jpg,train,1,0
IMG0000807_jpg.rf.5a29f2ee881b50c90537311cb0aa7dac.jpg,train,0,1
hand_54_png.rf.5b4e56eb5a76d623cd21f3c660bc8585.jpg,train,0,1
image-no195-normal-_png.rf.5b5ffc3cc3d72e55c5a535a4f7c08d90.jpg,train,0,1
knee_0_1_png.rf.5a4d2af88f15936d4f67ba64d5116b69.jpg,train,0,1
bone-cancer_train_2_1909_png.rf.5b442319c0336f946f675a854e89683c.jpg,train,1,0
image-no276-normal-_png.rf.5b6fb837c0eae799a66aa668da0ed9af.jpg,train,0,1
IMG0000014_jpg.rf.5b50fd664845f617577b5a22d31e52c0.jpg,train,0,1
chest_9_2_male_png.rf.5b8099d30e76616a13749e74c01c2b60.jpg,train,0,1
bone-cancer_train_2_382_png.rf.5b6587a3920d8ed01c9def68501ff383.jpg,train,1,0
bone-cancer_train_2_1845_png.rf.5b90aae9b250f903ada5885e129d6caf.jpg,train,1,0
bone-cancer_train_2_913_png.rf.5b8723b2b1c2ff8a8ea4e297a7b9b917.jpg,train,1,0
IMG_7753_JPG_jpg.rf.5bbabac8a72d5754f1208e934258d9a6.jpg,train,1,0
hand_osteosarcoma_11_png.rf.5bb7aeb514477af0b42c540302339174.jpg,train,1,0
image-no302-normal-_png.rf.5be4512961b38e643ced898966ba577b.jpg,train,0,1
bone-cancer_test_35_png.rf.5bd712f6744be82e83efaf0f21e4607f.jpg,train,1,0
hand_encondroma_13_png.rf.5c03aa7ac59fcb86ba6be31dd9d8d47c.jpg,train,1,0
hand_osteosarcoma_18_png.rf.5be7357c28bb29f844f090f7f0f2bd97.jpg,train,1,0
image-no279-normal-_png.rf.5bd1e1eb19bb6f5004f1916fe96adea9.jpg,train,0,1
97_JPG_jpg.rf.5c16846b4d6ec0921172d5bbb4f6bb40.jpg,train,1,0
foot_35_3_png.rf.5c0d3e14628151c8f7415ba953aa4d33.jpg,train,0,1
bone-cancer_valid_2_68_png.rf.5c106094d4b8f047623632c9b7d4d9ed.jpg,train,1,0
image-no742-normal-_png.rf.5c0944b43635d88a1351b669c75e5c03.jpg,train,0,1
image-no603-normal-_png.rf.5c364ea576c1bac4edcb6797bfbda5ba.jpg,train,0,1
bone-cancer_valid_380_png.rf.5c546702011029e3130d19fc0688e401.jpg,train,1,0
-3-_jpg.rf.5c57a8add85156e24bc68cb2947cde45.jpg,train,0,1
image-no6-normal-_png.rf.5c4b81132394dab36c12d408f66f41cc.jpg,train,0,1
IMG0000000_jpg.rf.5c59eeb56c77fbaa7f6d53fc01c18ca7.jpg,train,0,1
IMG0000424_jpg.rf.5c7b7da41214757cd33c253c9c648131.jpg,train,0,1
bone-cancer_train_2_1732_png.rf.5c5fa827dcc72b8daf7c75403a27fff4.jpg,train,1,0
hand_10_1_png.rf.5c6a348de216bf2f1989115303fc3705.jpg,train,0,1
bone-cancer_train_2_1353_png.rf.5c8069d756e7346c79c9cdd2818e08bf.jpg,train,1,0
image-no136-normal-_png.rf.5c86cf4851700958ac63d0cb126f9291.jpg,train,0,1
bone-cancer_train_2_2304_png.rf.5c8ec056e461ffd123925cfd11dbccaf.jpg,train,1,0
bone-cancer_valid_2_206_png.rf.5cb2ecab7384fe8f1965678b8ac48135.jpg,train,1,0
bone-cancer_train_2_284_png.rf.5c9176e4f8cd41c1583eb1a16f917c81.jpg,train,1,0
bone-cancer_train_2_1811_png.rf.5cd69e4149df1e66768f6ac26cffaca5.jpg,train,1,0
image-no699-normal-_png.rf.5cac495a9ad6d73c96cc71acc8e06f68.jpg,train,0,1
IMG0000585_jpg.rf.5ca2e27150f964a12dfc939eb511eaba.jpg,train,0,1
bone-cancer_train_2_2431_png.rf.5cacf8f71560572ce3a96e41a23eca9c.jpg,train,1,0
new4_jpg.rf.5c9da83b0fb0c1bdc0216af7c84a86a6.jpg,train,0,1
image-no368-normal-_png.rf.5ce1d7a753139669f386922d0eeb116f.jpg,train,0,1
IMG0000349_jpg.rf.5cbd3901a54e64c36cd280981869564e.jpg,train,0,1
bone-cancer_test_96_png.rf.5ced59fb059e3aa30a8498e7989df8e7.jpg,train,1,0
77_JPG_jpg.rf.5d1aa3c944cbfcfaf4f72512be74c23f.jpg,train,1,0
bone-cancer_train_2_2470_png.rf.5d2a12aea6e1ffdd3ded4aaf89d4cb3c.jpg,train,1,0
IMG0000828_jpg.rf.5d182180b9f2ed417e15ee3ef2ca3b2a.jpg,train,0,1
53_JPG_jpg.rf.5d220aab9888ab496951e3cbb8a2a247.jpg,train,1,0
humerus_31_png.rf.5d34aa749b9e2f0cb685ff331175224c.jpg,train,1,0
bone-cancer_valid_310_png.rf.5d3278f64cff57fda59ab12b11fbea8b.jpg,train,1,0
IMG0000753_jpg.rf.5d40b0c121c28e66e9d845ea45878e55.jpg,train,0,1
IMG0000876_jpg.rf.5d55195f84e28a52dbdc99a9581e43ff.jpg,train,0,1
pelvis_other_1_png.rf.5d64d60a0c4d1ab7dc261f0178375f00.jpg,train,1,0
bone-cancer_train_2_1951_png.rf.5d78f8fad3a7ddb73a609b705bcfaab0.jpg,train,1,0
IMG_3316_JPG_jpg.rf.5d592f19594f800d1b79683d11c1dec7.jpg,train,1,0
ankle_1_2_png.rf.5d9d881e82baa3ad2b5d3782f286462b.jpg,train,0,1
image-no234-normal-_png.rf.5d7cdc422b85d8a4d24ee621cee67290.jpg,train,0,1
IMG_2449_JPG_jpg.rf.5d5b4ffa7708c1dbe93a4e1258a330b0.jpg,train,1,0
hand_26_png.rf.5db63a99897645b1d7dfc16bbab243fb.jpg,train,0,1
bone-cancer_valid_217_png.rf.5d6ac344d1432719b81a64a74044bc73.jpg,train,1,0
bone-cancer_train_2_305_png.rf.5d9b13f0e70752f1b59dc5b9e33293ee.jpg,train,1,0
IMG0000626_jpg.rf.5d6f9f2192e513cfb9a6072e8efc48bb.jpg,train,0,1
image-no424-normal-_png.rf.5d6de10656e2a3a8be04547544a8853b.jpg,train,0,1
41_JPG_jpg.rf.5dc0ca174476f868a485ec6e3479b77c.jpg,train,1,0
bone-cancer_train_2_1969_png.rf.5da01236f2d65cb7747752c82ba74c99.jpg,train,1,0
IMG0000736_jpg.rf.5d92d509f04aac634f0ce852659dd049.jpg,train,0,1
IMG0000494_jpg.rf.5d716de013887a5f0ae0c20f9f9f4147.jpg,train,0,1
bone-cancer_test_112_png.rf.5dd642049f7bdfde931dcc6deed2b22d.jpg,train,1,0
IMG0000733_jpg.rf.5dde8cafcfa938a2c3db396c4a1a5008.jpg,train,0,1
bone-cancer_train_2_1242_png.rf.5de3f3dbb0c2e0dac52cac4e631b26fd.jpg,train,1,0
IMG0000291_jpg.rf.5e1853dcb95579feb2d4bc83aa6afdae.jpg,train,0,1
femur_normal_6_PNG.rf.5e0153908d3fbbf9f7bcab116b589a30.jpg,train,0,1
bone-cancer_valid_2_300_png.rf.5e29ae5013abb466c099bf405d000954.jpg,train,1,0
femur_2_2_png.rf.5e23c2e08e7e8a654988b5134d92d714.jpg,train,0,1
10_jpg.rf.5e1c08bc17a9eeb4662075434025d691.jpg,train,1,0
bone-cancer_train_2_1060_png.rf.5e43342f12c229736ef290d5a0514d4a.jpg,train,1,0
IMG0000864_jpg.rf.5e6a36314b467de644eaab2b7e994b95.jpg,train,0,1
bone-cancer_valid_137_png.rf.5e1e2698077d7430fdc5131afcf562ef.jpg,train,1,0
bone-cancer_test_163_png.rf.5e2abcc336110a5817e8d42cb61c4e9c.jpg,train,1,0
IMG0000855_jpg.rf.5e87d1bc95dde3287f9ed580c1779d19.jpg,train,0,1
bone-cancer_valid_246_png.rf.5e8aea8903af57d9c6f138b41107f380.jpg,train,1,0
37_JPG_jpg.rf.5eb5011322dc31b86c2b6f692fbb4b1c.jpg,train,1,0
image-no378-normal-_png.rf.5e56e5d5102550596a39ce9aa5dd12b5.jpg,train,0,1
IMG0000617_jpg.rf.5eb587f58780dafb860293449f8e914a.jpg,train,0,1
bone-cancer_valid_404_png.rf.5ecf734070a104c411fea8f77587d9b6.jpg,train,1,0
IMG0000571_jpg.rf.5f39a81ced5afb49b41599625e607ce9.jpg,train,0,1
bone-cancer_valid_2_231_png.rf.5f4825c7587e6b730683b4fa0d59e889.jpg,train,1,0
image-no63-normal-_png.rf.5ebbb0c2685193f4e4e647b370dd8ebf.jpg,train,0,1
bone-cancer_train_2_554_png.rf.5eb19f51f1504c8c19066fa9588cd8df.jpg,train,1,0
ulna_0thers_3_png.rf.5f3e44ecf1d469e1567f042cbdec4f34.jpg,train,1,0
image-no407-normal-_png.rf.5f035ff6db64f89297b8e41406a9dd86.jpg,train,0,1
IMG0000847_jpg.rf.5f78c77c988d049f6c59ee30c089068e.jpg,train,0,1
image-no227-normal-_png.rf.5f71f941e6cc8c067b4e0dbd5002ad77.jpg,train,0,1
IMG0000895_jpg.rf.5fc481bff01c681120a24d41993490ef.jpg,train,0,1
tibia_osteosarcoma_4_PNG.rf.5fae177d3768868ad3be030aa30db074.jpg,train,1,0
image-no433-normal-_png.rf.5fb5c65baea8524723780e5e8a378ad7.jpg,train,0,1
IMG_1008_JPG_jpg.rf.5f51f1774ca15269bc670eb6aa1d4b85.jpg,train,1,0
IMG0000807_jpg.rf.5fd63a867f8ff37e6e82de5644417dbc.jpg,train,0,1
bone-cancer_test_8_png.rf.5fb11ab862d9c62bb18c3c3a86af8266.jpg,train,1,0
knee_13_2_png.rf.5f9b0a9a9b52283f02fb356b9129be38.jpg,train,0,1
chest_25_female_png.rf.5faf39a9704c17efd7a3452f8932e271.jpg,train,0,1
IMG0000607_jpg.rf.60223d15737edd15ea5e6b60e78299ce.jpg,train,0,1
bone-cancer_valid_2_308_png.rf.600a2e6b7d48c4a8a49f18615acc2f49.jpg,train,1,0
IMG0000688_jpg.rf.5ff9b2d1541c3ec30757314c2dc3970a.jpg,train,0,1
IMG_1709_JPG_jpg.rf.6019a8e5c16364646f61369f92604897.jpg,train,1,0
bone-cancer_train_2_1476_png.rf.60408052aa4e27ad0efda239080f6d99.jpg,train,1,0
IMG0000572_jpg.rf.600da767d5d214106b01eea646f62ed9.jpg,train,0,1
IMG0000814_jpg.rf.60187f9b362a06e4cb908fcdc4331ee8.jpg,train,0,1
elbow_13_1_png.rf.603360a2531912f40bc8515db21683f0.jpg,train,0,1
cspine_6_2_png.rf.605be4aadc24543f82f2856ed7419e8b.jpg,train,0,1
tf_10_2_png.rf.60619b77a7c8173e3dbc3aa53e4380ee.jpg,train,0,1
IMG0000344_jpg.rf.6064785c3b455b128800eb2cec14b67b.jpg,train,0,1
IMG0000459_jpg.rf.6064de9362d593e5b4502072c90ddea5.jpg,train,0,1
bone-cancer_train_2_2255_png.rf.609dbc5e50a2126e48ffabd43cd8dab3.jpg,train,1,0
IMG_1416_JPG_jpg.rf.60b36150e134095414b5e45edf715cd6.jpg,train,1,0
IMG0000509_jpg.rf.607904a74c2e66f98b2a45121f4baf22.jpg,train,0,1
bone-cancer_valid_2_295_png.rf.60f8406711f3e7ad2b6e1542f5d0f7e7.jpg,train,1,0
bone-cancer_train_2_1389_png.rf.6094e5a177766a8a6bed45bf39bc3784.jpg,train,1,0
image-no439-normal-_png.rf.606c76b8484ad52afe56a7d17b198c3e.jpg,train,0,1
fibula_metastasis_6_png.rf.60e6843e5be737ee15e4dcb1dd4edf32.jpg,train,1,0
7_JPG_jpg.rf.6101b1cbfb00034314d1e66b4ea789bf.jpg,train,1,0
27_JPG_jpg.rf.611c04adb8dae7fa5e629049d8f5768d.jpg,train,1,0
image-no58-normal-_png.rf.613ea921b6f70906b4091becc76bdac8.jpg,train,0,1
IMG0000484_jpg.rf.60d08d657f3add1c9df4a2653bdb29b5.jpg,train,0,1
IMG0000736_jpg.rf.61086c0d1d756f0cd120b7e1cb71ff6a.jpg,train,0,1
image-no149-normal-_png.rf.60eaf51e6894d38a4ae645871fbb99e8.jpg,train,0,1
image-no573-normal-_png.rf.612ef8e43dc78dcf690e6715ce93dbaf.jpg,train,0,1
bone-cancer_train_2_2277_png.rf.6121c3f1701e7ab2bbfe0c0995a3f4ec.jpg,train,1,0
image-no618-normal-_png.rf.614f00103fb8d7c9050588c9d8570859.jpg,train,0,1
bone-cancer_valid_2_116_png.rf.60b4c888296e0a89b38fc7e555c6a8c2.jpg,train,1,0
74_JPG_jpg.rf.6161b992ecc6963d1e8069c902e14ecd.jpg,train,1,0
IMG0000344_jpg.rf.6152f6cd46b63cb8120b6bdff6d0bfb5.jpg,train,0,1
image-no432-normal-_png.rf.616bc734a7cc759c941301b029dcecdf.jpg,train,0,1
bone-cancer_valid_64_png.rf.61691c44dbe199562d6d753fa7c5abb6.jpg,train,1,0
141_JPG_jpg.rf.6177aabf820252592a9a23c8eb3cdfc5.jpg,train,1,0
pelvis_metastasis_7_png.rf.6184207303a5fea6aabec18114be3131.jpg,train,1,0
forearm_9_2_png.rf.6195ab72408705d26d6eb64f8f8e06ec.jpg,train,0,1
image-no461-normal-_png.rf.618d394b500ac787539b5f502cdb37cd.jpg,train,0,1
179_JPG_jpg.rf.618ac1c857df9d5145767b47f5e6840b.jpg,train,1,0
foot_21_png.rf.61b5ff5987f9267e475c77f992252e3e.jpg,train,1,0
147_JPG_jpg.rf.61bc494b43ba72428892a3367bc4ff65.jpg,train,1,0
ped_25_png.rf.61e31d851c0b153c17190bf4322f5b5b.jpg,train,1,0
IMG0000740_jpg.rf.61b643657354a2ed71966f893b496431.jpg,train,0,1
bone-cancer_train_2_2300_png.rf.61b6d1e73ace7e27e3a4d56121f69128.jpg,train,1,0
image-no607-normal-_png.rf.61ee7a347ff4ca28ba804f7cd052fb75.jpg,train,0,1
pelvis_osteosarcoma_1_png.rf.61a5796fd1951e580f54490222456cb7.jpg,train,1,0
bone-cancer_train_2_292_png.rf.61b1839dd2c65d134e6b7607d83f6fb7.jpg,train,1,0
bone-cancer_valid_2_174_png.rf.61861ed394a36a6e1f3163740bf3a044.jpg,train,1,0
hand_6_1_png.rf.61aee86da68c1c54623502b3cd5c721f.jpg,train,0,1
bone-cancer_train_2_2488_png.rf.620b306cb53c13a928e1a61403131883.jpg,train,1,0
pelvis_osteosarcoma_11_png.rf.621db02f7c3633c53822d14d97c4241b.jpg,train,1,0
IMG_0099_jpg.rf.61f1bb008004be5332d387371b0e6751.jpg,train,1,0
IMG0000794_jpg.rf.61c304b49cb6d8f828a4c8c3987c7e14.jpg,train,0,1
tibia_other_28_PNG.rf.622bae86b92d588da45a88d043bcf35a.jpg,train,1,0
IMG0000673_jpg.rf.622951e74ba8e16a79abc9b5ef8e8fe7.jpg,train,0,1
bone-cancer_train_2_1201_png.rf.61f76625f5b93972312db2363afdbf85.jpg,train,1,0
hand_4_1_png.rf.61f150a96255abd04c93aaa670ac2343.jpg,train,0,1
bone-cancer_valid_2_243_png.rf.62315aa3f4c914226fdac92e6c409009.jpg,train,1,0
bone-cancer_valid_2_182_png.rf.6238a7a2a37d69619d2feccdc77c4ef2.jpg,train,1,0
bone-cancer_train_2_772_png.rf.625ef485acd937ac615b2f2f7b42047e.jpg,train,1,0
IMG0000791_jpg.rf.627ff135d7d5a5977922f1c1b2cc2f83.jpg,train,0,1
bone-cancer_train_2_279_png.rf.628083c4f147b5e96cca971d21401ca4.jpg,train,1,0
bone-cancer_train_2_2065_png.rf.6299ac7634ead542c165706294ff671d.jpg,train,1,0
pelvis_chondrosarcoma_1_png.rf.62bc528efe4c6a180dc17a6d512a9051.jpg,train,1,0
femur_metastasis_20_PNG.rf.6279eb07ea139566834bf5eff9b44670.jpg,train,1,0
IMG0000388_jpg.rf.6271ce59018065e59f8bcd7e3d3baafd.jpg,train,0,1
image-no202-normal-_png.rf.62b2f350ac42071be5bf2216a7cd4b11.jpg,train,0,1
Oblique-view-of-cervical-spine_r_png.rf.62506e77e959cb91248ee55de5573c74.jpg,train,0,1
tf_14_2_png.rf.62d5a6803f5fbb6407ce7ba8214ff538.jpg,train,0,1
IMG0000201_jpg.rf.62b8c7bf950101700445e875fd1b61f5.jpg,train,0,1
91_JPG_jpg.rf.62cd4bc5ef9d2a6c669c1e3e1ab6600e.jpg,train,1,0
bone-cancer_train_2_651_png.rf.623bc1efcd023577f15056c57a56d68d.jpg,train,1,0
bone-cancer_train_2_1315_png.rf.62c8dce8df0735ea2c7cbfd99b2368d0.jpg,train,1,0
bone-cancer_valid_29_png.rf.62e9274eb33381912b9ddccac9acedd6.jpg,train,1,0
image-no479-normal-_png.rf.62c49cc9f827ec5693c887b81045793b.jpg,train,0,1
image-no82-normal-_png.rf.62a0364ffe327e00dcbca0790b561a65.jpg,train,0,1
IMG0000809_jpg.rf.62fabb5ca4b4902d2763a0a86fc23112.jpg,train,0,1
ankle_35_2_png.rf.63100d16fe74687169f9ad6b034265cb.jpg,train,0,1
image-no213-normal-_png.rf.63037b5187011dda4fdc7fe44f6a721e.jpg,train,0,1
humerus_36_png.rf.63483d5dabfa312b17d7958417404ddb.jpg,train,1,0
image-no478-normal-_png.rf.63499de8f8c8c30cba42c092987491ee.jpg,train,0,1
bone-cancer_train_2_1726_png.rf.63adc168fa5517e8d15c86b3b8edf85b.jpg,train,1,0
-2-_jpg.rf.638c42d59a9ad2aa07ee948c6df915d8.jpg,train,0,1
image-no415-normal-_png.rf.636451bfeb922ed24d352bf18747c57f.jpg,train,0,1
bone-cancer_valid_166_png.rf.63d11155cfbd0261e4cdfafacc213a27.jpg,train,1,0
forearm_14_1_png.rf.6374492fa44743aad0d2549eabe74b50.jpg,train,0,1
femur_metastasis_13_PNG.rf.641c15eaeef1f02be8215f6f56b14bb9.jpg,train,1,0
IMG0000290_jpg.rf.63a2c2fafb64bcf78d49ad2cc3be5e4b.jpg,train,0,1
bone-cancer_train_2_1377_png.rf.641678710ade2b75317ec6e83d6e55e7.jpg,train,1,0
IMG0000754_jpg.rf.6435eb4b6c435031278e5f028384fbdb.jpg,train,0,1
IMG0000891_jpg.rf.644c46f9975dbf048f4646f150f3db6d.jpg,train,0,1
image-no12-normal-_png.rf.64ad4920f57aa9d028523ad29e4bddf9.jpg,train,0,1
tf_12_2_png.rf.64670b88d941b999c8fe464e534c186c.jpg,train,0,1
IMG0000358_jpg.rf.6480beeeb2e9e7a93f6c94bc54d22997.jpg,train,0,1
IMG0000826_jpg.rf.64aac1e474ca38bed246a6aa5a66e89e.jpg,train,0,1
IMG0000506_jpg.rf.64c492422246f1cde58183e9dce7f1a9.jpg,train,0,1
hand_50_png.rf.6473cee89f0c4f36a52282d3f8daa99f.jpg,train,0,1
88_JPG_jpg.rf.64ca8b437743d8df4e678fe5b573c59f.jpg,train,1,0
bone-cancer_train_2_1784_png.rf.64be01f587ab67d04094f0dcd370d32d.jpg,train,1,0
IMG0000635_jpg.rf.64ce61e5c2e58019ebdb056c7e984a1f.jpg,train,0,1
bone-cancer_train_2_2360_png.rf.64c7c0441d003c8fc4861fa303dcba86.jpg,train,1,0
IMG0000764_jpg.rf.63eef5704cce3e7f1f2e3438343e2c7d.jpg,train,0,1
download-13-_f_png.rf.64dd9a0647d1f861e46b82af29eaca79.jpg,train,0,1
bone-cancer_train_2_1688_png.rf.64eb2404830520180668485ae8b85978.jpg,train,1,0
knee_10_1_png.rf.64e00d26f911f4e051b977b044ce7802.jpg,train,0,1
bone-cancer_test_197_png.rf.64dd3234a87d58ee069b247f67a9ef3e.jpg,train,1,0
No-fracture-Normal-alignment-No-soft-tissue-swelling-_png.rf.64f09c16afdcd0e813dfc4ab0a0825e7.jpg,train,0,1
bone-cancer_valid_35_png.rf.64564bb0f3539f15b7acd1191bb61242.jpg,train,1,0
IMG0000335_jpg.rf.64f0f39eed2d74405cef1a4bac36f4d0.jpg,train,0,1
IMG0000832_jpg.rf.650300c78883a1f89d07b263b57e8937.jpg,train,0,1
knee_11_1_png.rf.650d1c4802410eccdf7e0a304e9ebfbe.jpg,train,0,1
image-no703-normal-_png.rf.653f2dd3d84970d78bb1d6b4687060ff.jpg,train,0,1
IMG0000694_jpg.rf.64e92e2399300239452a47ae3218a632.jpg,train,0,1
image-no306-normal-_png.rf.655e738319632549e3638b8ba2202127.jpg,train,0,1
bone-cancer_train_2_1379_png.rf.6542d61809410b9bfbf82159ccc081a5.jpg,train,1,0
bone-cancer_train_2_2395_png.rf.6539df136894951cb37f13acaa17ea2c.jpg,train,1,0
pelvis_metastasis_13_png.rf.65662c3f6d2e43bed1d9b1f70eebe028.jpg,train,1,0
IMG0000382_jpg.rf.653f9f0b79268b6822132083b8db1420.jpg,train,0,1
IMG0000672_jpg.rf.65658a7b211a683d5f354a6f5ceafc71.jpg,train,0,1
bone-cancer_test_138_png.rf.652ac17fe345fb8020b237d69ff1448d.jpg,train,1,0
bone-cancer_valid_38_png.rf.65a8699e21b326f4731c7cf300353a3a.jpg,train,1,0
tibia_osteosarcoma_17_PNG.rf.65ba97b8f9bd741ce8f2fd7252a82172.jpg,train,1,0
IMG0000861_jpg.rf.65a35bb8c1a7a11d30dad8b66062cd54.jpg,train,0,1
bone-cancer_valid_401_png.rf.650a50085a1f7a9502369fb4a8cef91a.jpg,train,1,0
IMG0000673_jpg.rf.6546fb6f7179f83a40b1d6b2edc5300e.jpg,train,0,1
image-no223-normal-_png.rf.6573a080e06ffd26319844de1c8104cf.jpg,train,0,1
hand_encondroma_6_png.rf.656b4319a934863ebf3b752683bf832c.jpg,train,1,0
bone-cancer_train_2_1190_png.rf.65c7c3c12b56f8ad1cef710c8afaf577.jpg,train,1,0
bone-cancer_train_2_71_png.rf.65e080d501252d78af81399d145d96a5.jpg,train,1,0
IMG0000542_jpg.rf.654a7f8b36f5679f57e2e2feebd94707.jpg,train,0,1
IMG_8854_JPG_jpg.rf.6609defb96e52f942bc6ad3a2c139c58.jpg,train,1,0
ulna_chondrosarcoma_1_png.rf.65faa2fa726fe3f116c6a1d847c81625.jpg,train,1,0
hand_encondroma_3_png.rf.6603407a50f72706033d4e70e09d965d.jpg,train,1,0
cervical-spine_2_png.rf.660b32f9cad45866aaf2e15d5e4ea702.jpg,train,1,0
IMG0000770_jpg.rf.663073cad85dea8695ba75d46c83867d.jpg,train,0,1
IMG0000629_jpg.rf.660c4ebc3727a796f13af6471fd46219.jpg,train,0,1
tf_05_2_png.rf.66243f711e9e7fa197e01fd882758cdc.jpg,train,0,1
bone-cancer_train_2_1923_png.rf.66703246b33e18518dae6c43b0427e7b.jpg,train,1,0
IMG0000823_jpg.rf.664fd9109959fe1b799e314ed72ff638.jpg,train,0,1
image-no606-normal-_png.rf.6628f84e0c94eb1b7e26ef8ab949f321.jpg,train,0,1
knee_0_1_png.rf.66629abe4ff1bf91e689cde2a117679f.jpg,train,0,1
203_JPG_jpg.rf.6615d265d5cce2fd407124e82f521c47.jpg,train,1,0
image-no40-normal-_png.rf.66744a608a83f3d1cc08dda406136c4f.jpg,train,0,1
IMG0000287_jpg.rf.664700b2fceab15d4add2d2339077833.jpg,train,0,1
bone-cancer_train_2_381_png.rf.667a3e93fd265b05d288548abb99c963.jpg,train,1,0
image-no51-normal-_png.rf.66673780addc6263495b9b4dc848cfcc.jpg,train,0,1
IMG0000629_jpg.rf.669964989a41e9e69f5deab9654dbbb9.jpg,train,0,1
IMG0000588_jpg.rf.666bea55e26b8ccc9cbeb4f59b7054f4.jpg,train,0,1
IMG0000715_jpg.rf.66a036bc64b52d3168549e97d607712b.jpg,train,0,1
IMG0000345_jpg.rf.664c033eacd9dfa254dde746290edd73.jpg,train,0,1
IMG_7852_JPG_jpg.rf.66b81d9b63d066042ec041c7aeed952d.jpg,train,1,0
IMG_1803_JPG_jpg.rf.66b048a97d41e7ae15f7b8fa679b7cb1.jpg,train,1,0
IMG0000494_jpg.rf.66cb7289c1356285376455b9556a9a23.jpg,train,0,1
IMG0000814_jpg.rf.66c49ecab2287975f07ad6e0d617f086.jpg,train,0,1
IMG0000748_jpg.rf.6699d53d2deb992d2d9ceea16c133406.jpg,train,0,1
IMG0000637_jpg.rf.66b813472578fd4ed388a1de5dd3aa93.jpg,train,0,1
IMG0000770_jpg.rf.66d08a29759669c157ffdf8c8027bab6.jpg,train,0,1
bone-cancer_train_2_1750_png.rf.66d3cbfb2c048c9dad1a238765783a35.jpg,train,1,0
bone-cancer_valid_97_png.rf.66f45452e1c7d29a8bed77751dc17f86.jpg,train,1,0
IMG0000658_jpg.rf.6711eb9fde1ee59cad73846e6f105b5e.jpg,train,0,1
download-19-_png.rf.67238749802830517dab634e584d8a49.jpg,train,0,1
bone-cancer_valid_221_png.rf.66d470757efe6f5a6e213a1ef8927d9c.jpg,train,1,0
IMG0000871_jpg.rf.675421817465e2ed00f1d00ea7714909.jpg,train,0,1
bone-cancer_train_2_2440_png.rf.67234579e61fe26b47936701ad80c882.jpg,train,1,0
IMG0000786_jpg.rf.66dde5a496d2fc893527842137934f74.jpg,train,0,1
IMG0000481_jpg.rf.6766f3dd2271d1d679014eeee7520076.jpg,train,0,1
image-no148-normal-_png.rf.6711f7bd0cce593d5277f4b3caa347dc.jpg,train,0,1
IMG0000665_jpg.rf.678a26130c903356163fed977d0d88e1.jpg,train,0,1
bone-cancer_valid_2_16_png.rf.6786264e43770a5d711bd693849430bf.jpg,train,1,0
IMG0000481_jpg.rf.6792399ccc7e7a9f77600fa49a402cf6.jpg,train,0,1
IMG0000292_jpg.rf.67385c213eb0347a489d4244f57ae6a7.jpg,train,0,1
bone-cancer_train_2_44_png.rf.6794d9e2ff50552d51dee3310f2ec692.jpg,train,1,0
IMG0000796_jpg.rf.66e116c2bf7fd6baf220e3cf61358149.jpg,train,0,1
istockphoto-477915137-612x612-1-_jpg.rf.674aadbc77ec0e69017d9173a03d18ca.jpg,train,0,1
IMG0000866_jpg.rf.6773264aa71e77300652e85e9d628b1b.jpg,train,0,1
IMG0000492_jpg.rf.67998c22c357f433e49b7bdde9895d11.jpg,train,0,1
bone-cancer_train_2_1682_png.rf.679eb643a1572b85a1556c1b39594d3b.jpg,train,1,0
IMG0000784_jpg.rf.67edee2d3116b4d301d5468f06aaec82.jpg,train,0,1
bone-cancer_valid_2_21_png.rf.6856aff5949d01869377344d1a23f9f0.jpg,train,1,0
fibula_ewing_6_png.rf.67e281f27816ded47bafc33de123ee59.jpg,train,1,0
forearm_png.rf.68128746435b654540e19830990b1c76.jpg,train,0,1
IMG0000832_jpg.rf.68623480c4c7816d0196cdc7424bd06e.jpg,train,0,1
image-no517-normal-_png.rf.68676618a012aa35991d333821282891.jpg,train,0,1
image-no399-normal-_png.rf.688d5c9eaf78cdbcc594a3833448c53d.jpg,train,0,1
IMG0000342_jpg.rf.688f1281e8401f430af82e7133fd12ba.jpg,train,0,1
IMG0000774_jpg.rf.68ac49492a73147e10478a4f77fc9b43.jpg,train,0,1
image-no478-normal-_png.rf.686e683973148d3887c96d801def10f7.jpg,train,0,1
image-no292-normal-_png.rf.68a68ec49e750688644797f9b236b3af.jpg,train,0,1
bone-cancer_valid_8_png.rf.68bac92561dce9aefd9743bfe0d3d897.jpg,train,1,0
bone-cancer_valid_379_png.rf.68b73341d74a71262d6c6f15aa0c55ba.jpg,train,1,0
ankle_4_3_png.rf.67e22d31f81d2d2b7dea15ba559ff31a.jpg,train,0,1
IMG0000335_jpg.rf.68aa4a369c84f485ff02d086561bc476.jpg,train,0,1
IMG0000399_jpg.rf.67ae290eb1e99c19152acb973a04f834.jpg,train,0,1
hand_encondroma_4_png.rf.679dbdbb7488b1ec4edebc547bb56ae5.jpg,train,1,0
bone-cancer_valid_2_199_png.rf.68bc51bd3ca08e02e49d31891e5ac6e9.jpg,train,1,0
image-no645-normal-_png.rf.68c60e8e0bcfba0f6373908418f4c896.jpg,train,0,1
IMG0000437_jpg.rf.6833e09bdf8d5c0726dbb384b10f6f0f.jpg,train,0,1
image-no672-normal-_png.rf.689e3a517387e0856219be569a2b2b32.jpg,train,0,1
IMG0000492_jpg.rf.68a1f996837e4c2d69e8e692fdb23d02.jpg,train,0,1
IMG0000848_jpg.rf.68b026437d82b9c3c1e4f5a25c485136.jpg,train,0,1
image-no98-normal-_png.rf.68e3032b4655a41e9fafde5e99414bb7.jpg,train,0,1
bone-cancer_train_2_2466_png.rf.68a5f3e5aaa52c6a49565a6c013f1b45.jpg,train,1,0
IMG_7434_JPG_jpg.rf.68ed7c99908f11942d5038fa79abf637.jpg,train,1,0
IMG0000785_jpg.rf.68c8a85745c2d444cbeb9c45c356394c.jpg,train,0,1
image-no630-normal-_png.rf.68c88c29155fc51ddbc47af94722bb00.jpg,train,0,1
image-no21-normal-_png.rf.68f97624d44b86778791534f6b8a431e.jpg,train,0,1
image-no702-normal-_png.rf.6991a812cfd91cad9c12890e30f7dfd3.jpg,train,0,1
Picture4_jpg.rf.690ff9e8fa5370e9776d96034468bab5.jpg,train,0,1
bone-cancer_train_2_845_png.rf.6929110b7c1f1441799d5a91a259ebd0.jpg,train,1,0
femur_osteosarcoma_5_PNG.rf.68fb6262b4287e017769caaf37de6269.jpg,train,1,0
tibia_ewing_6_PNG.rf.692231e1e4eb5ab3e0d544aa218fe08d.jpg,train,1,0
bone-cancer_train_2_1097_png.rf.695120b7b0bdf015b330578ec83776c2.jpg,train,1,0
image-no283-normal-_png.rf.69182175a3a4e5a5da05b54687c10861.jpg,train,0,1
image-no94-normal-_png.rf.6930f442d634c3598c62c065a2cd34f5.jpg,train,0,1
Oblique-view-of-cervical-spine_png.rf.699ef70b1bfa9c099aea77d7391b897d.jpg,train,0,1
31_JPG_jpg.rf.69aaf982945f6761028ae9577fbeead0.jpg,train,1,0
image-no27-normal-_png.rf.697541c0da0beccfdd457aea67214744.jpg,train,0,1
image-no22-normal-_png.rf.69896c5f101aca5f0a49f2961d7f1a5e.jpg,train,0,1
image-no315-normal-_png.rf.69ac71ebb6d42edc2660bb5e52b2c925.jpg,train,0,1
bone-cancer_train_2_1262_png.rf.69eb3a8bcbbd43ad1530731fb00465ee.jpg,train,1,0
bone-cancer_train_2_1368_png.rf.69ce6ae4170e05fc07e84467ebfdab8d.jpg,train,1,0
IMG0000503_jpg.rf.6a0300e4360ed67fdb91e83648735c41.jpg,train,0,1
174_JPG_jpg.rf.699d411c89c87c7c097d2c6f14201bfd.jpg,train,1,0
hand_ewing_3_png.rf.6a0741d8e38480dfd5dda1c0773d2fc6.jpg,train,1,0
IMG_7751_JPG_jpg.rf.69c731bb83de1066dbb73ec8f3d86a7d.jpg,train,1,0
bone-cancer_test_36_png.rf.6a125b147a0b992534c8e5b7c672a994.jpg,train,1,0
knee_8_1_png.rf.6a2163e5e842cb4080f5cc9c0c2056e9.jpg,train,0,1
knee_7_1_png.rf.6a1a9164661fd9ecfa1010c08fb84b95.jpg,train,0,1
IMG0000540_jpg.rf.6a43933cce032a4a827404f5f67fe4c2.jpg,train,0,1
knee_6_1_png.rf.69ad1f76fc5374dfbd27f029b93bcd94.jpg,train,0,1
IMG0000115_jpg.rf.6a29f0f8dbe6c0a1ddf45f7bbeb0c15f.jpg,train,0,1
IMG_0089_jpg.rf.6a808037f5c866d0034de9f99d33a38f.jpg,train,1,0
66_JPG_jpg.rf.6aca21e90f331a162a863d6da81b243d.jpg,train,1,0
bone-cancer_valid_134_png.rf.6b029fe3fe1125a0bf4b3cb94ecf7661.jpg,train,1,0
IMG0000830_jpg.rf.6aadb8afce1631dacadcd9d55700342d.jpg,train,0,1
image-no8-normal-_png.rf.6b1fdf42ee10672a6d78aa141988061e.jpg,train,0,1
bone-cancer_train_2_2233_png.rf.6ad622e30dacda8f4095a11361f3fec9.jpg,train,1,0
image-no555-normal-_png.rf.6b5cfc645c6022082934d936d76bb6b4.jpg,train,0,1
bone-cancer_train_2_1305_png.rf.6adca52125ea85585dd2d8503db12e62.jpg,train,1,0
image-no724-normal-_png.rf.692f99c19f66064a3f6b2766b9ac2510.jpg,train,0,1
hand_11_2_png.rf.6b23f80f2ad93126f5ba3848179512e0.jpg,train,0,1
10_jpg.rf.6b6a63c71f37d0148762bc62f7b1910f.jpg,train,1,0
IMG_7182_JPG_jpg.rf.6b4898e280e42444757d0decdbcfe0c8.jpg,train,1,0
image-no551-normal-_png.rf.6b76fb70f44a42e0c4e887a924b8291c.jpg,train,0,1
IMG0000723_jpg.rf.6b6baa92f49bae1e66caad5b914d5089.jpg,train,0,1
ped_27_png.rf.6b593d041aee92804a4d4c8270b5ee37.jpg,train,1,0
bone-cancer_valid_405_png.rf.6b6f33e811e2b0aebf3c7554942b6b57.jpg,train,1,0
IMG0000620_jpg.rf.6b7d3ff8bdede7c0241ee4426eaa86e5.jpg,train,0,1
bone-cancer_valid_2_147_png.rf.6b7eef43ddb599125b198902ea78a42d.jpg,train,1,0
IMG0000635_jpg.rf.6b997401c339a87f81dde237c58f0a99.jpg,train,0,1
image-no120-normal-_png.rf.6bad10acf13a4775903856dd686206e1.jpg,train,0,1
IMG0000629_jpg.rf.6bd7f8a7e99a8606d67022e49d39017a.jpg,train,0,1
tibia_other_16_PNG.rf.6bcd877b2165450534cb54259bdf803c.jpg,train,1,0
bone-cancer_test_40_png.rf.6c0581cf153ebdc60e2b1fa57a3edaf6.jpg,train,1,0
IMG0000792_jpg.rf.6c1860ab3c4e5d9893086b1a121618bb.jpg,train,0,1
bone-cancer_train_2_1173_png.rf.6bb5085493b35a9a90046f446c79a401.jpg,train,1,0
tf_1_1_png.rf.6bfb31045aa60acb207886c009d489b4.jpg,train,0,1
1_JPG_jpg.rf.6c158cba50ec8c9cafda95efb7bc3441.jpg,train,1,0
chest_7_1_png.rf.6bca114efc14eff4f36759b6cafc393b.jpg,train,0,1
image-no35-normal-_png.rf.6ca83f26bf5e47c5d658ed066ad3e6ad.jpg,train,0,1
ulna_chondrosarcoma_2_png.rf.6c5dd3b0a4273db456d79827f3806a08.jpg,train,1,0
image-no722-normal-_png.rf.6c86beced5c0a7904272993958ef90e3.jpg,train,0,1
bone-cancer_train_2_1568_png.rf.6baf3fa5640b991e02d8a6b6bbb3f4f3.jpg,train,1,0
foot_2_png.rf.6cb2c0ff34c69ef867a22e8efbde8812.jpg,train,1,0
IMG0000774_jpg.rf.6cc833019d25ed10a068d776edfdd7b5.jpg,train,0,1
femur_ewing_18_png.rf.6c62c16df321143f54798116e6df7c6d.jpg,train,1,0
image-no242-normal-_png.rf.6c68c38ec778630b67923c53e8c8d8aa.jpg,train,0,1
IMG0000706_jpg.rf.6ca9605de968e2e08cdf31f0a5ffe744.jpg,train,0,1
IMG0000701_jpg.rf.6cc392587a0ef8aef9a70f5e250b8e10.jpg,train,0,1
image-no267-normal-_png.rf.6cd1e41d18771300f60b7a262a4f2224.jpg,train,0,1
image-no722-normal-_png.rf.6cc8ba5c8058679910e5e14af5faf57e.jpg,train,0,1
bone-cancer_train_2_2501_png.rf.6d0ae3bb30824119b0dba39c5576e413.jpg,train,1,0
bone-cancer_test_159_png.rf.6ce82a849955992786afeb07a6bc7b20.jpg,train,1,0
bone-cancer_train_2_938_png.rf.6cf4cadec6f508c11722f88a57b0222a.jpg,train,1,0
IMG0000827_jpg.rf.6ce800ef945001e894d8b7d777cb454e.jpg,train,0,1
bone-cancer_train_2_1986_png.rf.6d3a092a3cbf96fffd91bc66405923ce.jpg,train,1,0
bone-cancer_valid_2_207_png.rf.6d4a94dde67a9aa419bc2765076c6f73.jpg,train,1,0
image-no705-normal-_png.rf.6d59e028bc8b03a23ddc78d94709e7c4.jpg,train,0,1
foot_31_png.rf.6d2d6faabd3f596ad4e10ff1ac3cfbcb.jpg,train,1,0
bone-cancer_test_180_png.rf.6d783cfd97590cb943f2037a70a6ac3c.jpg,train,1,0
bone-cancer_valid_2_296_png.rf.6d75739ec98d3c492b244cd280683172.jpg,train,1,0
IMG0000767_jpg.rf.6d7e33ffa2d95ec82f8c784ce220c2fe.jpg,train,0,1
knee_10_2_png.rf.6d9c150ea91c5adfa0cefdafb38d970f.jpg,train,0,1
IMG0000827_jpg.rf.6d9b7ca96ce589dc6c2c98259c23c1bf.jpg,train,0,1
IMG0000403_jpg.rf.6dbba193db83a8d0fa1f34815f46a8b5.jpg,train,0,1
download-34-_png.rf.6d475efb47582c9f11669e88095529b7.jpg,train,0,1
IMG0000617_jpg.rf.6d88e04e80f411a50f69e2e18767e45b.jpg,train,0,1
IMG0000674_jpg.rf.6dd03ab62e82cfc20f75b7eb42ba0a93.jpg,train,0,1
bone-cancer_valid_2_416_png.rf.6d19dc88b2b8e6b2ba4e90c8525b6364.jpg,train,1,0
fibula_osteosarcoma_13_PNG.rf.6d0bc36a99eee7eb37706c2e893f68ee.jpg,train,1,0
fibula_ewing_12_png.rf.6da0d68a26ff299c01a0c034b68f3e2f.jpg,train,1,0
bone-cancer_train_2_2140_png.rf.6dab272e31f340e0fb8dac9f7245b910.jpg,train,1,0
foot_46_png.rf.6db2306f3ab92e517727ce94e0eacb16.jpg,train,1,0
bone-cancer_valid_2_56_png.rf.6dd0e985cf628fb186eb074b8cc25d26.jpg,train,1,0
femur_ewing_2_PNG.rf.6e0a2b73ff77bd10141a3efa51058ed7.jpg,train,1,0
bone-cancer_train_2_485_png.rf.6dd59c7d846023077748b626df6dfe77.jpg,train,1,0
hand_5_1_png.rf.6dcff3a8c1cbbf1fa9ff784c7e505dba.jpg,train,0,1
bone-cancer_train_2_2086_png.rf.6e1863bd1920bee98325c7f9a372c63e.jpg,train,1,0
image-no449-normal-_png.rf.6e28280a53309a0901fbb8c66832b2e8.jpg,train,0,1
foot_51_png.rf.6e27c5fb8537bda4dad18189cc609c7b.jpg,train,1,0
image-no299-normal-_png.rf.6e3e3cee933eb41da8b7205f5cd202e2.jpg,train,0,1
IMG0000898_jpg.rf.6e5a73d5da0933abc1b7b729169ad38b.jpg,train,0,1
IMG0000289_jpg.rf.6e96ce257dc241eb68993f0130debeaf.jpg,train,0,1
new4_d-5-_png.rf.6e8953e7526e00a353d28a70e9bbad6e.jpg,train,0,1
ulna_0thers_9_png.rf.6e94bbccb559089ff33a1cfd96068f6c.jpg,train,1,0
foot_4_1_png.rf.6ed5c95043ba11bfb2fa36c3bd8781ea.jpg,train,0,1
bone-cancer_train_2_704_png.rf.6edb692b35542f6045876632105c314b.jpg,train,1,0
image-no11-normal-_png.rf.6ecd39671ef6cbfc777792f97ad92b18.jpg,train,0,1
bone-cancer_train_2_480_png.rf.6e7c2de6b6feea028224ac11b5036c90.jpg,train,1,0
image-no583-normal-_png.rf.6f10614576b6703b35ac565c89802258.jpg,train,0,1
download-4-_png.rf.6e55b6d089d19508939cf17d90e79023.jpg,train,0,1
IMG0000548_jpg.rf.6e9526197249b978da60cd889c18fca9.jpg,train,0,1
bone-cancer_valid_420_png.rf.6edfe4b567ed11ea1f7a916bae90d0e4.jpg,train,1,0
image-no550-normal-_png.rf.6f236de694e32a5c6ad26cbb3e5b9436.jpg,train,0,1
bone-cancer_valid_30_png.rf.6f3a7ffac15e1a426e968d39bfb87f37.jpg,train,1,0
bone-cancer_valid_2_363_png.rf.6ee537c1dc937ce7b41cfa78bdc1630d.jpg,train,1,0
IMG0000831_jpg.rf.6f0c63bbf4535882879e2f43e525533e.jpg,train,0,1
bone-cancer_valid_2_398_png.rf.6f4a28298bfae1473e866c15ef659cf8.jpg,train,1,0
IMG0000287_jpg.rf.6f7ea7f18a674b5497fa711f64d2e734.jpg,train,0,1
IMG0000756_jpg.rf.6f9ac0cf614c3f6540479a88e410d7cf.jpg,train,0,1
download-23-_png.rf.6f3d2c336e4530fe25c685f05e147df4.jpg,train,0,1
tf_8_1_png.rf.6f6320b2324eed8dd74c54fb016812fa.jpg,train,0,1
bone-cancer_train_2_1826_png.rf.6f46f97942f640f212648f735c2e84e5.jpg,train,1,0
bone-cancer_test_44_png.rf.6ffb793b976ef5e56942bb2edeb102b8.jpg,train,1,0
bone-cancer_train_2_595_png.rf.6fa2aecc10c055419a6f29d3f0d8632c.jpg,train,1,0
bone-cancer_valid_2_411_png.rf.6f981b5cf9f20e7b9bafe41e67910008.jpg,train,1,0
IMG0000617_jpg.rf.6f73f19d94d895f91ef66a59c6283b35.jpg,train,0,1
IMG0000672_jpg.rf.700f6dbb6b724285287e101136156412.jpg,train,0,1
IMG_4319_JPG_jpg.rf.6f42094e67e8a33d22ef335da2d9de61.jpg,train,1,0
bone-cancer_valid_2_319_png.rf.6f8a1abdddbb94aa6037e818f9d79029.jpg,train,1,0
bone-cancer_valid_178_png.rf.6fc53dbe6e48e377730f4d7ca0b55b19.jpg,train,1,0
bone-cancer_valid_50_png.rf.6fd9b663f364665f382692a6cd4d7629.jpg,train,1,0
bone-cancer_test_211_png.rf.7021dd441b934835979bad533b9793d4.jpg,train,1,0
bone-cancer_test_53_png.rf.6f528e5976fec7c947f5ae596fdece37.jpg,train,1,0
IMG0000766_jpg.rf.70199b8a4289de4deceeb24fb1a1762e.jpg,train,0,1
IMG0000484_jpg.rf.702aac21ff0a9648ce0f47f12a501898.jpg,train,0,1
IMG0000562_jpg.rf.6ff82e4b35b7e7bb9689591465ce0d01.jpg,train,0,1
image-no218-normal-_png.rf.702b97b962b0ea898b411633619277c0.jpg,train,0,1
IMG0000585_jpg.rf.7023ac027a8ab2606b30703700fc7fa9.jpg,train,0,1
fibula_metastasis_17_png.rf.6fda73032a8d0af59a13b76ed4adbd17.jpg,train,1,0
82_JPG_jpg.rf.7030971bb0e4113b2a353871735a8bed.jpg,train,1,0
IMG0000794_jpg.rf.703eb26513cc1c171503fde2f0ffa7a4.jpg,train,0,1
ped_18_png.rf.70bda72a923f646309ae5061d4128d8d.jpg,train,1,0
bone-cancer_valid_2_88_png.rf.70b3c5fc1cbb1449f24f132ebd5cc7e4.jpg,train,1,0
bone-cancer_test_150_png.rf.70492d56041e0a1cbdb1061c60400979.jpg,train,1,0
fibula_chondrosarcoma_11_PNG.rf.70fd5f3a19048dd1740a5c49513cdf60.jpg,train,1,0
IMG0000812_jpg.rf.70670b5d1a16eca0a1467daf5e32c735.jpg,train,0,1
IMG0000765_jpg.rf.70df9eedc5d81002c12796d74c6dfe5c.jpg,train,0,1
IMG0000585_jpg.rf.7153ffc7e5b175b0edc58436f935ab8b.jpg,train,0,1
chest_15_1_png.rf.716ee7f471eeb7bdd1898a81e2ba61af.jpg,train,0,1
IMG0000014_jpg.rf.712face7ccfcc3c27adccb62c59cb332.jpg,train,0,1
bone-cancer_valid_2_380_png.rf.70fbeefca9d57659e15c35f80d81d54e.jpg,train,1,0
bone-cancer_valid_119_png.rf.70f83f1e02ca412392a13e92f9d09a7a.jpg,train,1,0
IMG0000458_jpg.rf.711c8cce171e18691ac8871b079882f6.jpg,train,0,1
IMG0000864_jpg.rf.714140849704a07acad491684fcaa857.jpg,train,0,1
foot_4_png.rf.7091e472d9474b7cc8e7ca6136ae4bb5.jpg,train,1,0
image-no410-normal-_png.rf.7141c7b6ea5ab5432e16b72d312bf87f.jpg,train,0,1
6-year-old-male_2_png.rf.712e41c61fe0ac492edd3807a26ebe27.jpg,train,0,1
IMG0000781_jpg.rf.7108248c770fc87823655d906e4b7933.jpg,train,0,1
bone-cancer_valid_94_png.rf.7146724c55fbea193cddad2bb36bc8ef.jpg,train,1,0
bone-cancer_valid_78_png.rf.716ef58e84b88c4795a220a4720c76b2.jpg,train,1,0
bone-cancer_train_2_68_png.rf.717a9e99921855f74ce8fa4f28795649.jpg,train,1,0
tibia_ewing_21_PNG.rf.718a5f8926cf630844a447243ee45e46.jpg,train,1,0
bone-cancer_valid_203_png.rf.7181ff3aea83456e897cece19976451d.jpg,train,1,0
IMG0000427_jpg.rf.71ef5eb00e2a6c336429288dc3534dd9.jpg,train,0,1
bone-cancer_train_2_2117_png.rf.7198fa804b331add0bd5ef5b8fe46462.jpg,train,1,0
image-no335-normal-_png.rf.722dc5b54d282c28ed3b5359c45e3abe.jpg,train,0,1
IMG0000814_jpg.rf.71a73646fb51124f2ff8c62c4fdec945.jpg,train,0,1
bone-cancer_train_2_293_png.rf.71e7931f250d6e43db0cd08925618ae8.jpg,train,1,0
pelvis_65_3_png.rf.722e8ad625bf9c4f1a76371418b8f540.jpg,train,0,1
IMG0000882_jpg.rf.727e6c63d7099f80b187bdd314ad3296.jpg,train,0,1
195_JPG_jpg.rf.72031a979f170cdbb9996374472ce203.jpg,train,1,0
image-no586-normal-_png.rf.71a12565e2bf07db025a91d43d424429.jpg,train,0,1
IMG0000820_jpg.rf.727eac12305275e4ae5c9c46ed5cc575.jpg,train,0,1
bone-cancer_train_2_1351_png.rf.7235d8844be0815bbd2742ba9c32494d.jpg,train,1,0
bone-cancer_valid_142_png.rf.722d68d9bcae0f1d3068477c22829f22.jpg,train,1,0
IMG0000540_jpg.rf.72065db40792b42ee047681fd5feb986.jpg,train,0,1
154_JPG_jpg.rf.721f0e4184e500e69568acf0647b8af8.jpg,train,1,0
pelvis_55_female_2_png.rf.71ec1a79b680672b855237aa642005e7.jpg,train,0,1
bone-cancer_train_2_1370_png.rf.7239212ce640d20112dfeb65cdb958b3.jpg,train,1,0
IMG0000891_jpg.rf.7242c606adc8c28baf2c5d086ab00831.jpg,train,0,1
image-no45-normal-_png.rf.72bc58914f642a18de1df45e9312239f.jpg,train,0,1
bone-cancer_test_45_png.rf.726af1378acda7007d6ff64c940b647f.jpg,train,1,0
IMG0000809_jpg.rf.72ac54ba388a61917bc25d8b91437647.jpg,train,0,1
IMG0000689_jpg.rf.7289e7d865dea6f7d238a4a309b8962a.jpg,train,0,1
image-no473-normal-_png.rf.72892868e549e5f9de89ec8923af31c6.jpg,train,0,1
183_JPG_jpg.rf.7265b14b70175e710c781991b0711b42.jpg,train,1,0
image-no278-normal-_png.rf.728123fca106bd46c331fd450a7acd63.jpg,train,0,1
IMG0000837_jpg.rf.72c66d2dcb6f492f8086f7b77093e532.jpg,train,0,1
bone-cancer_train_2_2196_png.rf.72c953944ef4c9f2d9231f62ceec1234.jpg,train,1,0
fibula_osteosarcoma_5_PNG.rf.71a5b4dac191041d09f43caa7bdaf7b4.jpg,train,1,0
bone-cancer_train_2_2245_png.rf.72cce24707c1fb4168df9a486b6d5d31.jpg,train,1,0
image-no370-normal-_png.rf.72cc6962b61ee855683dbb4aae7afe56.jpg,train,0,1
IMG_6520_JPG_jpg.rf.72e0ec7819294facd18ae1ab6d5d17fe.jpg,train,1,0
bone-cancer_valid_123_png.rf.72ebac4f2ae397bcff2fb965ca663706.jpg,train,1,0
hand_4_2_png.rf.72e6ce352e5f946b4d854f40903ac35c.jpg,train,0,1
image-no288-normal-_png.rf.7306dbb32c62a05cf528ede1b344df28.jpg,train,0,1
189_JPG_jpg.rf.730211fc485967a85610a7c56ae45342.jpg,train,1,0
IMG0000572_jpg.rf.733c8eec4fa0006486f179ffbb79f68c.jpg,train,0,1
tf_14_1_png.rf.732bbf63385d74955476e755c466eb3d.jpg,train,0,1
IMG0000894_jpg.rf.7303f75ed418339ac3440208c27edc58.jpg,train,0,1
bone-cancer_train_2_2525_png.rf.7305e1437882140516f62e50775d5e2c.jpg,train,1,0
bone-cancer_train_2_2375_png.rf.7354bb2a1057ed0cfd72210ba23b6349.jpg,train,1,0
bone-cancer_valid_2_172_png.rf.739cfd0b7c0491137e9804775dcc9d1e.jpg,train,1,0
bone-cancer_valid_400_png.rf.7301408a8ce974c1cd04a01899a9c43b.jpg,train,1,0
cspine_11_2_png.rf.7347a39df2af626cf3283c2b18286ee9.jpg,train,0,1
bone-cancer_train_2_200_png.rf.731dd4086d9b1df470478ed07d3b172d.jpg,train,1,0
bone-cancer_valid_350_png.rf.73448cc782cc611e813d51ac538ef41c.jpg,train,1,0
IMG0000592_jpg.rf.736f07d85d8918eaee935a28b6c682aa.jpg,train,0,1
IMG0000863_jpg.rf.73910847ef4ecc219531a4e1d0fb04b0.jpg,train,0,1
172_JPG_jpg.rf.73b1b1d5b0ef8f2b50871aea0ba2d237.jpg,train,1,0
IMG0000839_jpg.rf.73873ddd790a3da1289afa1bdeb52500.jpg,train,0,1
image-no122-normal-_png.rf.73c01bbfaec46e1077b60a4d8077e6a1.jpg,train,0,1
bone-cancer_train_2_1421_png.rf.73d9eeda3a68b40d2f9b18902e53dbd2.jpg,train,1,0
bone-cancer_test_145_png.rf.73ce911d8f8c60948422b533879966cd.jpg,train,1,0
IMG0000736_jpg.rf.73bf8458cb0a245e22137472409c7f3b.jpg,train,0,1
bone-cancer_test_156_png.rf.73ed89f085f175ea8b860b4d040571e1.jpg,train,1,0
ulna_osteosarcoma_5_png.rf.7339b2f5d082496b633b26f190ceda9b.jpg,train,1,0
forearm_14_1_png.rf.73eb8a0a186b27dc5279b10d0d795c37.jpg,train,0,1
139_JPG_jpg.rf.740d322dbd137a4cb7357ff66e8bcb4b.jpg,train,1,0
tf_2_2_png.rf.73fe406a2676c47e1938efc3b902ddc4.jpg,train,0,1
femure_chondrosarcoma_13_PNG.rf.743166a95b6908614297a110eed74392.jpg,train,1,0
bone-cancer_train_2_955_png.rf.7390dfbb967a037fa93e835ed641df03.jpg,train,1,0
bone-cancer_train_2_1979_png.rf.740c8623e79105932fd6a924a70d5c3b.jpg,train,1,0
IMG0000830_jpg.rf.740164676a99bcd228f04e5bfba94008.jpg,train,0,1
bone-cancer_train_2_1159_png.rf.7411560ff3758be18326ef8bc707367c.jpg,train,1,0
image-no392-normal-_png.rf.743b11413e6a11909c763d69d207dea8.jpg,train,0,1
IMG0000748_jpg.rf.743a613308b917e438d93db6966dc1a1.jpg,train,0,1
image-no25-normal-_png.rf.73d3f596a0c27ba60d179c5c6591a3ef.jpg,train,0,1
bone-cancer_train_2_1383_png.rf.748e60e02210c88029cf922eec07ac49.jpg,train,1,0
image-no277-normal-_png.rf.7480d43786418c578ec24dc37f415dab.jpg,train,0,1
foot_34_png.rf.7469cb292f5d5c146a09a9f1cd871ef8.jpg,train,1,0
12_jpg.rf.74a274af243af7783e3af7b615fb252d.jpg,train,1,0
bone-cancer_valid_305_png.rf.747d5a6cde9bf9bd1833d3f1768c7e34.jpg,train,1,0
bone-cancer_valid_399_png.rf.746fd1b030674b4bf0ae2a80c4928432.jpg,train,1,0
IMG0000396_jpg.rf.7487cb6b6baf5e3b2b443d616fcc53d5.jpg,train,0,1
bone-cancer_valid_2_181_png.rf.7470f3e7f72e7ad48bb6a718adb14a8e.jpg,train,1,0
IMG_1721_JPG_jpg.rf.743d161e46941b0e3f8f88530ab39437.jpg,train,1,0
IMG0000388_jpg.rf.746017af3fe3d9bbdd48ff7a1c297866.jpg,train,0,1
image-no26-normal-_png.rf.74d906706b5d2939578f45c078e72244.jpg,train,0,1
bone-cancer_train_2_699_png.rf.74624d4eb47df196637819c272618484.jpg,train,1,0
IMG0000503_jpg.rf.74b1799714b1066f8df474616f10fa87.jpg,train,0,1
IMG_0130_JPG_jpg.rf.75067f35902e7a269a0a9c637b6b8793.jpg,train,1,0
bone-cancer_valid_2_431_png.rf.74c725499e3f3dc75a4295a29519fb46.jpg,train,1,0
IMG0000635_jpg.rf.74edded10da79cf191791a68d57aaa41.jpg,train,0,1
IMG0000635_jpg.rf.744475dce4ac4e135d0b836cecbffacc.jpg,train,0,1
IMG_0544_JPG_jpg.rf.747654069ac138d358b967ff143f0793.jpg,train,1,0
bone-cancer_valid_2_415_png.rf.74a6d5209ccfa576a0889cd54d2280ac.jpg,train,1,0
bone-cancer_train_2_1944_png.rf.74aa920241c664eb941d8cb85ed5e2d1.jpg,train,1,0
IMG0000381_jpg.rf.74c83de978fdaaefbdd311239ac56710.jpg,train,0,1
download-13-_png.rf.7541be5e8cebed58af4b239ef337cbb3.jpg,train,0,1
image-no285-normal-_png.rf.7509c053128799e6e18c0817c2af6a86.jpg,train,0,1
IMG0000497_jpg.rf.7538610cb8fd51b33392c95037625b2b.jpg,train,0,1
foot_3_png.rf.754f8cf7267845fb874b89ed3b6835cb.jpg,train,1,0
IMG0000800_jpg.rf.7566ceac0a1337a08646f8b0eaa35d0f.jpg,train,0,1
bone-cancer_valid_2_136_png.rf.7553558873c2b1632965b27dacba8a76.jpg,train,1,0
IMG0000874_jpg.rf.75cd707fc039416cd4350497e99e4415.jpg,train,0,1
IMG0000818_jpg.rf.7623bcacd967e16912407d745c13ff99.jpg,train,0,1
image-no258-normal-_png.rf.755b63ee33a73edbac0234238e591df2.jpg,train,0,1
bone-cancer_train_2_1239_png.rf.754f709bdd188389c8b49b947c826060.jpg,train,1,0
bone-cancer_train_2_2503_png.rf.7629d77840bab6d355d8d4e56a58557d.jpg,train,1,0
bone-cancer_train_2_2004_png.rf.760f59fdf75ff4b59b58a626f93bf8b7.jpg,train,1,0
bone-cancer_train_2_1163_png.rf.75d3dd6eacf98ab10710aca9d22cf13e.jpg,train,1,0
IMG0000833_jpg.rf.75c779bbb3706b6e8b9a76445e860aa0.jpg,train,0,1
bone-cancer_valid_381_png.rf.75a31f8693d7711196e541945caaa39f.jpg,train,1,0
image-no248-normal-_png.rf.762bf30538329b7552f5824661ba0c41.jpg,train,0,1
IMG0000691_jpg.rf.75b0b65cd4c476728ae5f36941d6d100.jpg,train,0,1
IMG0000885_jpg.rf.75758dd604f1e87baf96fd5e5ccc792d.jpg,train,0,1
IMG0000743_jpg.rf.75df4d57c2399d69678547ff6d5cd5e1.jpg,train,0,1
IMG0000816_jpg.rf.7638e57c067b71ef41acdb9aa0b4a361.jpg,train,0,1
193_JPG_jpg.rf.75bce10b67f8c37d981ffc9aac1a7422.jpg,train,1,0
151_JPG_jpg.rf.75b691d0b69ee50693b4493ffea7afa6.jpg,train,1,0
image-no587-normal-_png.rf.76553053ca60e89b498a1f65deecaa91.jpg,train,0,1
humerus_14_1_png.rf.7644f0be583f0b95e14495c052cfc83e.jpg,train,0,1
humerus_27_png.rf.765539fdcec529e56b795d58e28edc40.jpg,train,1,0
image-no29-normal-_png.rf.767d83d085cf0ae4d262770acb0f7b2f.jpg,train,0,1
image-no155-normal-_png.rf.7695aa82f011f45f7b79430b5f80ea91.jpg,train,0,1
bone-cancer_train_2_935_png.rf.7684af353d570fff0f34088b971928f3.jpg,train,1,0
IMG0000828_jpg.rf.767837c691f7a401b5c233fee72a7cbf.jpg,train,0,1
bone-cancer_valid_12_png.rf.76ab8974673808dd1023900cbe238a5a.jpg,train,1,0
bone-cancer_train_2_2492_png.rf.76c549a0cd2ba10b2b47e7ee4ddf8060.jpg,train,1,0
femure_chondrosarcoma_11_PNG.rf.7692be03ce31f7a7d4453452f6f87274.jpg,train,1,0
164_JPG_jpg.rf.76c45e75b68b84d694ca6ea325a58433.jpg,train,1,0
bone-cancer_train_2_168_png.rf.76cfca0541ca7352df62330615fba1d0.jpg,train,1,0
91_JPG_jpg.rf.76af3f4a03df35676f5d31439a9bcb4f.jpg,train,1,0
IMG0000331_jpg.rf.77589ac85a4dd74f82ff71a9856c1d1e.jpg,train,0,1
bone-cancer_train_2_193_png.rf.76e4117943596ac3b3907dc05300d7f0.jpg,train,1,0
bone-cancer_train_2_1178_png.rf.76ab71cb80e60d785a7c50d3a8b8bf00.jpg,train,1,0
tibia_metastasis_28_PNG.rf.75f76e8261903a36e3e1bf2a1d83e3d1.jpg,train,1,0
bone-cancer_test_166_png.rf.76ad85213e106580d84b83d7c9a30832.jpg,train,1,0
istockphoto-177375147-612x612_jpg.rf.7775f51f0e34f1ac09ae70b59619babc.jpg,train,0,1
IMG0000678_jpg.rf.76f2ae514de7e067e42860491a60a866.jpg,train,0,1
IMG0000895_jpg.rf.775ffa44233f0dd0da0591d0e6eff562.jpg,train,0,1
image-no537-normal-_png.rf.771456b3266405b7c31ac637b7b469dc.jpg,train,0,1
IMG_0541_JPG_jpg.rf.776f5f54c63141613995d84f12e1bb4a.jpg,train,1,0
bone-cancer_train_2_2310_png.rf.76c6b15c995c6c01bfb9e70c3fc4af11.jpg,train,1,0
IMG0000890_jpg.rf.7713d7cfe54bcbbf52df6cbee277213b.jpg,train,0,1
image-no553-normal-_png.rf.772986c04f3377fd724b0324423eceae.jpg,train,0,1
IMG0000685_jpg.rf.77170b31e341061e64ce955163446e6d.jpg,train,0,1
IMG0000587_jpg.rf.776b07cc300cde9ffde19c2cf4a2275f.jpg,train,0,1
bone-cancer_train_2_924_png.rf.777258eeb57e3a444d296a3987428b57.jpg,train,1,0
IMG0000540_jpg.rf.77804802d194581f0cf6be136a753557.jpg,train,0,1
IMG0000820_jpg.rf.77e72b0499b762f268f8583508853c59.jpg,train,0,1
bone-cancer_train_2_1101_png.rf.77c7f1a5b22e69c8d9f2ca7cfe8ed3e2.jpg,train,1,0
image-no165-normal-_png.rf.77a701c02a9d690d39c258c89ea5e35f.jpg,train,0,1
-49-_jpg.rf.77c9c0bbc9bfb392a53de2c86aa8dcd0.jpg,train,0,1
184_JPG_jpg.rf.782086206b906957f764532559ff1639.jpg,train,1,0
image-no494-normal-_png.rf.781eebbf57165cf9349980eafd7e53db.jpg,train,0,1
bone-cancer_train_2_56_png.rf.7823488beca46d82e84a8cc13df72c80.jpg,train,1,0
image-no528-normal-_png.rf.7842595c3379b38adfb97a9592a7b8af.jpg,train,0,1
IMG0000818_jpg.rf.7834f4f705640a0c47505835fe254ccf.jpg,train,0,1
bone-cancer_valid_74_png.rf.785e0a230f5ddf6be7f6715ac418eafe.jpg,train,1,0
hand_0_1_png.rf.786374a5c2e7762abec23ed261f5b5a7.jpg,train,0,1
foot_35_2_png.rf.78898c639e702d222e0a8e2936c8bc22.jpg,train,0,1
bone-cancer_train_2_1918_png.rf.783cb76b7a77ce2c2763021198b998fe.jpg,train,1,0
147_JPG_jpg.rf.7844b6f6eb3922feda579be76f7f6fd3.jpg,train,1,0
image-no565-normal-_png.rf.787dca8d89c0620973160149ebd069ed.jpg,train,0,1
bone-cancer_train_2_1853_png.rf.785c2434b326bd104d7a27a254933890.jpg,train,1,0
image-no178-normal-_png.rf.7828ad14b2a14a0baa77d22ccdf00912.jpg,train,0,1
IMG0000685_jpg.rf.785ed4fba32bf6eac5d112899c736af8.jpg,train,0,1
bone-cancer_train_2_2210_png.rf.787c9757ec34b983dabcd5e6c2a375dd.jpg,train,1,0
image-no201-normal-_png.rf.788152932748f65389c0f3610d2dc4ba.jpg,train,0,1
femur_0_1_png.rf.789eb64c269b0735e65f9fe0a6aa2e49.jpg,train,0,1
IMG_2449_JPG_jpg.rf.78a123cfb3e8d1bb5d0b48b93ea089f8.jpg,train,1,0
bone-cancer_valid_2_225_png.rf.78a8c7bb0744fb7a61603891d37ad6fa.jpg,train,1,0
image-no165-normal-_png.rf.78c093493b71a0f238bec92dd8178e19.jpg,train,0,1
image-no695-normal-_png.rf.78e61b9c43d2ad74cee11ba2f5c676b3.jpg,train,0,1
IMG0000770_jpg.rf.7915dc0cd48794ad62435a5bbe9cb09f.jpg,train,0,1
IMG0000428_jpg.rf.78f1daae490165375b053e64a1d6c768.jpg,train,0,1
IMG0000500_jpg.rf.78f3ab5c760a745dd761a01fd0a0afaf.jpg,train,0,1
IMG0000335_jpg.rf.7945f72ec91b1ee056c8e2f3dfdc42be.jpg,train,0,1
bone-cancer_train_2_609_png.rf.79253ae653ed586d7183c62e1d63a9f9.jpg,train,1,0
humerus_14_png.rf.795faf28b73990cdd2d5b7809d6fd321.jpg,train,1,0
bone-cancer_train_2_2131_png.rf.791fa317d5f18d35755fb665d373ac0c.jpg,train,1,0
tibia_osteosarcoma_27_PNG.rf.792cdf8a754a26fdc68b019b0d42fe01.jpg,train,1,0
bone-cancer_train_2_2358_png.rf.79385370f4d771df52473168c2ab9cdb.jpg,train,1,0
bone-cancer_train_2_1771_png.rf.795bc2b4d1d716452e125b27b7b24b03.jpg,train,1,0
IMG0000782_jpg.rf.79946ebf2681e5da4b2bd2dec5ba86eb.jpg,train,0,1
tf_8_1_png.rf.7989f72349b8c3df121365a0104a30c7.jpg,train,0,1
-61-_jpg.rf.79760564bbacfe0a84ed1a52d0611961.jpg,train,0,1
IMG0000738_jpg.rf.79c6d178de4dd69f79c31e9bd6a4d222.jpg,train,0,1
IMG0000627_jpg.rf.79964cdff224ac9aeaccedce97d180c0.jpg,train,0,1
ped_15_png.rf.79713896e20122a2e18630777243f201.jpg,train,1,0
bone-cancer_valid_2_325_png.rf.79def381dba20fa0f57aecef61dfeec1.jpg,train,1,0
bone-cancer_train_2_289_png.rf.79f2b10898410159546e222e9edcfb57.jpg,train,1,0
The-left-humerus-is-intact-shoulder-and-elbow-joints-are-grossly-unremarkable2_png.rf.7a3b9d9bebaf9dc578224cccac2b4c9a.jpg,train,0,1
image-no40-normal-_png.rf.7a170a14ee24c45b05e6b44e01818971.jpg,train,0,1
image-no673-normal-_png.rf.7a2a9dd65c9a87ddf9fc0c7b44b37313.jpg,train,0,1
image-no137-normal-_png.rf.7a0814e331843198429bad7a06d94d38.jpg,train,0,1
bone-cancer_train_2_1548_png.rf.7a4897e56d6424f35bbfab146828b407.jpg,train,1,0
IMG0000722_jpg.rf.7a220fcc97ff2eb215039872548022c0.jpg,train,0,1
IMG0000782_jpg.rf.7a5e9d07de92344a36a6a992eb5021b4.jpg,train,0,1
bone-cancer_train_2_922_png.rf.7a340b0f803e13ad891e693e91478898.jpg,train,1,0
image-no47-normal-_png.rf.7a7dc458a97d0a21a0f8f643142d8948.jpg,train,0,1
image-no147-normal-_png.rf.7a5499b967e5daab465dd1d54da74f7c.jpg,train,0,1
IMG0000768_jpg.rf.7a5c228694a5aba0d69e9df8f5b3e40b.jpg,train,0,1
bone-cancer_train_2_2139_png.rf.7a485d853da482028545dd431259b787.jpg,train,1,0
image-no349-normal-_png.rf.7a8937ae04e1bf7e609ade42c95af7fd.jpg,train,0,1
IMG_1596_JPG_jpg.rf.7aa30705ec73a8ac05bae99203bd2130.jpg,train,1,0
bone-cancer_train_2_1350_png.rf.7a7f68b060ceb20cdd8d6af361627c08.jpg,train,1,0
IMG0000770_jpg.rf.7aaa8a828b67f3e92c1df180d9126c59.jpg,train,0,1
image-no492-normal-_png.rf.7aaee0d0d329c6d49c0123685a1f474b.jpg,train,0,1
image-no290-normal-_png.rf.7a97de3d41ca6f58a0a4b3624b34eba1.jpg,train,0,1
IMG0000439_jpg.rf.7aa745afcb9800d2b5b7e4c2fcd9da8f.jpg,train,0,1
IMG0000812_jpg.rf.7af201e5fd1283239ddad8aed76dc72c.jpg,train,0,1
bone-cancer_train_2_1838_png.rf.7ad3f47a526d3f6c5223a9c05a1e90e7.jpg,train,1,0
bone-cancer_train_2_1917_png.rf.7add82aa343926fb34adf5746499f202.jpg,train,1,0
bone-cancer_valid_2_191_png.rf.7adc9c0e4d539267ef4e942042057fef.jpg,train,1,0
foot_20_png.rf.7ad8a6a3a6662bde71bcf2696bf26dd8.jpg,train,1,0
bone-cancer_train_2_1197_png.rf.7af3b559d09cacfb395dea4e8af31440.jpg,train,1,0
bone-cancer_valid_2_125_png.rf.7afc8895a4c3e62efdc18b0806844d4f.jpg,train,1,0
bone-cancer_train_2_809_png.rf.7afe615e102195c1d03e7b7c312389f3.jpg,train,1,0
foot_22_png.rf.7b37107732a247c231d77687a38f7fa6.jpg,train,1,0
bone-cancer_train_2_210_png.rf.7b08aa9da5cbee3347c80f5f2fc30c05.jpg,train,1,0
bone-cancer_train_2_2157_png.rf.7b33ef008b7bab00ec882f11b4742960.jpg,train,1,0
IMG0000607_jpg.rf.7afd741eeb279e526e0483fd8e18c2f6.jpg,train,0,1
bone-cancer_valid_3_png.rf.7b2575e7705773e6efec31f040521216.jpg,train,1,0
pelvis_14_male_png.rf.7b740d84a14da0ee4fc7111f865b80fb.jpg,train,0,1
chest_45_male_png.rf.7b3f0bab202741a8b849520ff305e83f.jpg,train,0,1
bone-cancer_train_2_2353_png.rf.7b75e29b13dd21b7429a052f676bcc29.jpg,train,1,0
IMG0000014_jpg.rf.7b0718d67777fc0a537e74133ccf8736.jpg,train,0,1
istockphoto-639895460-612x612_jpg.rf.7b5638e2afc173be3ca3f7687e9e65c9.jpg,train,0,1
IMG0000448_jpg.rf.7b757792240c79e58443b4cfc3beb359.jpg,train,0,1
bone-cancer_train_2_877_png.rf.7b8cd1253575e7e0bb255b1f21e6a20c.jpg,train,1,0
IMG_1708_JPG_jpg.rf.7b55fe65f5855e510ce4d3bf71bccbad.jpg,train,1,0
142_JPG_jpg.rf.7b44f0c687beac71ebc6e78a583007af.jpg,train,1,0
bone-cancer_train_2_2338_png.rf.7b9502af74f61ecc4a647f54a5844183.jpg,train,1,0
bone-cancer_train_2_2324_png.rf.7bbf0013f4df0966bb4f14ff72693677.jpg,train,1,0
bone-cancer_train_2_281_png.rf.7bba7a453b7ccad1342369f70873dfaf.jpg,train,1,0
bone-cancer_train_2_2073_png.rf.7b7b194158a0971713a476cc11a29327.jpg,train,1,0
bone-cancer_train_2_1302_png.rf.7baed2d1b266dfcc3e167d044c980e4a.jpg,train,1,0
bone-cancer_train_2_389_png.rf.7c34880b4f18f706f0c65e45a8a9ca00.jpg,train,1,0
hand_11_1-1-_png.rf.7bf9eeeb2cc9ba58d0aa34dc4826c36d.jpg,train,0,1
IMG0000690_jpg.rf.7be11c5ff4aba04c8e367c812561522c.jpg,train,0,1
IMG0000506_jpg.rf.7be94f62718df54fbf0ea41d8987f0ea.jpg,train,0,1
pelvis_14_male_png.rf.7becebedfb9e4093eec4cab7eda92400.jpg,train,0,1
cervical-spine_29_png.rf.7c2898c462e0a32d5920b71c2ebfaf64.jpg,train,1,0
bone-cancer_train_2_1927_png.rf.7bf3ed807012df023a227318a02b9f11.jpg,train,1,0
image-no473-normal-_png.rf.7c40157e7379ebdc9b501d28349445df.jpg,train,0,1
cspine1_png.rf.7b59eccb83556de94281cda853d34a31.jpg,train,0,1
IMG0000592_jpg.rf.7c38c0be88eb6c550abb9c66e166491c.jpg,train,0,1
102_JPG_jpg.rf.7c548adb037ac2a350085e8926286d45.jpg,train,1,0
forearm_14_2_png.rf.7c6d1888ef0bbba0b7e6ad2185fa47e8.jpg,train,0,1
femure_chondrosarcoma_1_PNG.rf.7c6766290486d0e31110827d0e298a22.jpg,train,1,0
IMG0000853_jpg.rf.7ca3353601bc8209338efcd9c4ff0186.jpg,train,0,1
IMG0000548_jpg.rf.7c7c156236d0d413ef29b6e378bd85b8.jpg,train,0,1
femur_osteosarcoma_17_PNG.rf.7d324ef5658bddee80723a69ec544c30.jpg,train,1,0
34_JPG_jpg.rf.7ca5f1a0857ff91d08dfc3146cd34dc3.jpg,train,1,0
image-no737-normal-_png.rf.7d14485b351fd1c84648f9c870fca4c3.jpg,train,0,1
image-no651-normal-_png.rf.7cf8f126a05cfe0122f0148ab507afcd.jpg,train,0,1
IMG0000807_jpg.rf.7d25fbb1af27122ec41979a78e5c88f5.jpg,train,0,1
bone-cancer_valid_414_png.rf.7d3b022fec5d3b1f4919953187a67136.jpg,train,1,0
image-no495-normal-_png.rf.7d40d32d0ea0d47003e1af760daae221.jpg,train,0,1
IMG0000588_jpg.rf.7c4324e0296df8c6e9a307d4337e769c.jpg,train,0,1
bone-cancer_train_2_2193_png.rf.7c958fe1fd19acb086311fbe6b9d1aaa.jpg,train,1,0
image-no693-normal-_png.rf.7d5e5dba6b566c8796e4467f2d5e83ec.jpg,train,0,1
bone-cancer_train_2_889_png.rf.7c886e95629b02eedc34154d00027251.jpg,train,1,0
bone-cancer_train_2_167_png.rf.7cdc4ff3141bfc5a176ccf70227b8a18.jpg,train,1,0
bone-cancer_train_2_782_png.rf.7d624d86fc214bad7a7434e557a16f74.jpg,train,1,0
bone-cancer_valid_328_png.rf.7db2c70ee370c95cf9ac339e9141bdca.jpg,train,1,0
image-no643-normal-_png.rf.7c73c02b20f6d39e784374e919afc5b5.jpg,train,0,1
IMG0000871_jpg.rf.7d891567807b993c4d55354027901a36.jpg,train,0,1
elbow_6_1_png.rf.7d7ff65f7f8fba0f13e9ab8b6a8aac88.jpg,train,0,1
IMG_0130_JPG_jpg.rf.7da7ab02f9c4b9c763a0462aed284b34.jpg,train,1,0
bone-cancer_train_2_2216_png.rf.7d54174534fd3e1900e589f38e90641f.jpg,train,1,0
bone-cancer_train_2_716_png.rf.7d85ba24691987e4f0193196250d97f8.jpg,train,1,0
IMG0000548_jpg.rf.7d5e8ae18551459e883d3157a6ad8e4f.jpg,train,0,1
pelvis_25_3_png.rf.7db590a2661ac4708430e0b701354aa2.jpg,train,0,1
bone-cancer_train_2_1209_png.rf.7dba3932d752a888c8aea5005b4aed77.jpg,train,1,0
IMG0000838_jpg.rf.7dd2d3bd5b7f9c1a77b002d87598b857.jpg,train,0,1
bone-cancer_train_2_1447_png.rf.7db52055dfd9f09843f0d08cf3a9de70.jpg,train,1,0
download-1-_png.rf.7dca4c28fc1b7420ccf9c2d9e0bd0cae.jpg,train,0,1
foot_45_png.rf.7dcdd7669e95872b45858fc1c366c9ea.jpg,train,1,0
download-3-_png.rf.7e1cde659a91629da9f10aaead4c7b4d.jpg,train,0,1
IMG0000732_jpg.rf.7db7f4991793619c49a3b5a321654469.jpg,train,0,1
IMG0000838_jpg.rf.7e1093ae4f8312ee99764a90ec0c0e5f.jpg,train,0,1
image-no396-normal-_png.rf.7dbe049339abe9b3ae2f3946a0fdcfd8.jpg,train,0,1
IMG_4055_JPG_jpg.rf.7dd945171ce9b7d8bdfdf83bebac8cd0.jpg,train,1,0
chest_male_png.rf.7ddfa32f20bab7882c07489998a4d29a.jpg,train,0,1
18_JPG_jpg.rf.7db6c8a12ef412b7f5ff3f38eaede31d.jpg,train,1,0
IMG0000813_jpg.rf.7ddd701fce47930121bf33d88ae8b3e9.jpg,train,0,1
72_JPG_jpg.rf.7e1ff1b416c57d5d38ebd7d347b07490.jpg,train,1,0
bone-cancer_train_2_2291_png.rf.7e2d9350137fbafb4e4c901d14a1ad22.jpg,train,1,0
image-no171-normal-_png.rf.7e2fb39c34c6a66bdc84059db122d67b.jpg,train,0,1
bone-cancer_train_2_2528_png.rf.7e49e714f2cdcd7bed5afa26bc2d2d79.jpg,train,1,0
IMG0000837_jpg.rf.7e4e1b32e39942651f7ca3bf49693fbb.jpg,train,0,1
tf_11_1_png.rf.7e3514db1fde0860f1b2ce13652249e7.jpg,train,0,1
IMG0000553_jpg.rf.7e51be52ae9056b71b5716f20c9f927e.jpg,train,0,1
6-year-old-male_3_png.rf.7e66fa2fac41fd48b59a8d8a633a1f02.jpg,train,0,1
IMG0000673_jpg.rf.7e6db60bf23415fdadc7bc2386993c4f.jpg,train,0,1
hand_11_1-1-_png.rf.7e76531d14b922898d8ca689a429a30a.jpg,train,0,1
Picture1_d-13-_jpg.rf.7e8aa66f2e0ddce6929395a85021f507.jpg,train,0,1
IMG0000866_jpg.rf.7e7a5060015137c8e3638e1026fb4149.jpg,train,0,1
image-no112-normal-_png.rf.7e8e490e65cf72d225691d5280fcecb3.jpg,train,0,1
bone-cancer_valid_197_png.rf.7ea9a26570c4b54f9b05e15065eaf6ae.jpg,train,1,0
bone-cancer_train_2_355_png.rf.7f3df1d30a3647254bb037aa1479446c.jpg,train,1,0
bone-cancer_test_185_png.rf.7f0fb90e3caaac738945aad8844023b6.jpg,train,1,0
AHFR1872_JPG_jpg.rf.7f76e2c047812b0a1a10177b6584c199.jpg,train,1,0
bone-cancer_train_2_1959_png.rf.7f4261e8984992a6076d56034401fe02.jpg,train,1,0
femur_metastasis_11_PNG.rf.7f566258a9d2cca24b1dbc1926db11c0.jpg,train,1,0
IMG0000885_jpg.rf.7fb07309db991a5dca3b830df7d75510.jpg,train,0,1
image-no97-normal-_png.rf.7e9673562e9684fdfe9f9fcdd4491521.jpg,train,0,1
IMG0000828_jpg.rf.7f5d47f7136f14dc1714998da9395364.jpg,train,0,1
bone-cancer_train_2_101_png.rf.7f8e7171b8bb0b8e9d49d30b729c715b.jpg,train,1,0
femur_fibrosarcoma_3_PNG.rf.7efc58e38c563c6c5e176ebf355c8f55.jpg,train,1,0
image-no103-normal-_png.rf.7f97652733ce59d9eae76cb6d42bf27e.jpg,train,0,1
bone-cancer_valid_369_png.rf.7efd01ed027f245a8d05e28acb7f461c.jpg,train,1,0
IMG0000835_jpg.rf.7eafaada0c87bc2dc258971b6a474d9a.jpg,train,0,1
IMG0000898_jpg.rf.7f77d73bc45749df0e93c2bdde27a431.jpg,train,0,1
bone-cancer_train_2_1679_png.rf.7fc219ee99be6f83419258024c2a0457.jpg,train,1,0
bone-cancer_train_2_2272_png.rf.80039dde63b546a40a86dad9e4108889.jpg,train,1,0
image-no331-normal-_png.rf.7fb5c6ff2b76a03f1851ffc11e38e54a.jpg,train,0,1
IMG0000589_jpg.rf.8002036785c5d7f5dd4dab0eabdb32d5.jpg,train,0,1
IMG0000356_jpg.rf.7f95e84a5cd9bb93d95203b2a359fe4a.jpg,train,0,1
IMG0000607_jpg.rf.7f7760c4250887de0adf6fedb7589933.jpg,train,0,1
IMG0000836_jpg.rf.7fcbab33877f01eaffecd002074a0ebc.jpg,train,0,1
IMG0000484_jpg.rf.804449a33fb3d9b18d6456adf9e6071b.jpg,train,0,1
bone-cancer_train_2_1091_png.rf.8062da2571b1b72e3dd39aa4f3de5a90.jpg,train,1,0
bone-cancer_valid_2_83_png.rf.80334e7496042e88149404fd0e8c524e.jpg,train,1,0
image-no569-normal-_png.rf.8031db73f7f65bc91d516472013546b5.jpg,train,0,1
IMG0000503_jpg.rf.8065f4a940473bbf94ba736e25c3ef27.jpg,train,0,1
bone-cancer_train_2_1783_png.rf.800cf2071fb585a8092800f7a9c70e4a.jpg,train,1,0
image-no210-normal-_png.rf.8075b6c8ca9081f2473b52b8087639c7.jpg,train,0,1
knee_7_2_png.rf.80a82f5ec567403d943167f20973ccf6.jpg,train,0,1
bone-cancer_train_2_1318_png.rf.806d8d212c19f46fbe3c484ae1671d1b.jpg,train,1,0
bone-cancer_valid_411_png.rf.80a7ac4660dde2d7bb3f64a1b638ef58.jpg,train,1,0
bone-cancer_train_2_1939_png.rf.807a3a896f661b42bafee40d6a96f16b.jpg,train,1,0
bone-cancer_valid_410_png.rf.80bd81f6758ee7d57e46edf7da5a283b.jpg,train,1,0
bone-cancer_train_2_415_png.rf.804ae3d32757f28206e9cdfc2d1d2373.jpg,train,1,0
IMG0000588_jpg.rf.80b66ca0c26104309de7e9c4f40188a4.jpg,train,0,1
image-no78-normal-_png.rf.80fb279c1cfdb2aaf55f71bd45a7214f.jpg,train,0,1
bone-cancer_valid_55_png.rf.80d6f930926bad9e7ffa069fd09ddea6.jpg,train,1,0
IMG0000853_jpg.rf.80eb57066a06a9064a0e1bfa60b3ed03.jpg,train,0,1
elbow_4_1_png.rf.80fe1d3f98c8bf42d8a9cbc8a173dd05.jpg,train,0,1
knee_2_1_png.rf.812383be2566d0dc5df6952710846fed.jpg,train,0,1
image-no20-normal-_png.rf.812fc99bc53a22f07c45eb305232a5f5.jpg,train,0,1
IMG0000633_jpg.rf.810012dce9dcc8c60eaf492b7a3453d6.jpg,train,0,1
bone-cancer_valid_115_png.rf.80e831964fffb56782eebec87618b554.jpg,train,1,0
image-no223-normal-_png.rf.811a931e10ca21aa8d9053243457db56.jpg,train,0,1
bone-cancer_train_2_1349_png.rf.8131c314f9abe52e2aad96578d5454ad.jpg,train,1,0
foot_87_png.rf.8105088bf217793b15025be1e34279dc.jpg,train,1,0
bone-cancer_train_2_1489_png.rf.817b7032c7f895cb9689d5ad0bec5fce.jpg,train,1,0
bone-cancer_train_2_634_png.rf.814f7e5649ed144ac5059b3656913994.jpg,train,1,0
cervical-spine_22_png.rf.80deccadddd59a4714a99a8a62da46c9.jpg,train,1,0
IMG0000861_jpg.rf.81d394a75bd86e67c237c4bd29fae75c.jpg,train,0,1
bone-cancer_valid_250_png.rf.815948590d842f0804cbfb451c7e8778.jpg,train,1,0
femur_11_2_png.rf.81c301816acf22e7992a94dd7fd86484.jpg,train,0,1
image-no166-normal-_png.rf.813766a711c641ae15ca9b5932415718.jpg,train,0,1
bone-cancer_valid_2_160_png.rf.81857503603cdc197eb4cb0c812b606e.jpg,train,1,0
IMG0000437_jpg.rf.8240ab15dde94d2fe15ae881f40d19da.jpg,train,0,1
download-14-_f_png.rf.82348aec12e00b6deee3fc9bafe6395e.jpg,train,0,1
image-no591-normal-_png.rf.81ada54d73ff820eaa23adba3331f8b4.jpg,train,0,1
download-15-_png.rf.8198ea4981cff297708af395b1f8adaf.jpg,train,0,1
bone-cancer_valid_2_349_png.rf.81b5515b8f968dc4c5141661fd52a86c.jpg,train,1,0
IMG0000614_jpg.rf.813564e59bfe1ba3028a34536dccf6ea.jpg,train,0,1
IMG0000685_jpg.rf.81b130954240dfeb12e49741ddc91eb8.jpg,train,0,1
14_JPG_jpg.rf.82425c15fecf249835731730637efe23.jpg,train,1,0
IMG_1411_JPG_jpg.rf.81dfeb8defd7198102db70e2a3a14814.jpg,train,1,0
image-no35-normal-_png.rf.8260df32939574237a349cc29a845f98.jpg,train,0,1
IMG_1700_JPG_jpg.rf.819af53c66c7d35ce5cf5ad6a700d455.jpg,train,1,0
image-no656-normal-_png.rf.8191981fff68a92cdcea28cadbc9ec96.jpg,train,0,1
IMG0000589_jpg.rf.8238b8aea158a15d4bec35ac77efd05f.jpg,train,0,1
IMG0000853_jpg.rf.81d7f8302f456333cb2499e73a77aba6.jpg,train,0,1
IMG0000687_jpg.rf.825da6e3798ebac394c613bd1f2bad15.jpg,train,0,1
image-no357-normal-_png.rf.826a608483842c96e09b72ddfbf03b85.jpg,train,0,1
ankle_5_1_png.rf.82680cd04356bbf22edd47a5fe8945d4.jpg,train,0,1
bone-cancer_train_2_2090_png.rf.827d8dc6504d85a8a66c5fab50244152.jpg,train,1,0
bone-cancer_train_2_2451_png.rf.82c3c35d7620e0482cda5eebe9fd81f7.jpg,train,1,0
hand_osteosarcoma_8_png.rf.82a353c05da862089dbf81c8338a21a5.jpg,train,1,0
bone-cancer_train_2_1503_png.rf.82e34064cf91928a3d578423a2e3a295.jpg,train,1,0
IMG_2345_JPG_jpg.rf.82b5519fa105f5ab4ee58efe933ad420.jpg,train,1,0
204_JPG_jpg.rf.82e9e15cc5d79aab4862d0a5e6da0000.jpg,train,1,0
IMG_7659_JPG_jpg.rf.829d262fc2d5cc68fb3e98cf4c4ce569.jpg,train,1,0
-64-_jpg.rf.82b5f27bedde64cce8767910568c8133.jpg,train,0,1
IMG0000756_jpg.rf.83066580a7412b5afec3e6690d8d5c14.jpg,train,0,1
fibula_osteosarcoma_7_PNG.rf.82bbeb04a9f84ec9decfc95b2f9cc622.jpg,train,1,0
image-no512-normal-_png.rf.8305defce481428c65c48ff15e0c7579.jpg,train,0,1
IMG0000430_jpg.rf.82e39f517562d936fac0c44d1ba35a32.jpg,train,0,1
fibula_osteosarcoma_19_PNG.rf.833d3f8394ccdf1918a55a9754614f7f.jpg,train,1,0
IMG0000882_jpg.rf.82d695572580fe185d5388333ca217ad.jpg,train,0,1
download-18-_f_png.rf.82d8cd1a203622cb2ab9ee3e3827a890.jpg,train,0,1
bone-cancer_train_2_2060_png.rf.833d0d00c00863b955830e3a3f2055eb.jpg,train,1,0
image-no93-normal-_png.rf.834120f944c4d2bbf1ed4a380f019df1.jpg,train,0,1
IMG0000585_jpg.rf.839283b9fd4b3684f7e42fa7eee80f94.jpg,train,0,1
bone-cancer_train_2_1291_png.rf.838cdd1208cbc7614d1de739a0fd3c6c.jpg,train,1,0
IMG0000827_jpg.rf.838c29bf9e2a2f2f6754038dc997b087.jpg,train,0,1
Picture14_jpg.rf.8371a9f8ed1e6df828572276e8f85dfe.jpg,train,0,1
IMG0000836_jpg.rf.836d15d0d13def3843393a7cff03ade9.jpg,train,0,1
image-no440-normal-_png.rf.836fe32906aab8c6cf500bafea207783.jpg,train,0,1
cervical-spine_20_png.rf.834f6ef18544b109e6265d44b14b7efa.jpg,train,1,0
IMG0000499_jpg.rf.845ddc4bdb4c6aa52d9021fed0b1e858.jpg,train,0,1
bone-cancer_train_2_2415_png.rf.8476fc54467be9b45d60dffc9ba36d80.jpg,train,1,0
IMG0000891_jpg.rf.839e93c2e8d8d03a95610634da3fed9c.jpg,train,0,1
image-no287-normal-_png.rf.83b15c938b7c7ca736a86ed8ba5c5816.jpg,train,0,1
IMG_1409_JPG_jpg.rf.8432ca26a3ca6781606f603a37417249.jpg,train,1,0
hand_osteosarcoma_3_png.rf.83b6b697fd9f3d880bdedeba5a2d7e81.jpg,train,1,0
bone-cancer_valid_17_png.rf.8407afe41aae0afdcb9b07cd9ce94cb7.jpg,train,1,0
bone-cancer_train_2_2150_png.rf.83c2b2bacff850816a4b989fc7554bc5.jpg,train,1,0
IMG0000831_jpg.rf.8410a01760ccd9906d01b75607b1b5d3.jpg,train,0,1
forearm_2_1_png.rf.83cdde458ff84b1fee29860261ff4b5c.jpg,train,0,1
IMG0000441_jpg.rf.8403f1b5ab217180b83d64079da544ee.jpg,train,0,1
image-no599-normal-_png.rf.83e0fba83d448c2b40addd3b3cbd32dc.jpg,train,0,1
bone-cancer_test_56_png.rf.840499cf08d329538bffaecbfce17350.jpg,train,1,0
foot_80_png.rf.83fba8face3f6885e66af15cd74fc337.jpg,train,1,0
184_JPG_jpg.rf.83b7d0ecd7a04ddaa86342795cdfb80b.jpg,train,1,0
image-no598-normal-_png.rf.848743afe3beb2e0e5ffe1a143bf4376.jpg,train,0,1
image-no330-normal-_png.rf.8420279dd4597c72197a175d70f30921.jpg,train,0,1
bone-cancer_valid_2_129_png.rf.84adfc11c981cc35da905482068caa25.jpg,train,1,0
bone-cancer_train_2_2502_png.rf.849c28ecda17c0a6d598fc686441460c.jpg,train,1,0
tibia_osteosarcoma_21_PNG.rf.84151fab842ca75e5a16b475b4003169.jpg,train,1,0
tibia_normal_6_PNG.rf.84d183500fc31f16428679c7a566abdb.jpg,train,0,1
bone-cancer_valid_157_png.rf.844296d4fbfc5fe40847e2e09ae58685.jpg,train,1,0
femure_chondrosarcoma_5_PNG.rf.8484afc0eba53c74792dd587baf3574c.jpg,train,1,0
bone-cancer_valid_154_png.rf.83e793a583b421805f795b644492ff7f.jpg,train,1,0
bone-cancer_valid_104_png.rf.84d769537233049f2e9a736e1cf3fc33.jpg,train,1,0
bone-cancer_test_89_png.rf.84b4603fbb6907bb3d740f38e977e625.jpg,train,1,0
bone-cancer_train_2_1426_png.rf.84d55f83a6a192080910d7b2b3e671e8.jpg,train,1,0
194_JPG_jpg.rf.8505e477f43ff122fa07dc8ef495a871.jpg,train,1,0
femur_05_2_png.rf.850cfbe1b5c2406ed298f9fb7f6150e3.jpg,train,0,1
bone-cancer_train_2_1836_png.rf.8508f75d915e41c34ddef99b1a9467d0.jpg,train,1,0
bone-cancer_valid_242_png.rf.8524b18eb72d28160aa0c81235f93c82.jpg,train,1,0
bone-cancer_valid_259_png.rf.8532144ad47e4077a7fc5451de0f3f44.jpg,train,1,0
bone-cancer_train_2_2469_png.rf.852fee269bfb2d329272fe84bfa689ad.jpg,train,1,0
IMG0000766_jpg.rf.84f806eff025834ccec52c79cd859f92.jpg,train,0,1
foot_0_1_png.rf.84e80d34f7ef2a2768d80772a78e3d5f.jpg,train,0,1
knee_7_2_png.rf.85536ad3240a0eeea9b2543cf902a590.jpg,train,0,1
IMG0000349_jpg.rf.8529d6c0349a91554baac7e39e0ba269.jpg,train,0,1
image-no578-normal-_png.rf.8551fb4a127e6e901825db1feab72a58.jpg,train,0,1
IMG_1241_JPG_jpg.rf.84ebc0c83192a86c24a27a1f65863546.jpg,train,1,0
IMG0000764_jpg.rf.855d2a4d74c893ada203a83e11b33c25.jpg,train,0,1
bone-cancer_valid_2_59_png.rf.8559b37a2c70df89b8feb0a993a13a6d.jpg,train,1,0
IMG0000786_jpg.rf.85760df0ec8ca19db6add5020930c7a2.jpg,train,0,1
bone-cancer_train_2_982_png.rf.853d7fd6d853be661ad7f3b325860f28.jpg,train,1,0
knee_6_2_png.rf.852100b85d4a9c2afa3af0ee242dfc9c.jpg,train,0,1
IMG0000585_jpg.rf.85891da55a950467a2aa0075cc59f787.jpg,train,0,1
bone-cancer_train_2_1071_png.rf.858fb5658cb1ca237e5e9b13116724ce.jpg,train,1,0
istockphoto-1139109312-612x612_jpg.rf.8577070cbab2e5a76c51515bb6edfde4.jpg,train,0,1
bone-cancer_train_2_2462_png.rf.859a52a4f4ddca76f953f77a183fcff5.jpg,train,1,0
bone-cancer_train_2_1636_png.rf.85ad9008cb89324d2f93dd73eff0982a.jpg,train,1,0
IMG0000690_jpg.rf.85b36a79390c1cb816ee82266566070e.jpg,train,0,1
image-no492-normal-_png.rf.85c7fbb2ec926a63c7f449b28fb4207e.jpg,train,0,1
26_JPG_jpg.rf.8645b7b692eb2b4b570d93926609a014.jpg,train,1,0
IMG0000740_jpg.rf.86201f64634b168d7a4e6f6207381191.jpg,train,0,1
IMG0000605_jpg.rf.85fff994669bd45d3401fd6a90a8fdee.jpg,train,0,1
bone-cancer_train_2_1451_png.rf.85c42d03aa2459e76003548dece52818.jpg,train,1,0
image-no711-normal-_png.rf.85bf63b427151b732469bb2fbe8ac8a7.jpg,train,0,1
bone-cancer_valid_88_png.rf.85e27c20921cc45b3bdbb43bd0d0711a.jpg,train,1,0
bone-cancer_train_2_2009_png.rf.8657a6513cff2f573e4b530a402e9f54.jpg,train,1,0
IMG0000508_jpg.rf.8620d57be9bbf099e1f3398166445a15.jpg,train,0,1
IMG0000768_jpg.rf.85fce5f9e28b595c437686f0e92c851d.jpg,train,0,1
bone-cancer_train_2_313_png.rf.86343e04d48608d688256d431572adc9.jpg,train,1,0
IMG0000473_jpg.rf.85da43885c7bdc2f690e848f48943ebe.jpg,train,0,1
bone-cancer_train_2_269_png.rf.865985ec90f3fa4fe7f84a69b7124250.jpg,train,1,0
cspine_15_1_png.rf.86753cd3c50ab9a85c940021ec708807.jpg,train,0,1
IMG0000733_jpg.rf.86762d892723d327469225b70970ed68.jpg,train,0,1
image-no268-normal-_png.rf.867157a20fe9818113365b25a51a9e4d.jpg,train,0,1
femur_osteosarcoma_15_PNG.rf.8682690be755496bb968adfc0c598bd1.jpg,train,1,0
tibia_metastasis_17_PNG.rf.85f8963babe94e1a31198a75e3eefa42.jpg,train,1,0
cervical-spine_10_png.rf.867ab992524ce958021420546f8b5714.jpg,train,1,0
IMG0000713_jpg.rf.871c7da2910d86701820c2b1a819cad3.jpg,train,0,1
bone-cancer_valid_2_167_png.rf.8694f2de108c15d86dc38de9c08c3780.jpg,train,1,0
fibula_ewing_2_png.rf.86ac14a39e997dc3ce7c425eae8624c6.jpg,train,1,0
forearm_png.rf.869fd38e6169076a1f1ecff07100b9db.jpg,train,0,1
femur_normal_5_PNG.rf.870f2e4b1dfa78c1700e91c6640a6cf2.jpg,train,0,1
bone-cancer_train_2_1416_png.rf.86c0308dda705885f5878659d869773b.jpg,train,1,0
IMG_9391_JPG_jpg.rf.86c0b608e16a9d69f8cd62c5da655388.jpg,train,1,0
IMG0000828_jpg.rf.872bdf535f5fb7c068e8d6cb363086d6.jpg,train,0,1
hand_9_1_png.rf.86ddbadb45e701e32e9b258a2d28fd91.jpg,train,0,1
IMG0000710_jpg.rf.86d816c574f681aa9486212905d4d105.jpg,train,0,1
foot_49_png.rf.875c88fe41307d2ac1f579df1016f02e.jpg,train,1,0
IMG0000748_jpg.rf.8764907accdeb3bfa86a7e1f45ed163a.jpg,train,0,1
image-no57-normal-_png.rf.874307557f004173657295eab9dad392.jpg,train,0,1
IMG0000260_jpg.rf.86d6d8b0dcb01ee22fb54cb480db4efc.jpg,train,0,1
image-no55-normal-_png.rf.86a1592c7c133afb6a034a6ae66791d3.jpg,train,0,1
image-no401-normal-_png.rf.872cc440f917aa0ce50da3e0305fe6cd.jpg,train,0,1
IMG0000732_jpg.rf.8727b0f3ffaa53016329178a7cb1db61.jpg,train,0,1
bone-cancer_test_23_png.rf.867791a11fb20f620f0600a4d472e0ed.jpg,train,1,0
bone-cancer_train_2_2257_png.rf.8771b0563fd84cc8c72f34e2fcd25ca5.jpg,train,1,0
IMG0000816_jpg.rf.87787dfc1c46aedb1d1e0c1cae30ae37.jpg,train,0,1
pelvis_metastasis_6_png.rf.87a0994416a429976055879bd3437624.jpg,train,1,0
fibula_osteosarcoma_11_PNG.rf.878eb6319486dcb89c25c7e22f17fd21.jpg,train,1,0
humerus_20_png.rf.879cf584520c6267947b016eb7f96e9e.jpg,train,1,0
2_JPG_jpg.rf.87a9b620d11476b926281fac898b302d.jpg,train,1,0
bone-cancer_valid_177_png.rf.87d38d40d84a3f218c758285af46fc4e.jpg,train,1,0
tf_2_1_png.rf.87c4f340a4f34da5e1df3c17801803c5.jpg,train,0,1
IMG0000737_jpg.rf.87c2222e8b64cc502a87af9d9bddf0ba.jpg,train,0,1
58_JPG_jpg.rf.8812f117d00d86805150a61625a10c7c.jpg,train,1,0
bone-cancer_test_192_png.rf.87ec06df1d3b24d46575d4f446061928.jpg,train,1,0
IMG0000814_jpg.rf.87d46856ea08d94f7e63fe5c271e347c.jpg,train,0,1
bone-cancer_valid_214_png.rf.87eb85be94d850cda3cce56e06be8118.jpg,train,1,0
IMG0000240_jpg.rf.881f66ee7d6435fe485c2cc0e5adcbfd.jpg,train,0,1
hand_ch_2_png.rf.87e150b805d55cbde906df88a08e879d.jpg,train,1,0
hand_osteosarcoma_2_png.rf.882cf25fb3c3027c026db33b07b26e0a.jpg,train,1,0
image-no496-normal-_png.rf.880d58ae9fec2d963bad236617dda50a.jpg,train,0,1
89_JPG_jpg.rf.8838e0495e2cba3ca0f67693265cc244.jpg,train,1,0
image-no303-normal-_png.rf.8840928f2c7b4918d038dcdb18017f29.jpg,train,0,1
IMG0000596_jpg.rf.8837f8b9fb8de42de62854cf1370d90d.jpg,train,0,1
download-13-_png.rf.885191ad513cfc7bb5beb935205242db.jpg,train,0,1
Picture1_d-5-_jpg.rf.88737f09265f7e87f0a0abe98a511629.jpg,train,0,1
-36-_jpg.rf.887b3cfcfdc62a0ecfdfca75b7091859.jpg,train,0,1
tf_1_2_png.rf.889b50e37297bd44691c55a88147fea5.jpg,train,0,1
image-no704-normal-_png.rf.88e1856adf60026ee8b1fa901ab2f48f.jpg,train,0,1
-10-_jpg.rf.889dd6fb56f8e29060845f66618fc3a1.jpg,train,0,1
IMG0000839_jpg.rf.88729f76c317087c4476329c0a4baf4b.jpg,train,0,1
IMG0000708_jpg.rf.8887a7cfaa50a11f62a3c876a3acfda3.jpg,train,0,1
IMG0000439_jpg.rf.88da48a3321154ecc5f413da08d9d877.jpg,train,0,1
image-no541-normal-_png.rf.886a8f2f9b1087a5b086990dfdee3fa6.jpg,train,0,1
bone-cancer_train_2_2282_png.rf.88de24c6a43ab21de05b809d02b216a4.jpg,train,1,0
cspine_11_1_png.rf.88b35b86162c008f91b7d50a7592e8f2.jpg,train,0,1
bone-cancer_valid_271_png.rf.88b836d2daeb4efb825bd868a5f69048.jpg,train,1,0
bone-cancer_valid_2_60_png.rf.886d3a782654003294325ebbc12aef53.jpg,train,1,0
IMG0000586_jpg.rf.888b3dec8b21495a6f4392b52ef01376.jpg,train,0,1
chest_9_male_png.rf.88e907d67f24ac5d199f72e450b933e5.jpg,train,0,1
femur_metastasis_2_PNG.rf.88d5dc65f75107aa1c084e5c127355c9.jpg,train,1,0
IMG0000732_jpg.rf.88e58999d70007d8846d97f37d129577.jpg,train,0,1
IMG0000240_jpg.rf.889b1bb9ee92dd2396d2e1b4c9d7c66d.jpg,train,0,1
IMG0000383_jpg.rf.888ac6225953b36cd30bcbf4de7cb476.jpg,train,0,1
IMG0000000_jpg.rf.88f88cfcbdfad7d4c4cf8816f6f8d28e.jpg,train,0,1
image-no177-normal-_png.rf.88f553d6b5789456ee133d97aa2e0a4f.jpg,train,0,1
image-no648-normal-_png.rf.8914c5937bd35db52ef72cb3ddd4e2d9.jpg,train,0,1
bone-cancer_test_189_png.rf.8919e45aeaa2607cf9b34d8fb94356d2.jpg,train,1,0
cspine_20_2_png.rf.893398622110f5cff34d444fc787b3a6.jpg,train,0,1
IMG0000714_jpg.rf.892e769cb19cf6fe3e042394fdddd4ba.jpg,train,0,1
image-no325-normal-_png.rf.890b869556cf8dfa0ac625453feec34f.jpg,train,0,1
IMG0000862_jpg.rf.895b2383379a373b988fb4c3b729e255.jpg,train,0,1
bone-cancer_train_2_817_png.rf.895d9e8cd24573c51e6d816a6b9f7a46.jpg,train,1,0
bone-cancer_train_2_566_png.rf.8951535f935c79a085e4d4af5818e891.jpg,train,1,0
foot_9_2_png.rf.895e12d23d4c2340b70687cd0eb89da2.jpg,train,0,1
bone-cancer_train_2_1638_png.rf.8961cdab6b89f3b5333d8e5d2b565664.jpg,train,1,0
cspine_1_1_png.rf.89395403957e7bc7e30d390a6f423d14.jpg,train,0,1
bone-cancer_valid_168_png.rf.891a02ea52c3209d53d891b25a8dd89d.jpg,train,1,0
foot_12_2_png.rf.8975d32cb99fab1384b103339fda776d.jpg,train,0,1
image-no432-normal-_png.rf.8966bcc0c64e091deae097a980d5a126.jpg,train,0,1
femur_metastasis_8_PNG.rf.896c9ec9677399e82c47a54ce31d245c.jpg,train,1,0
bone-cancer_valid_90_png.rf.89640793270b9dc3cc39af3dc1ffdf7c.jpg,train,1,0
IMG0000503_jpg.rf.895bcd0dce534658dd01ccf53048f1c0.jpg,train,0,1
femur_normal_30_PNG.rf.89705a22a7bcd44460a2723c57bab770.jpg,train,0,1
IMG0000569_jpg.rf.89333d9d8c365a03ed38fc62acd260c7.jpg,train,0,1
IMG0000627_jpg.rf.8992647576b4473d6ecbf6c63b622afd.jpg,train,0,1
IMG0000719_jpg.rf.898aad809dd9fff17c5fdd8da1defc90.jpg,train,0,1
image-no320-normal-_png.rf.8a261bd6c5bfdb0a6a86acc0e4367c4f.jpg,train,0,1
bone-cancer_valid_2_280_png.rf.8a0b6b9f6d223da10eeb498195e2ae1e.jpg,train,1,0
knee_05_2_png.rf.89e73a85a76ff300bf199661b6e6d0cd.jpg,train,0,1
bone-cancer_train_2_1481_png.rf.89e8d036d208c7e2ee2ddb71405ebb38.jpg,train,1,0
foot_9_1_png.rf.89fc144d9f7570fa4ed45bf88e50a151.jpg,train,0,1
bone-cancer_train_2_590_png.rf.8a369cfba5b29e45b012ebdc23682c05.jpg,train,1,0
IMG0000482_jpg.rf.8a40756c8e3e28105895aed27c7b4fda.jpg,train,0,1
image-no670-normal-_png.rf.8a1b03f20d8e752b0a45ead4d69850ac.jpg,train,0,1
IMG0000876_jpg.rf.8a6f1a20f205e4b006baee91ab5b67bd.jpg,train,0,1
IMG_3669_JPG_jpg.rf.8a990f30f0b2bbf48f4d7f09ae05c8be.jpg,train,1,0
image-no267-normal-_png.rf.89eaf260ef655b44785c966d117798a0.jpg,train,0,1
95_JPG_jpg.rf.8ac6f3857031908f3307694fb02f42e9.jpg,train,1,0
image-no302-normal-_png.rf.8a55481177cbbb621c859901bee30b8f.jpg,train,0,1
tibia_other_29_PNG.rf.8a86e41026321e8185dc43639c48a01b.jpg,train,1,0
femur_metastasis_12_PNG.rf.8ab246fdff9d29ce2ccf4bdd7b31ee14.jpg,train,1,0
pelvis_20_png.rf.8ae5d6d35af70667a9d6dd868bba1c25.jpg,train,0,1
bone-cancer_valid_2_37_png.rf.8aebcea48546f54b13187cec3bd4c8e3.jpg,train,1,0
image-no76-normal-_png.rf.8aa0f1438877658e20e9e96560559578.jpg,train,0,1
IMG0000498_jpg.rf.8ae4c9fe9197248e2310f6439b21f692.jpg,train,0,1
femur_osteosarcoma_2_PNG.rf.8ae288b9243b28cd684e297bcdaa09af.jpg,train,1,0
bone-cancer_train_2_693_png.rf.8ade3d34e064b7146ab99b3ac2acaefa.jpg,train,1,0
IMG0000588_jpg.rf.8abca19ce1d73b61476ce3f65414e18f.jpg,train,0,1
bone-cancer_test_120_png.rf.89c42953a7ecbaa5903bce2d3107db39.jpg,train,1,0
IMG0000712_jpg.rf.8afbc3b33e7aaa5d046884196f899e45.jpg,train,0,1
ulna_0thers_12_png.rf.8b05376e1b70a02e5d89556770db731f.jpg,train,1,0
image-no367-normal-_png.rf.8af64b9f38e392e2422a07ba604737bb.jpg,train,0,1
image-no20-normal-_png.rf.8afd109aea1a9baf3a47c9810d846895.jpg,train,0,1
bone-cancer_valid_46_png.rf.8b1d2f487cc63de4b049f62d82c03a8c.jpg,train,1,0
bone-cancer_train_2_2471_png.rf.8b2edc906115682782c90c415ec1b058.jpg,train,1,0
humerus_6_2_png.rf.8b2e108d457fc9d198f3097a19b6a78b.jpg,train,0,1
image-no646-normal-_png.rf.8b2a6e2aa9f67c6469b0b450856e8fbb.jpg,train,0,1
pelvis_chondrosarcoma_12_png.rf.8b2f5c44f5f97f115deb708cf73a3757.jpg,train,1,0
bone-cancer_train_2_1604_png.rf.8b48611ab31b76b97491d2b465b829b3.jpg,train,1,0
IMG0000885_jpg.rf.8b27ceff72906a13fd1104eacdbf3e8d.jpg,train,0,1
bone-cancer_train_2_1965_png.rf.8b80308c0cafaeb65d1974ad8055243b.jpg,train,1,0
knee_15_1_png.rf.8b5efe124ded46775d426d40a7570c8d.jpg,train,0,1
femur_normal_24_PNG.rf.8bd4147908ed2b5599916477a01f136e.jpg,train,0,1
IMG0000628_jpg.rf.8bc4b88e2f4fa8e581be2f04a8865b1c.jpg,train,0,1
Normal-paediatric-shoulder17_png.rf.8b3c0dde3acb6b5c757fb2f986421dda.jpg,train,0,1
image-no674-normal-_png.rf.8b8da678728b65f643af709702462a71.jpg,train,0,1
bone-cancer_test_92_png.rf.8b7cb0fb978b7c1e6d38182ce5776953.jpg,train,1,0
bone-cancer_valid_2_286_png.rf.8b4111b35c43d14037664c776060e7ea.jpg,train,1,0
chest_30_female_png.rf.8bebe205092fca795fc2d98ffbdcc562.jpg,train,0,1
image-no446-normal-_png.rf.8be9d1bd649663f567a165dafe14f835.jpg,train,0,1
bone-cancer_valid_2_121_png.rf.8b7e496e942fddc4878e80f0a388d7ec.jpg,train,1,0
bone-cancer_valid_309_png.rf.8b778304170fe42a3ba294d8b8f0f0ba.jpg,train,1,0
bone-cancer_train_2_1522_png.rf.8b3aec1f9c4b87926d5f556b6e70eca2.jpg,train,1,0
IMG0000839_jpg.rf.8b43a46d051db4d59f79ae6c495ed95a.jpg,train,0,1
bone-cancer_train_2_1574_png.rf.8c0087d7821e9a1d9258d0cfb9d52523.jpg,train,1,0
image-no232-normal-_png.rf.8c3822b08113a048ad4abd1e8c4f3bba.jpg,train,0,1
cspine_4_1_png.rf.8c10e24fe4faf5c3d78b0df79e90d2c2.jpg,train,0,1
bone-cancer_train_2_1593_png.rf.8c234dda86965958c6f2ecb985c357ff.jpg,train,1,0
femur_metastasis_4_PNG.rf.8c0b42edba4f2e25703ded8f1c92dd0d.jpg,train,1,0
74_JPG_jpg.rf.8c6a4e048ea688ca5a1a96910d7d9e80.jpg,train,1,0
image-no335-normal-_png.rf.8c110af77ae23ecc80bbdd4c62c35488.jpg,train,0,1
IMG0000572_jpg.rf.8c560c2d04cdd16e5d12bb5706513ed8.jpg,train,0,1
bone-cancer_valid_2_335_png.rf.8c497dea020c291f0e20c3f0f37bdbf9.jpg,train,1,0
image-no528-normal-_png.rf.8c53aa76bf478a15831fb237f2793a07.jpg,train,0,1
bone-cancer_valid_161_png.rf.8c1cfbae0abe963a17291f8b6c768c2f.jpg,train,1,0
fibula_ewing_1_png.rf.8c736911a920fbec82dcd443207c03b1.jpg,train,1,0
bone-cancer_train_2_1990_png.rf.8c722e588d8f0e8ca66ce014d1214bee.jpg,train,1,0
image-no515-normal-_png.rf.8cff5baa9b6884b7d4d61fc808e41701.jpg,train,0,1
IMG0000767_jpg.rf.8cc6525d61f8be0fdd7c1f3f589660af.jpg,train,0,1
bone-cancer_train_2_661_png.rf.8cac8f5d3bda58de90b96a8cf050a146.jpg,train,1,0
image-no92-normal-_png.rf.8c78e77edff02436f308d62361adedc2.jpg,train,0,1
femur_3_1_png.rf.8c2af1b0152da1be422ca868e41e6df9.jpg,train,0,1
cervical-spine_13_png.rf.8ca65f173580605bd62d142f809e8ab8.jpg,train,1,0
image-no431-normal-_png.rf.8c41af661900cacf3fe818baf31d9b36.jpg,train,0,1
bone-cancer_valid_2_153_png.rf.8c93e003db6157f295a54c12dfcd8df7.jpg,train,1,0
fibula_metastasis_25_png.rf.8d0b30963f8a0e1fbdcba1737209d066.jpg,train,1,0
bone-cancer_train_2_794_png.rf.8d4e4fdf2c6f1894303008801085a7b4.jpg,train,1,0
femur_fibrosarcoma_5_PNG.rf.8d44bcb6068022cf1cec5ca4fad3440a.jpg,train,1,0
bone-cancer_train_2_2474_png.rf.8d423bd97ed8138d84a43d70a5b2ed96.jpg,train,1,0
hand_05_1_png.rf.8d64555e4d2213c740a835f88391a4e3.jpg,train,0,1
bone-cancer_valid_159_png.rf.8d13dda8556ccf5f61e97b202be8fabd.jpg,train,1,0
image-no307-normal-_png.rf.8d0cc4871271a8190273d39a4d834df6.jpg,train,0,1
tf_12_1_png.rf.8d59b139efcc8f9e15014a90df180093.jpg,train,0,1
IMG0000499_jpg.rf.8d5b5fe64c8cc499483a2abce7724140.jpg,train,0,1
image-no659-normal-_png.rf.8d9b565c1f278610e58451a59ec5a26f.jpg,train,0,1
IMG0000657_jpg.rf.8d34b1b5900cc62e4be89379528690cc.jpg,train,0,1
IMG0000730_jpg.rf.8d1f0a07032dd7ec890ea48fb1deff20.jpg,train,0,1
download-30-_png.rf.8d5b2af2740ce6bc79d0963973750cf0.jpg,train,0,1
tibia_chondrosarcoma_2_PNG.rf.8d8abd6d9949d5b50545d63a4ec189df.jpg,train,1,0
fibula_metastasis_24_png.rf.8d9e830aa42117123e5eb9169455b310.jpg,train,1,0
image-no340-normal-_png.rf.8daae29073be725917fb1bce4bb3800f.jpg,train,0,1
image-no454-normal-_png.rf.8ddf88396686f99e4d50375c0fa6388f.jpg,train,0,1
IMG0000509_jpg.rf.8dd0d07ad22cb457215c7ca4d9e43a4c.jpg,train,0,1
istockphoto-1463943289-612x612_jpg.rf.8d510bbe346c1795837556654a251000.jpg,train,0,1
bone-cancer_train_2_196_png.rf.8daaebe1391b59d4a6f8cf0e94d25d68.jpg,train,1,0
image-no342-normal-_png.rf.8db60a29e9827439f62ac81b3dcc3da1.jpg,train,0,1
IMG0000658_jpg.rf.8dfa64b315b10ee5d43bcbdd00b30ae3.jpg,train,0,1
bone-cancer_train_2_1033_png.rf.8df9c8d743c92ae970f5edc0fd826db8.jpg,train,1,0
knee_13_2_png.rf.8d7e44e5eb250ffbdc5e3c30ddb7306a.jpg,train,0,1
pelvis_female_3_png.rf.8e09e4fd038bf5a80a74522beca32b82.jpg,train,0,1
cervical-spine_1_png.rf.8e21cd4533650b1d9c6dc45496fc0152.jpg,train,1,0
IMG0000260_jpg.rf.8e509f06ae9e4686cde24e73c01274a9.jpg,train,0,1
image-no110-normal-_png.rf.8e7301a7a6c28b24c3e5faa2bc8b41e8.jpg,train,0,1
bone-cancer_train_2_2089_png.rf.8e8a3e0598cce08bd8ef84ad0836dd00.jpg,train,1,0
IMG0000847_jpg.rf.8e6e62855d1c470bc81e49aa93f270d6.jpg,train,0,1
IMG0000814_jpg.rf.8e3dc48b2b71675a9b4d76079152b39b.jpg,train,0,1
image-no540-normal-_png.rf.8e551b47b8556d789cc584ede2561a4d.jpg,train,0,1
-25-_jpg.rf.8e87352b0a409b24358c7735d9bf3365.jpg,train,0,1
tf_2_1_png.rf.8e8eb0b5c31ef8c305f73ff4b3180ee7.jpg,train,0,1
IMG_0821_JPG_jpg.rf.8e5fffa365fb12bdc2deab795518ca56.jpg,train,1,0
bone-cancer_train_2_405_png.rf.8e91a513e4ded1b1649044cba9dc4db9.jpg,train,1,0
bone-cancer_train_2_2443_png.rf.8ea06df75db642352b39d571a09ef1a5.jpg,train,1,0
ped_19_png.rf.8eb6b729c042472d150cdc1383527fbb.jpg,train,1,0
femur_9_1_png.rf.8e9b2ebc3c443d912ce9f657f3eefaf7.jpg,train,0,1
image-no340-normal-_png.rf.8eb2d8b20b2f01918d2a29a751af95d9.jpg,train,0,1
IMG0000329_jpg.rf.8e71ba6de9132a809352ddec7d012672.jpg,train,0,1
bone-cancer_train_2_2335_png.rf.8e9ed6d583ae34cdcd75ade46a6464c7.jpg,train,1,0
IMG0000439_jpg.rf.8ea0cfc64ec3d9cddcda7b938dd037ed.jpg,train,0,1
image-no445-normal-_png.rf.8eaa62cc7a5ff14f8685b4bf4434f06f.jpg,train,0,1
image-no196-normal-_png.rf.8ed33041fb0dd73ee05254ba16a66268.jpg,train,0,1
IMG0000531_jpg.rf.8ef70fff39e32d32491923883fce4aeb.jpg,train,0,1
femure_chondrosarcoma_4_PNG.rf.8eddbe0b43932583f43d1ddc5b732c64.jpg,train,1,0
humerus_11_png.rf.8ef8baa6b5c10b1413a33b9c9bac97bd.jpg,train,1,0
IMG0000287_jpg.rf.8ec050612d2115562e7680f83472ca6c.jpg,train,0,1
knee_05_2_png.rf.8ed3caa4d9d80ebf94b8a4d137e37c9b.jpg,train,0,1
IMG0000161_jpg.rf.8ed2dae53c2c47938c8868685491f18f.jpg,train,0,1
122_JPG_jpg.rf.8f249eb6c6f6bf717f62d6dc3fc7c082.jpg,train,1,0
tf__1_png.rf.8efc5146a4daafe4985fd7cc8b372d65.jpg,train,0,1
IMG0000431_jpg.rf.8f14308e8660a14c99ff5aed81234b01.jpg,train,0,1
bone-cancer_train_2_2323_png.rf.8f127e55d5f3d96cb8e953203a19cfc2.jpg,train,1,0
IMG0000715_jpg.rf.8f25f314b276da6b94ab1aff1423e118.jpg,train,0,1
138_JPG_jpg.rf.8f0d70313253455ba92e967e894a84e2.jpg,train,1,0
image-no330-normal-_png.rf.8f30a62924efc71eabb66cbec63df166.jpg,train,0,1
IMG0000572_jpg.rf.8f35b614a5b54d7d09a5a684b94ea75b.jpg,train,0,1
IMG0000333_jpg.rf.8f769550a6039900e255b2bf8bde2de2.jpg,train,0,1
bone-cancer_train_2_2340_png.rf.8f470b9790b1f95c40af9d5ee8652270.jpg,train,1,0
IMG0000770_jpg.rf.8f6e2ef0f0d4b3e90d3535be539f3af3.jpg,train,0,1
hand_4_2_png.rf.8f6c0920907a80e7841ffa5b1a4cdb03.jpg,train,0,1
IMG0000382_jpg.rf.8f5a456e4454d742b163f497f85e5792.jpg,train,0,1
image-no127-normal-_png.rf.8faaf216c75493aa11e3c7aa38082247.jpg,train,0,1
image-no651-normal-_png.rf.8fe6e959e6577c72b92d7e637756faa3.jpg,train,0,1
cspine_9_2_png.rf.8f8dd27e876825129c341af6c0ced74c.jpg,train,0,1
IMG0000895_jpg.rf.8fc981794e50a570b4b5e88ca1d2e118.jpg,train,0,1
image-no231-normal-_png.rf.8fca67802646be25ce161d9ef0ed8999.jpg,train,0,1
IMG0000895_jpg.rf.8fef63017347a1c55d617adacf446e0c.jpg,train,0,1
IMG0000264_jpg.rf.8fe4de3eab3dca3939730daf83342bd4.jpg,train,0,1
bone-cancer_valid_296_png.rf.8f839c3107e275ceeebef8cc3c837755.jpg,train,1,0
bone-cancer_train_2_107_png.rf.8fa40068689a9b286584a08462abfd2c.jpg,train,1,0
femure_chondrosarcoma_18_PNG.rf.8ff93a8c76adb2a8287c88af65f32f5f.jpg,train,1,0
femur_normal_22_PNG.rf.900dccadf19d4dc3663e75d652b6428e.jpg,train,0,1
bone-cancer_valid_143_png.rf.8ff46329ae6dee3b8605c0258d6ec38c.jpg,train,1,0
IMG0000856_jpg.rf.901141310f560a55503b7b425e3cb7c8.jpg,train,0,1
IMG0000665_jpg.rf.900aa2e48107791a281869c0a002b6ed.jpg,train,0,1
image-no696-normal-_png.rf.8ffe21ec72f3b154739776a28c4cf43c.jpg,train,0,1
forearm_2_2_png.rf.8ffb03eafa79cc4613c12e25f08cfc10.jpg,train,0,1
IMG0000891_jpg.rf.902ec43952390efb494be246342c1a73.jpg,train,0,1
bone-cancer_valid_131_png.rf.90521e0c8575e59a1b48b2a881c253fc.jpg,train,1,0
IMG0000673_jpg.rf.901c228ebdcf21d545bc0b0713af7406.jpg,train,0,1
IMG0000344_jpg.rf.90123bcc0ba9823d6d1374ad7df5808d.jpg,train,0,1
IMG0000743_jpg.rf.90219e6c94ada7540b4756fcaf6eac60.jpg,train,0,1
IMG0000547_jpg.rf.90591929b0aea2dd4de0958940c6f137.jpg,train,0,1
-22-_jpg.rf.90968d03ecbf6c61a52f873edc113bd0.jpg,train,0,1
IMG0000894_jpg.rf.909bea889121951f2be58ab65449c3be.jpg,train,0,1
IMG0000500_jpg.rf.905db788aa484d5909100043b7278b2c.jpg,train,0,1
2_png.rf.904880326a3d7204aa83e10421eff1d6.jpg,train,0,1
image-no423-normal-_png.rf.906b005b0a61b976a1d04a41ae9ee220.jpg,train,0,1
image-no203-normal-_png.rf.907c4aad602cd249ddd65360c2724d2f.jpg,train,0,1
image-no222-normal-_png.rf.90a2970b0b1a839278e8d74cd6f7cd08.jpg,train,0,1
bone-cancer_train_2_367_png.rf.90b02874921dccd67e2b86f162a17001.jpg,train,1,0
rib_3_png.rf.908ed607b1252bbe1599fd3c4dbce51a.jpg,train,1,0
IMG0000816_jpg.rf.90bbc47ff1ba3b84d12f0749ef58ff6c.jpg,train,0,1
bone-cancer_valid_269_png.rf.906b3a8e939052c51aa56804dcc689dc.jpg,train,1,0
IMG0000637_jpg.rf.90df9e5af31d05388d1324b45c3b4318.jpg,train,0,1
IMG0000610_jpg.rf.90ad0da283156c9cb5125ac64da436c7.jpg,train,0,1
bone-cancer_train_2_1687_png.rf.90bcb13793d23379df8cf79b5042934a.jpg,train,1,0
bone-cancer_valid_152_png.rf.90c0613e18a79cabf0057012d49c65eb.jpg,train,1,0
bone-cancer_train_2_1788_png.rf.90c856c61e3adaffea2b0019ecd36026.jpg,train,1,0
bone-cancer_train_2_676_png.rf.90d3398d8256fc0f0632abc6e5daaca3.jpg,train,1,0
IMG_7652_JPG_jpg.rf.90bf377df7a6c8de98d932e553a61f54.jpg,train,1,0
bone-cancer_valid_2_358_png.rf.90be4abe557895413082efec915fbeb8.jpg,train,1,0
bone-cancer_train_2_1395_png.rf.90992c8d185ac3cd6f05292931a2bab9.jpg,train,1,0
IMG0000812_jpg.rf.90fabcdc4d5c053825da3bac504da108.jpg,train,0,1
IMG_0544_JPG_jpg.rf.90a3a8b4ff945c823d09257cdc994b14.jpg,train,1,0
pelvis_45_png.rf.90e443c273da8639b00c3f4ac8aec54d.jpg,train,0,1
bone-cancer_train_2_1189_png.rf.90f76cc696f21dc53f601706f02f60ff.jpg,train,1,0
hand_ewing_2_png.rf.913267e31c74ea7885a06a093f1c8904.jpg,train,1,0
image-no724-normal-_png.rf.91352b28af9b3d8c95a4ed0bef2e6b24.jpg,train,0,1
bone-cancer_train_2_2371_png.rf.9104d59c076fe8f0206191d9b72f8833.jpg,train,1,0
IMG0000540_jpg.rf.911d7d63249d482e0b32b738a06f61aa.jpg,train,0,1
bone-cancer_test_164_png.rf.9120ba880d0676df21124318e82054a1.jpg,train,1,0
84_JPG_jpg.rf.912d8c904b71cb9f368bba3f0550117c.jpg,train,1,0
foot_5_3_png.rf.9146d70bfae91596dd3657c84f02ed14.jpg,train,0,1
bone-cancer_valid_270_png.rf.91586d812ede57132f37b1baccff0ec7.jpg,train,1,0
-56-_jpg.rf.914346f667eca01f60a326caab81979c.jpg,train,0,1
IMG0000811_jpg.rf.918c3a8061503e593983f2da234bca5f.jpg,train,0,1
IMG0000835_jpg.rf.91e66a9cf649942518b6a0d773867b82.jpg,train,0,1
IMG0000608_jpg.rf.9232f05be2d8d1162316def1bb56475a.jpg,train,0,1
bone-cancer_train_2_2313_png.rf.918734824515abaa1c8ff2085aa0e385.jpg,train,1,0
IMG_9805_JPG_jpg.rf.916becb95b10810dc7dd40239cb3bcdf.jpg,train,1,0
IMG0000765_jpg.rf.915d4f75fef7c0c547e75e4f11e37615.jpg,train,0,1
fibula_chondrosarcoma_16_PNG.rf.91dc9d38978fd9a8cc71135c78decced.jpg,train,1,0
bone-cancer_train_2_1494_png.rf.91b45874ba18f9db821146ea53df3bf8.jpg,train,1,0
bone-cancer_valid_192_png.rf.920d4bd50466c2fe49c7010771b08a54.jpg,train,1,0
bone-cancer_train_2_1293_png.rf.9236bcad4f9bf5e200064c0a7323c394.jpg,train,1,0
bone-cancer_valid_2_237_png.rf.9243dcc8b8f6af962b0b3755cf3a83b7.jpg,train,1,0
bone-cancer_train_2_1955_png.rf.91d991522282bd420761ca1e795222ae.jpg,train,1,0
bone-cancer_valid_2_107_png.rf.91b6ba2e59e85b9f342b49c6c245e293.jpg,train,1,0
IMG0000689_jpg.rf.920d707df2f9b4dd02445ce935d7977c.jpg,train,0,1
image-no391-normal-_png.rf.9214dce4ba448b25642a2c28b2fa6019.jpg,train,0,1
42_JPG_jpg.rf.9243b8474bdf83527e00eb60fcc3f015.jpg,train,1,0
bone-cancer_train_2_1942_png.rf.920454a6f00d3d1d08b0982be4058ed1.jpg,train,1,0
femur_other_5_PNG.rf.9258b40ebecf014a4322efa870f62dc5.jpg,train,1,0
chest_female3_png.rf.91cdefefe82ab6dac53674b45ae4be5b.jpg,train,0,1
bone-cancer_valid_272_png.rf.925c68945217303c9045482c96e60d2a.jpg,train,1,0
tf_12_1_png.rf.9248638cab3b243d18dc4b20008e041a.jpg,train,0,1
elbow_9_1_png.rf.927c4c1bcfdc4c10e0ad6984d6aa4182.jpg,train,0,1
image-no732-normal-_png.rf.920ddbb1898654481f74d14d625b4c3e.jpg,train,0,1
bone-cancer_valid_302_png.rf.927efecd66b991f5f1b1776b3df5b663.jpg,train,1,0
femur_ewing_16_PNG.rf.928870710ba415d3422f5ae770dfd8ab.jpg,train,1,0
bone-cancer_train_2_1689_png.rf.925e7d8682664c968525fdf85917e615.jpg,train,1,0
IMG0000290_jpg.rf.927ef30da8257d51c7a683dcabe44fe6.jpg,train,0,1
IMG0000333_jpg.rf.92987bc41ee252957a035ed35954ab12.jpg,train,0,1
IMG0000734_jpg.rf.92d42995ba303df2d399cb11a29eb8a1.jpg,train,0,1
bone-cancer_valid_2_184_png.rf.930687626ba4de6684696e536d5cabcd.jpg,train,1,0
pelvis_05_1_png.rf.93075691f42507c05fc9f0aed0164fdd.jpg,train,0,1
bone-cancer_valid_2_377_png.rf.92cb4cdd9144349d5bf5a5ba3a7a744d.jpg,train,1,0
IMG0000635_jpg.rf.92bb5dc30bfe1ec2ca4cc8afacd4c117.jpg,train,0,1
IMG0000596_jpg.rf.92e7012b0f5fcc7bd257c4b31a9880c8.jpg,train,0,1
image-no295-normal-_png.rf.9305b10a31cc383ce0bd0806d1a3b034.jpg,train,0,1
IMG0000741_jpg.rf.92f8d7a4a5d2e6a50575dfc6ca36dd3c.jpg,train,0,1
bone-cancer_train_2_1420_png.rf.92f9ab510ddea377864faaac6e79a630.jpg,train,1,0
humerus_12_2_png.rf.92b1934dacfd09d17c06c393344ac540.jpg,train,0,1
IMG0000782_jpg.rf.92cc4398c4cef71926d1b8ce8d3f371f.jpg,train,0,1
bone-cancer_valid_273_png.rf.930a03746fa6973ea67c52c12492f2b6.jpg,train,1,0
IMG0000796_jpg.rf.931db46a2796cc869c8cae53f979ae6a.jpg,train,0,1
foot_14_2_png.rf.92eb37f5f8ce66db25a285541151a7cd.jpg,train,0,1
hand_1_2_png.rf.92dea320ca30c8678877954cb44ebdf8.jpg,train,0,1
IMG_2123_JPG_jpg.rf.92eb210569da13003d44a76495d018fa.jpg,train,1,0
IMG0000586_jpg.rf.936a3bcde2ec1fc3b445e00ac6ea4559.jpg,train,0,1
IMG0000798_jpg.rf.934b2f34ae47dc994eb22b40119f509f.jpg,train,0,1
bone-cancer_train_2_1284_png.rf.9338bb86105b0a4c051d1b41c3845105.jpg,train,1,0
bone-cancer_train_2_1004_png.rf.933d41c24f79ed21d1c6041adbad2bbc.jpg,train,1,0
image-no720-normal-_png.rf.93664ef83a1c6f4aa5fa20bde3ed2d14.jpg,train,0,1
image-no173-normal-_png.rf.936de220f3390e9b761324ac0d8cba8a.jpg,train,0,1
IMG0000459_jpg.rf.938ab5540b23533b6f043e04fe0c0b5f.jpg,train,0,1
IMG0000460_jpg.rf.9393344ecc6f94bfa7facb8534a79c0c.jpg,train,0,1
image-no556-normal-_png.rf.934c0f704973330cd3a54946c7252c40.jpg,train,0,1
new4_d-6-_png.rf.936e3016f411e97a3113a6bcb2a935b6.jpg,train,0,1
bone-cancer_train_2_2218_png.rf.93a2ab9594047acac0de859e3aebe322.jpg,train,1,0
IMG0000846_jpg.rf.9419cb32440df496c4b088e1ba2168d9.jpg,train,0,1
bone-cancer_valid_2_82_png.rf.9411f68edce5c461dd10964f744d2c24.jpg,train,1,0
Normal-paediatric-axial_png.rf.93c199679171d9859f8c12bbf850558b.jpg,train,0,1
fibula_metastasis_15_png.rf.9396d10fd96ca5450e5c635ec662535c.jpg,train,1,0
bone-cancer_train_2_1654_png.rf.93ee62e310cf591aa6e7be54bb254980.jpg,train,1,0
bone-cancer_train_2_1624_png.rf.943ddfb35cd82aa07da1defdcbbab2af.jpg,train,1,0
bone-cancer_valid_2_303_png.rf.943fce26099947a04d84edf155cfa7ec.jpg,train,1,0
bone-cancer_valid_261_png.rf.94731ef7a8744a633b56382ec33228cd.jpg,train,1,0
istockphoto-153553416-612x612_jpg.rf.942c181e8d9ab8cd7f8c383e8e3efdc8.jpg,train,0,1
IMG0000161_jpg.rf.945656d405b23f4909189ce6f44619bc.jpg,train,0,1
foot_4_2_png.rf.9424c1fcc1e703bb5e177dde5a2347a2.jpg,train,0,1
bone-cancer_train_2_815_png.rf.94159b3c396e013e31f262d91a437651.jpg,train,1,0
99_JPG_jpg.rf.93c08521e4b15b6552759ff2a61b207c.jpg,train,1,0
bone-cancer_train_2_423_png.rf.9437139ba1515d542ca61744742baf1d.jpg,train,1,0
image-no231-normal-_png.rf.944fa84d69c8c0f9c6c85acd0237e08d.jpg,train,0,1
image-no715-normal-_png.rf.942c733d9082dcbc662a8cc9642e0e8e.jpg,train,0,1
23_JPG_jpg.rf.94732d762e7e1287c58d64a281a84d14.jpg,train,1,0
bone-cancer_train_2_791_png.rf.943cdb7c98351f61511961cbacd26162.jpg,train,1,0
bone-cancer_valid_2_263_png.rf.9476bb7c9fba03e0a88d0695feb496fe.jpg,train,1,0
IMG0000388_jpg.rf.947cb4e747d7736cd74e2bba217e5d4b.jpg,train,0,1
image-no250-normal-_png.rf.945622894ea3664b089520c1a83b81de.jpg,train,0,1
-30-_jpg.rf.94980c4297bfbc625c3ef250df7a908e.jpg,train,0,1
IMG_1721_JPG_jpg.rf.9499216adfc25ffa612ea920a136cd3f.jpg,train,1,0
image-no289-normal-_png.rf.94a2c52131c55c580f57c30b8db4a991.jpg,train,0,1
n3_png.rf.94a3b4c1b65003a5cf1b24417359669a.jpg,train,0,1
IMG_0420_JPG_jpg.rf.9486f75d2dced658ea05ed8f97527a56.jpg,train,1,0
bone-cancer_train_2_905_png.rf.94b53ade9b0b1c4d4df1daf12c6ba1f5.jpg,train,1,0
image-no120-normal-_png.rf.94c83e59715620314bcb944134bea6c4.jpg,train,0,1
bone-cancer_test_48_png.rf.94e568ba4b24fe4669d3f8879bea991a.jpg,train,1,0
download-9-_png.rf.94ddebc942630c752d9e4569d1da062e.jpg,train,0,1
IMG_1621_JPG_jpg.rf.94b49dac7ad96930fa707a77a377304f.jpg,train,1,0
chest_7_2_png.rf.954f748b4088829392f2d856cc47bba5.jpg,train,0,1
download-18-_f_png.rf.95419dd327171cf4087030bd1711ea78.jpg,train,0,1
elbow_5_2_png.rf.958989cee9bf7ef0ed30fed479f3b3db.jpg,train,0,1
bone-cancer_train_2_1521_png.rf.95960ecb7b4764cfa2ce3d04e5cae62d.jpg,train,1,0
IMG_8700_JPG_jpg.rf.94d7de6578d760e0aaa2a0750c6a188c.jpg,train,1,0
IMG0000260_jpg.rf.9566d4f81f8caef285622532a896305e.jpg,train,0,1
IMG_4054_JPG_jpg.rf.94f918db2ab2d57a900cb4c5939ad01c.jpg,train,1,0
pelvis_5_2_png.rf.95f75e76678e1137b2dbeb3e09ef181a.jpg,train,0,1
IMG0000864_jpg.rf.95cc2af06823d52e30a41d559e9d8bde.jpg,train,0,1
image-no394-normal-_png.rf.958b5eeec0ee264297375fc5ce75c41b.jpg,train,0,1
bone-cancer_train_2_2195_png.rf.95ebf5b7d97e086c67a9bc8b23f600fc.jpg,train,1,0
IMG0000629_jpg.rf.956ba8da15b17362526fed9c5c60e505.jpg,train,0,1
bone-cancer_train_2_735_png.rf.962ef78b84b5fb4cb870f1c69691d4d6.jpg,train,1,0
IMG0000287_jpg.rf.9602d3fc683a4467b455ecbfc757e9a4.jpg,train,0,1
134_JPG_jpg.rf.9625b072169f122dd359da6d46634148.jpg,train,1,0
IMG0000713_jpg.rf.9631a86dd6d73a2676efce47f800ff81.jpg,train,0,1
bone-cancer_test_80_png.rf.9660e2b9e1743e7c3bac9ad59d2cc27b.jpg,train,1,0
IMG0000345_jpg.rf.96584f5d0366e21a4b23a39f358e8e10.jpg,train,0,1
image-no328-normal-_png.rf.966aee9d8c8f22f64462c1a319c46119.jpg,train,0,1
bone-cancer_train_2_1533_png.rf.96ba1396403311a38dd0354606c6a015.jpg,train,1,0
bone-cancer_train_2_1464_png.rf.965e231952f1ab44ebcf998b2e2f9ed0.jpg,train,1,0
IMG0000497_jpg.rf.967ab7f8ac1d455978f571d6347b38b6.jpg,train,0,1
bone-cancer_valid_2_439_png.rf.964cb277485cb53f1f7cd42e0d5c4e70.jpg,train,1,0
bone-cancer_test_129_png.rf.9668f3f9bfc808304a1dc4fac4e456f4.jpg,train,1,0
image-no262-normal-_png.rf.9707544a27ee59d222370d12324260be.jpg,train,0,1
IMG0000835_jpg.rf.968684734e628b93a265566a9a943751.jpg,train,0,1
IMG0000398_jpg.rf.96d75467166782c58a17b0506ebbf1d4.jpg,train,0,1
image-no241-normal-_png.rf.96af0f102909363560fcf0a98d1f9d4a.jpg,train,0,1
176_JPG_jpg.rf.96469fdb2e4263328d0f151c427e9fae.jpg,train,1,0
22_JPG_jpg.rf.96cd47bda401e682010eea494e9be078.jpg,train,1,0
IMG_7431_JPG_jpg.rf.969b3048c0d6173aa0e4804419ab8a54.jpg,train,1,0
image-no133-normal-_png.rf.96e8a0affddf2a97c05d6476e6bf410a.jpg,train,0,1
istockphoto-468442530-612x612_jpg.rf.964c34273f647dec679290c57b20e931.jpg,train,0,1
bone-cancer_train_2_1822_png.rf.96e556b55e3b821d8c58d2d9052e15bb.jpg,train,1,0
IMG0000388_jpg.rf.96e08e81ef66a5a9e7ade1d1bb94f520.jpg,train,0,1
IMG0000827_jpg.rf.96dac659a988b3d8842cf6066b3edf7b.jpg,train,0,1
54_JPG_jpg.rf.970cbdcdf108ad111ec6e6e6b88155ef.jpg,train,1,0
IMG0000539_jpg.rf.97305c9ed65372aafd43d396afe4171b.jpg,train,0,1
13_JPG_jpg.rf.97263fe8f8a4d7e0f1bac8399178e5b7.jpg,train,1,0
image-no11-normal-_png.rf.97230a794c65b823ee8d897fb8c2f1d4.jpg,train,0,1
bone-cancer_valid_366_png.rf.973eb2ae728221c7fe9c78f7605e39f5.jpg,train,1,0
IMG0000723_jpg.rf.975e5abbc8dc845065d0a85b300e7dde.jpg,train,0,1
bone-cancer_train_2_1215_png.rf.97397d63fda474ad7852d424a51cc25c.jpg,train,1,0
IMG_0539_JPG_jpg.rf.97b072bee6e17d3245a522774f27595a.jpg,train,1,0
IMG0000426_jpg.rf.9794083c78da781e919e855d0c072b1e.jpg,train,0,1
bone-cancer_train_2_2508_png.rf.97912368eacd568654fea0cc04cf2448.jpg,train,1,0
bone-cancer_train_2_1365_png.rf.974eb435d0dc35fa8a5bff53cbd40f33.jpg,train,1,0
bone-cancer_train_2_2384_png.rf.9792788f4c5442516bed4d059e69e1e3.jpg,train,1,0
IMG0000586_jpg.rf.97e0d377d97a5ed2823bf3a4e73a8145.jpg,train,0,1
image-no296-normal-_png.rf.978d82d5b545966a7af4cec440d91996.jpg,train,0,1
foot_26_png.rf.97821d3752937f1962c1ce69d60e126f.jpg,train,1,0
IMG0000899_jpg.rf.97434bf0e16a565d444f550e7b69ff15.jpg,train,0,1
bone-cancer_valid_2_318_png.rf.97c64b91cf0fbc3766954bb18127bd1d.jpg,train,1,0
bone-cancer_train_2_1603_png.rf.97cc9ef40fc8e12dad46503cdfb50a07.jpg,train,1,0
image-no657-normal-_png.rf.97d39e7b0f3290671911f7ad13a50093.jpg,train,0,1
IMG0000833_jpg.rf.97b759a21ffb0cab2df3f907ebb6e000.jpg,train,0,1
IMG0000588_jpg.rf.97fa2a7b5a4262da89cf0917e96e30a0.jpg,train,0,1
humerus_14_1_png.rf.9801a4d7bacfcaefcf635be450fe3cbd.jpg,train,0,1
tf_png.rf.977159480b467e06a1c270c4534d2f4d.jpg,train,0,1
IMG0000686_jpg.rf.97ca1ceaaafafa44c733b62ad9167767.jpg,train,0,1
bone-cancer_test_201_png.rf.97f5286d9dba31f3557ec4480288e2a5.jpg,train,1,0
IMG0000853_jpg.rf.97cebc3dd86191d33d23aec3883b9c9d.jpg,train,0,1
157_JPG_jpg.rf.980b3faa366ba3099e4d46b3857346dc.jpg,train,1,0
image-no337-normal-_png.rf.97f56367c941bcde4a79ba801e2f9e5b.jpg,train,0,1
bone-cancer_valid_2_334_png.rf.980b837b0981df664c8f81027b873fba.jpg,train,1,0
bone-cancer_valid_2_105_png.rf.9802d09617218e52d7f3906329604451.jpg,train,1,0
image-no21-normal-_png.rf.9826ab960588f05cff1273f482b12223.jpg,train,0,1
bone-cancer_train_2_1872_png.rf.9813fbac7fa1232f87e67226dd6cc150.jpg,train,1,0
IMG0000448_jpg.rf.981daab9548c5c39bc0290392227e47f.jpg,train,0,1
bone-cancer_train_2_2374_png.rf.985bea462545d7f63a4fde736ef5ebe0.jpg,train,1,0
istockphoto-1278598444-612x612_jpg.rf.98229d52afecff8397b596994f3a734d.jpg,train,0,1
IMG0000441_jpg.rf.98b6e1c06e49525e55ccb8566927a723.jpg,train,0,1
IMG0000427_jpg.rf.987e544c52cd1246ea8e8c0c5adee9d8.jpg,train,0,1
IMG0000657_jpg.rf.98f19fe8257fb9465d8b75ed1c8cdc92.jpg,train,0,1
IMG0000610_jpg.rf.984394a63c140d85f1cf7214fe9c970d.jpg,train,0,1
chest_female_60_2_png.rf.988d9821d99f2d0120e536290dfc5ab3.jpg,train,0,1
pelvis_metastasis_16_png.rf.988699c1b5daf8e914af222d777d8179.jpg,train,1,0
humerus_39_png.rf.98b91725dc552b9e1c766be0de3e2130.jpg,train,1,0
foot_72_png.rf.98b8ebae8d69c93ea3b54056cd5f24c2.jpg,train,1,0
humerus_5_2_png.rf.986d6f08bb2c26167bd307d461d9232d.jpg,train,0,1
bone-cancer_valid_295_png.rf.98f919eabffddfce017f8dc378423971.jpg,train,1,0
IMG0000716_jpg.rf.9831769fd8e90db9f7b30cab2053e6e1.jpg,train,0,1
IMG0000644_jpg.rf.98a5037d5a74b08be439c77198ff550e.jpg,train,0,1
IMG0000709_jpg.rf.98fae656e4cbd777549473230276d5a0.jpg,train,0,1
bone-cancer_valid_2_342_png.rf.98bd3f09b88329e1e9550997a60193e7.jpg,train,1,0
IMG0000714_jpg.rf.9900fb8e2210d84155405ee14d680d78.jpg,train,0,1
bone-cancer_train_2_2387_png.rf.9900f7929db6681607f6598793d3b80b.jpg,train,1,0
IMG0000289_jpg.rf.994a8fdd3130322fe356ed9ea295584f.jpg,train,0,1
new5_png.rf.992adeacc71eea205a558c5449403401.jpg,train,0,1
IMG0000809_jpg.rf.999e656870b52ce399f9f68e77c4b181.jpg,train,0,1
fibula_osteosarcoma_10_PNG.rf.996c572b40aea557bdd28c81bee11caa.jpg,train,1,0
IMG0000428_jpg.rf.994f65eef1da2a2dadb3efe33e2123f2.jpg,train,0,1
image-no575-normal-_png.rf.998b8a8f2632378fa7b0c8e3ba47ba5c.jpg,train,0,1
tibia_ewing_1_PNG.rf.9978d0eca0a8226287def0afe55285e4.jpg,train,1,0
bone-cancer_train_2_1328_png.rf.99c04e212f10e0166c83a4195539c542.jpg,train,1,0
bone-cancer_valid_364_png.rf.9975755fd9a8000a486e5eb0e2474123.jpg,train,1,0
femur_normal_2_PNG.rf.99fcc9b234674fb609b1f3f4d8fe4be8.jpg,train,0,1
bone-cancer_train_2_417_png.rf.9a079d777bf5b1a3600ba83f36428dd4.jpg,train,1,0
bone-cancer_valid_2_391_png.rf.99e457bd03b01c23726e8353e3463b07.jpg,train,1,0
IMG_7606_JPG_jpg.rf.99e146030b88afcf622b39c1152c4ae9.jpg,train,1,0
image-no244-normal-_png.rf.99e9780eee223553b4759df9eb386f03.jpg,train,0,1
bone-cancer_valid_255_png.rf.99dbf3e67a1b2250bdb326d2a05ef54a.jpg,train,1,0
IMG0000869_jpg.rf.99d204ed90897fb6fb265bcf52a71fdc.jpg,train,0,1
image-no48-normal-_png.rf.99cc12a3ea202a7f5554b05f4447970a.jpg,train,0,1
humerus_23_png.rf.9a04583a9f8d7a63453c877840909480.jpg,train,1,0
bone-cancer_test_179_png.rf.99cff072c5413913bbe42a1c114043e1.jpg,train,1,0
bone-cancer_valid_2_401_png.rf.99c706291182dcf40249b33a21fe73ad.jpg,train,1,0
137_JPG_jpg.rf.99b3924e54fc289d559e72c7430e4e36.jpg,train,1,0
bone-cancer_valid_2_132_png.rf.99b93e5927f647132203b67630b89085.jpg,train,1,0
117_JPG_jpg.rf.9a249114d634720166e577cbf81ca3fe.jpg,train,1,0
foot_69_png.rf.9a021874271b07a61f33c160261965c0.jpg,train,1,0
IMG_0447_JPG_jpg.rf.9a26022e56562742eeda1d2631d37d45.jpg,train,1,0
IMG0000161_jpg.rf.9a53a7692575bb0b9b2364589ba396b6.jpg,train,0,1
IMG_5310_JPG_jpg.rf.9a3f27a6329eb58cf2f351da5d80c7e4.jpg,train,1,0
bone-cancer_valid_407_png.rf.9ad8a34dd9f0a75bdb9b59c8cd3100e2.jpg,train,1,0
bone-cancer_train_2_846_png.rf.9a65a597cc604bf5b8bad6e3e50d1985.jpg,train,1,0
foot_4_1_png.rf.9ad7e7fe6e8588a0f818fd83b54da0bb.jpg,train,0,1
bone-cancer_test_69_png.rf.9a5c425361879e7975545082c43558a0.jpg,train,1,0
IMG0000792_jpg.rf.9ab09246c646acf17deae2ae030b2a14.jpg,train,0,1
IMG0000497_jpg.rf.9a978efb6c9ebf3850a428d94e3e7882.jpg,train,0,1
IMG0000198_jpg.rf.9a7bad98397409f86869ff277545a357.jpg,train,0,1
IMG0000484_jpg.rf.9ad4b95c24aadab13f6c7b49863f4271.jpg,train,0,1
image-no167-normal-_png.rf.9a73bbe53fb1ce5a6e03918168c2a0b4.jpg,train,0,1
bone-cancer_train_2_2483_png.rf.9adaebf6188befa45f020de1ddb77b0b.jpg,train,1,0
Normal-adult-humerus-for-reference_png.rf.9ac82a3a8458952ccb1d2c11585ed40e.jpg,train,0,1
hand_2_2_png.rf.9ad969671f1c8f123f4479c9f32ab38b.jpg,train,0,1
IMG_0202_jpg.rf.9ae846f7c6cc965fb82148976275be93.jpg,train,1,0
IMG0000826_jpg.rf.9addce141de06e3b71f913a1a0d0874c.jpg,train,0,1
IMG0000839_jpg.rf.9b0f566a5c9c54d264a1a843431abfa5.jpg,train,0,1
196_JPG_jpg.rf.9abc9c114b9723576d6acf3abf928429.jpg,train,1,0
image-no174-normal-_png.rf.9b314c97ffa8f8fc5c1a1ada24a8e6e1.jpg,train,0,1
femur_normal_24_PNG.rf.9b18c30a17bfe93f62ea50e5ae9b0dbb.jpg,train,0,1
IMG0000766_jpg.rf.9aca1fe35682bfa94f733736df4a5af9.jpg,train,0,1
bone-cancer_test_64_png.rf.9a4284e2bb87785f223bbeb111b3b30b.jpg,train,1,0
Picture15_jpg.rf.9b4673be4e7c1943eb8c94766fdd3377.jpg,train,0,1
33_JPG_jpg.rf.9ba21cea1606a644e546b824714e54ed.jpg,train,1,0
bone-cancer_valid_2_445_png.rf.9b445dd6d024928e3de4f7fcf684fb47.jpg,train,1,0
bone-cancer_train_2_1720_png.rf.9bb65b86b6adce78ab06084b5dd829b0.jpg,train,1,0
image-no645-normal-_png.rf.9c1c8ec943c1e85d5d7c84df5ba9b77f.jpg,train,0,1
IMG0000818_jpg.rf.9be1523a56356bb32526d191f5b6f0d1.jpg,train,0,1
bone-cancer_train_2_1718_png.rf.9be44958f0599682370c0202e538252b.jpg,train,1,0
IMG0000809_jpg.rf.9b6a8e2f853299e1fa5c5a341141ff10.jpg,train,0,1
IMG0000775_jpg.rf.9bce39cb7e6a706a84b0b95a069bd58f.jpg,train,0,1
ankle_3_3_png.rf.9b5738d59a1455f7ab3dd66b31a936c4.jpg,train,0,1
IMG0000772_jpg.rf.9bfa9ea056cd4f3b321322db3837fdea.jpg,train,0,1
elbow_11_1_png.rf.9bc2f9449f6e6c5adb455de74876d19f.jpg,train,0,1
tf__2_png.rf.9bcf0fd4c18b2cf6c69894d7b2f679f7.jpg,train,0,1
IMG0000498_jpg.rf.9bc9d74a5c5b6f65f084ae8cc45b74e0.jpg,train,0,1
bone-cancer_train_2_1797_png.rf.9bfadc645ab7aa506f1e4e0b40646515.jpg,train,1,0
IMG0000691_jpg.rf.9b4e6b13ff916f35875a300f89cf303e.jpg,train,0,1
femur_ewing_15_PNG.rf.9c09b2023584c14ecd810cbc300a372a.jpg,train,1,0
image-no219-normal-_png.rf.9b3e73ad9aa92f24113bd68303697f42.jpg,train,0,1
bone-cancer_test_74_png.rf.9bb8eb15b7db9b9b9de444a9314012e8.jpg,train,1,0
bone-cancer_train_2_1355_png.rf.9c20b4eec3048014f8b83fbb54054e00.jpg,train,1,0
image-no28-normal-_png.rf.9b80befa748188b8b219bc5e3217968b.jpg,train,0,1
IMG0000876_jpg.rf.9c614bd4a32214081d93680746208d0a.jpg,train,0,1
image-no437-normal-_png.rf.9cd9e3a0445b66ee9552a9d498856e48.jpg,train,0,1
bone-cancer_train_2_1385_png.rf.9c5ca058da6e21b4e43ea9b84892ee8f.jpg,train,1,0
image-no675-normal-_png.rf.9c50efeb38b5ddfa4ef21a9d32f46ddf.jpg,train,0,1
bone-cancer_valid_2_331_png.rf.9c957af49af1dc5fa1e8c5075378de4c.jpg,train,1,0
IMG0000816_jpg.rf.9cef8d34dc770865e243084635fd09ba.jpg,train,0,1
foot_39_png.rf.9c676571b8fd083736f952b0561ad7e6.jpg,train,1,0
bone-cancer_valid_63_png.rf.9cb58d1498271f5bf6bcb8e7fde89640.jpg,train,1,0
bone-cancer_train_2_360_png.rf.9c60f786db00257d0a3ffcf7a2f6ed07.jpg,train,1,0
bone-cancer_valid_2_410_png.rf.9cac47e96a623519a2369d603555a45b.jpg,train,1,0
image-no111-normal-_png.rf.9cd9b961ac608a900c5104503ed09936.jpg,train,0,1
IMG0000898_jpg.rf.9d13aaba4d920c798000f5bf029c2d89.jpg,train,0,1
image-no386-normal-_png.rf.9d390b742553c98a6cd9e80338ead5d3.jpg,train,0,1
IMG_0437_JPG_jpg.rf.9d0703fa48625c5b4cdff35c9ba0b1b1.jpg,train,1,0
hand_other_3_png.rf.9ceffb34761d049244204e01a378838c.jpg,train,1,0
IMG0000856_jpg.rf.9d11e97cf5b23979e1f739ce4b87452a.jpg,train,0,1
istockphoto-1385843912-612x612_jpg.rf.9c6b2290eb48b0e02360c393d776f3e8.jpg,train,0,1
bone-cancer_train_2_2366_png.rf.9d0a1c0bd1137298edccd197b83d73f6.jpg,train,1,0
image-no711-normal-_png.rf.9cd0e73fbd861b5d3e70f5ac38183d1d.jpg,train,0,1
IMG0000892_jpg.rf.9c77a482cd7b539b627e1c8f2f59500c.jpg,train,0,1
image-no51-normal-_png.rf.9c97b5f80f30cbfe3c094f8599dc5c75.jpg,train,0,1
bone-cancer_valid_317_png.rf.9d3e3c477a7ef979ff018e3ec4504a0c.jpg,train,1,0
IMG0000814_jpg.rf.9d4a38500fd5c0cb99191dcf19636364.jpg,train,0,1
bone-cancer_valid_2_208_png.rf.9d3fb7f0ba57bc52be6cff4b2eed455a.jpg,train,1,0
image-no740-normal-_png.rf.9d57c3cf97c8bd8d5abc1785bde9360c.jpg,train,0,1
bone-cancer_valid_348_png.rf.9d76c43f180e603c9cb4fcab6d2b3e49.jpg,train,1,0
185_JPG_jpg.rf.9d81c6c1ae4ab69dfcaa03f3df9eef60.jpg,train,1,0
-4-_jpg.rf.9d861ee840cf83450ecdeeee7738f5e3.jpg,train,0,1
image-no288-normal-_png.rf.9dca402b3140fcc24f73f7c6eaa3507f.jpg,train,0,1
IMG0000690_jpg.rf.9dfce6e45c019b6575da8c41c8e33c88.jpg,train,0,1
bone-cancer_test_176_png.rf.9dcfdae750cfaec226142e55448338ec.jpg,train,1,0
bone-cancer_train_2_820_png.rf.9da0c58a99b2640cf328405ba6d6aaf6.jpg,train,1,0
IMG0000826_jpg.rf.9da4e9dab0bf40726542d65886c5b1e9.jpg,train,0,1
bone-cancer_train_2_2345_png.rf.9ddee973719740c473814e29aec3283f.jpg,train,1,0
IMG0000809_jpg.rf.9dac2ee37342b0d1c852bd59f39bd921.jpg,train,0,1
bone-cancer_train_2_1119_png.rf.9e24559a1508e55b565e303c711c7330.jpg,train,1,0
knee_05_1_png.rf.9e12e2bb57a2aaf5282c59f656879ffe.jpg,train,0,1
new4_r-3-_jpg.rf.9e2147e94d300e4cee5b442d23a48b48.jpg,train,0,1
bone-cancer_train_2_2281_png.rf.9dd11ecec821ac53234909c93f64e317.jpg,train,1,0
tf_20_female_2_png.rf.9e26997f98f13c68d922c785595a9eae.jpg,train,0,1
IMG0000430_jpg.rf.9e16b5b3199014e3cb651864427f160d.jpg,train,0,1
AP-view-of-cervical-spine_png.rf.9e13629555a06b7b22cfa405eae79156.jpg,train,0,1
bone-cancer_valid_95_png.rf.9e230a91f47855f393cc2eddad68f08b.jpg,train,1,0
image-no543-normal-_png.rf.9dd3dd9cedd6b0943eb51ab6cba0b8e1.jpg,train,0,1
image-no376-normal-_png.rf.9e124d50ce21f94821b68a4b416b003f.jpg,train,0,1
No-evidence-of-an-avulsion-fracture-Joint-alignment-is-normal-No-abnormality-of-the-acromioclavicular-joint-_png.rf.9e23756d73491c4760e17cd57cf2a762.jpg,train,0,1
IMG0000344_jpg.rf.9e4f2c5da1fd28e382d12e3ba1b14724.jpg,train,0,1
image-no269-normal-_png.rf.9e4f9c7c30e73cb5111d76bea638f440.jpg,train,0,1
IMG0000694_jpg.rf.9e52c08934c744522f421033d0ea852d.jpg,train,0,1
IMG0000614_jpg.rf.9e4b40f4206e17044c2de1ccbc55dae4.jpg,train,0,1
bone-cancer_train_2_1867_png.rf.9e567dcd4f17725382a5d3d5b102c7ed.jpg,train,1,0
IMG0000349_jpg.rf.9e3f7ddf0e2c7115370a72698d392c99.jpg,train,0,1
IMG0000459_jpg.rf.9e25956307209f164f6621513e047979.jpg,train,0,1
Picture1_d-14-_jpg.rf.9e5a8f28eb650754a9dd06002f1c50cc.jpg,train,0,1
bone-cancer_valid_341_png.rf.9e7aaf40c9084ab3289a8024c08c2b0b.jpg,train,1,0
image-no225-normal-_png.rf.9e5fe962526678d7dd0e1f109215889d.jpg,train,0,1
IMG_1620_JPG_jpg.rf.9ec43d6960700d1d78dc1cc87f67f1d9.jpg,train,1,0
IMG0000784_jpg.rf.9e88b62a9ff03a91d23065c395aa8615.jpg,train,0,1
istockphoto-106380103-612x612_jpg.rf.9ed178d02f4d39d228f81cad4233c2d6.jpg,train,0,1
bone-cancer_train_2_1502_png.rf.9e7c1f1fc7f6cc20d0e8d9e823cbec20.jpg,train,1,0
istockphoto-182903916-612x612-1-_jpg.rf.9ed5efee9bf16bd54b7fe59af2779bd2.jpg,train,0,1
hand_56_png.rf.9eb8fc9e9f4c98260724ab8895faa869.jpg,train,0,1
humerus_22_png.rf.9e9535cf33d858a864fae30aed829623.jpg,train,1,0
image-no655-normal-_png.rf.9ed104499281d2707e59c68e4e74131d.jpg,train,0,1
IMG0000673_jpg.rf.9eaf1d45763ba87f0289faf5feef0c2c.jpg,train,0,1
elbow_13_2_png.rf.9e9ce085cc9802ff8038e77c5e93b1b6.jpg,train,0,1
bone-cancer_valid_2_151_png.rf.9ed069c7a2d1198bd947955800d7c2d3.jpg,train,1,0
forearm_3_2_png.rf.9f196e387e90875b0b7971a86bfb60fe.jpg,train,0,1
IMG0000691_jpg.rf.9f18f889ba7ffe09837ba9bf661a668c.jpg,train,0,1
bone-cancer_valid_2_198_png.rf.9f4acb948a1bc207528a47e97d70d5bd.jpg,train,1,0
cspine_7_2_png.rf.9ee91de0c2f22112c0907ae523bc88f7.jpg,train,0,1
IMG0000441_jpg.rf.9f2c6293122ace9136a8e3d9debd2188.jpg,train,0,1
foot_1_1_png.rf.9e98269b9a2c11cd09a1073c58b2185b.jpg,train,0,1
-61-2_png.rf.9ea13ab9533cf643f6705e48cc95f5de.jpg,train,0,1
IMG0000892_jpg.rf.9f3bd746229d0e10d9b843275d7c68a3.jpg,train,0,1
foot_35_1_png.rf.9ed308620c53e6ec19fb518b42fc0980.jpg,train,0,1
bone-cancer_valid_76_png.rf.9f5423e13ac6e167968638e4751afe4e.jpg,train,1,0
bone-cancer_train_2_1345_png.rf.9f860f6d5e8f581e8adf5f50027ec0bf.jpg,train,1,0
IMG0000633_jpg.rf.9f7b8ed9ebf4de5a25fa495788be6e45.jpg,train,0,1
135_JPG_jpg.rf.9fb262768c7b8d8560e662cca297724e.jpg,train,1,0
bone-cancer_train_2_2456_png.rf.9f8dcb96049d1132770aaf1de4e703cd.jpg,train,1,0
IMG0000862_jpg.rf.a00a252390741bea1ba38fd494bceac9.jpg,train,0,1
pelvis_65_2_png.rf.9f94a416253d2d75fc66cc8220e5c3dd.jpg,train,0,1
image-no351-normal-_png.rf.a0017922f014b2813a068ccd7caa2384.jpg,train,0,1
tibia_metastasis_27_PNG.rf.a00410c123802d015aacc5a7f4635946.jpg,train,1,0
-52-_jpg.rf.9ff68c5805078b9ea58609cd8b3c334e.jpg,train,0,1
66_JPG_jpg.rf.a0166e89c0fdfef258994881d4175e53.jpg,train,1,0
hand_osteosarcoma_20_png.rf.9f724efa5921f001e487457ed2deae19.jpg,train,1,0
bone-cancer_test_85_png.rf.9fc49e4d2a209633f47e289b41dd7168.jpg,train,1,0
bone-cancer_valid_319_png.rf.a02e028e9710a6f09fbee3534725a23f.jpg,train,1,0
bone-cancer_train_2_1709_png.rf.9fa6d69866ecc1549b0feddbfcb34583.jpg,train,1,0
bone-cancer_valid_2_119_png.rf.a01de5d71c048741f49cdd364ad8cf5c.jpg,train,1,0
IMG0000688_jpg.rf.a03055fee58dd56b9007ecfef753930d.jpg,train,0,1
hand_osteosarcoma_7_png.rf.9f574a371ec9cad599d2ca5b434b9d81.jpg,train,1,0
image-no364-normal-_png.rf.9fc64626f9ac07889b941045de170442.jpg,train,0,1
bone-cancer_train_2_574_png.rf.a03405010089c2a12daf4996c508ac0d.jpg,train,1,0
tf_12_png.rf.a04eda97a585ab4d653f9bbc002cd780.jpg,train,0,1
image-no355-normal-_png.rf.a040a4f430fa2b59f7bae785817b80a5.jpg,train,0,1
image-no452-normal-_png.rf.a04e57f3f48e1bb551175467c657fb89.jpg,train,0,1
image-no298-normal-_png.rf.a03be82a9a18f8a1c84fbe461b9c6b98.jpg,train,0,1
182_JPG_jpg.rf.a0625372688546be2539dc0ac789d56c.jpg,train,1,0
image-no202-normal-_png.rf.a0a7ab84c0d52795c13cb39cb0e00956.jpg,train,0,1
IMG0000508_jpg.rf.a09d86c9f81a50fa47be99ea133fb07a.jpg,train,0,1
IMG0000660_jpg.rf.a09c2788b1806125a5cd9435b20af0a1.jpg,train,0,1
image-no224-normal-_png.rf.a0581686bc12f532f0715eef19d90dd5.jpg,train,0,1
IMG0000713_jpg.rf.a065d88a77a7e84d7042656c6eb5ee15.jpg,train,0,1
bone-cancer_train_2_430_png.rf.a0ad1d2b29dcf258dd35bc975f61bcff.jpg,train,1,0
IMG0000866_jpg.rf.a0a3a36d59a0f742387dee621ef95930.jpg,train,0,1
IMG0000597_jpg.rf.a090fdcb9be508e2d6b176e1dfe62d44.jpg,train,0,1
bone-cancer_train_2_424_png.rf.a0d33d884025fb5c2e706b507c4f5b6b.jpg,train,1,0
bone-cancer_valid_2_327_png.rf.a0c4de6b2ecdc1f3b83e7a5f490a8707.jpg,train,1,0
knee_7_1_png.rf.a0f20323ddaaa305fe7aa84809267c0c.jpg,train,0,1
hand_osteosarcoma_13_png.rf.a0c460d9ffa86e718f0220dc82bbc08f.jpg,train,1,0
download1_png.rf.a0b8d5afc1e64616e465724cd5fefdc1.jpg,train,0,1
bone-cancer_train_2_762_png.rf.a0d5e17f37fb43a748b5ae46d5735532.jpg,train,1,0
IMG_0089_jpg.rf.a0e4ebb0ecf093176dbc5be266f5d9c4.jpg,train,1,0
bone-cancer_train_2_1337_png.rf.a1389ff8f0f624b20eaca06d45988610.jpg,train,1,0
femur_normal_9_PNG.rf.a0e1d70d5a01caf6d3529835359e40db.jpg,train,0,1
IMG0000161_jpg.rf.a1205dd875ae67f83636b840c68e0489.jpg,train,0,1
IMG0000569_jpg.rf.a12b56053aecc68a61b4fabd444cad6e.jpg,train,0,1
image-no103-normal-_png.rf.a10e394a6a8c0a4486990653ed41bf8e.jpg,train,0,1
image-no570-normal-_png.rf.a10ed42db05feba04e690d53b3d9f364.jpg,train,0,1
IMG0000492_jpg.rf.a131cf4ffeac2e661258684425abb7f7.jpg,train,0,1
download5_png.rf.a136446aa136041f8614cfc5a0ce95d5.jpg,train,0,1
femur_normal_13_PNG.rf.a10451fd25e01d13d26659a2a3e60490.jpg,train,0,1
image-no448-normal-_png.rf.a15485f1bdaaa4f7a84c064ed53263a7.jpg,train,0,1
bone-cancer_train_2_357_png.rf.a14028c8667df7867388ee92a2828565.jpg,train,1,0
IMG0000730_jpg.rf.a14950dfd67667ca28c3ea4d9ecc893c.jpg,train,0,1
IMG0000290-1-_jpg.rf.a16e7212b5d4b1796bc2c9deb788437f.jpg,train,0,1
bone-cancer_valid_2_393_png.rf.a186f0d2fcf06a31389479e1af502ed2.jpg,train,1,0
bone-cancer_valid_315_png.rf.a179726217a3b1bc92f32cf68095928d.jpg,train,1,0
bone-cancer_valid_267_png.rf.a149b615671c0cee44091289ffe26aa9.jpg,train,1,0
bone-cancer_valid_2_41_png.rf.a19868022279c7114ad671b09e024b7d.jpg,train,1,0
-18-_jpg.rf.a17509afe2d41d9b83fad1218af69cc9.jpg,train,0,1
image-no355-normal-_png.rf.a170d67393ff8f80984ab0378207229c.jpg,train,0,1
chest_5_1_png.rf.a16f2e0316a4dad71ea24c206dce49da.jpg,train,0,1
bone-cancer_valid_383_png.rf.a1a03ff5bc42f2c92243158ef720e1fd.jpg,train,1,0
image-no47-normal-_png.rf.a1791caa54235528eb6ceb507625c9d5.jpg,train,0,1
image-no419-normal-_png.rf.a18ce437704db32cbe3ffe21fa08b2d4.jpg,train,0,1
bone-cancer_valid_69_png.rf.a1b0c0c5684ddc617803fa8d4f6b69a0.jpg,train,1,0
bone-cancer_valid_2_354_png.rf.a1aca5c1e82e9e6b7aee31dbec8b1855.jpg,train,1,0
image-no147-normal-_png.rf.a1b9b3db476b94ffb966599c3f2a9b03.jpg,train,0,1
bone-cancer_train_2_2426_png.rf.a1b187d0f3298086678ac64c7fe8b601.jpg,train,1,0
IMG0000815_jpg.rf.a1d8d5794e2ed879c51991ad2272ba12.jpg,train,0,1
IMG0000437_jpg.rf.a1b34321433c9d5775dbbb6f68b7060e.jpg,train,0,1
85_JPG_jpg.rf.a1bbb79ca511b899f0b21627e48fd91e.jpg,train,1,0
humerus_4_png.rf.a1d97009396b05a0fb42a8d33ff04276.jpg,train,1,0
bone-cancer_train_2_2498_png.rf.a1d55c52809a2acba4d06b79fb5dd9db.jpg,train,1,0
femur_normal_4_PNG.rf.a1e95bbae317692d43741ce5fd044a8e.jpg,train,0,1
bone-cancer_valid_2_146_png.rf.a1bd6c7ed42ce6d236e5e61b6b52be7c.jpg,train,1,0
IMG0000508_jpg.rf.a1dd8fa4b3f6cafaf6ee0797b9d74ae2.jpg,train,0,1
foot_52_png.rf.a1fb66b99b25da3195c419ef57434bad.jpg,train,1,0
image-no33-normal-_png.rf.a1fec8bf82c46de94ca431bcede57090.jpg,train,0,1
IMG0000873_jpg.rf.a1ffa0d1b0b89d0124145fe6f27e800f.jpg,train,0,1
IMG0000548_jpg.rf.a20a6bb97da2fe40004aab0c5d929d30.jpg,train,0,1
IMG0000620_jpg.rf.a20555d7f4f9d52f8244954c67d5b227.jpg,train,0,1
IMG0000591_jpg.rf.a20ad56e8f4c9107fa7f7d5ffae9bf6b.jpg,train,0,1
istockphoto-176798029-612x612_jpg.rf.a208dd4831add2215ad2ae17d67f920a.jpg,train,0,1
IMG0000511_jpg.rf.a2788eac441922724e3115df81b05c43.jpg,train,0,1
bone-cancer_train_2_1111_png.rf.a28eaee5c7ca6ba30552b4f261d56fb6.jpg,train,1,0
IMG0000882_jpg.rf.a25f3a434dddde847cd0001cda800c0d.jpg,train,0,1
bone-cancer_test_165_png.rf.a23471106562f4391dc243291498791c.jpg,train,1,0
bone-cancer_train_2_673_png.rf.a24d0674b9321f4d14e2f5ff036887fe.jpg,train,1,0
image-no208-normal-_png.rf.a21c4f3d16321b9daabd125ab2f82e63.jpg,train,0,1
image-no89-normal-_png.rf.a280a15c8d648869d6ed8c484318203d.jpg,train,0,1
IMG0000465_jpg.rf.a24a939c6f2401b077e5cf30beb24825.jpg,train,0,1
IMG0000041_jpg.rf.a29dff9a3388eb835a5535f43385bcda.jpg,train,0,1
bone-cancer_valid_287_png.rf.a2a6c691e98ea5d0e872280922bf3db1.jpg,train,1,0
IMG0000687_jpg.rf.a29e5e53d3a76c5d93930c24ecaa7919.jpg,train,0,1
image-no29-normal-_png.rf.a2abc945d7a915527d883928257f80a8.jpg,train,0,1
image-no104-normal-_png.rf.a29c0d6b9bea57a6c711806f3b589e4e.jpg,train,0,1
image-no439-normal-_png.rf.a2583faedd856c6683e50a7b7fd856d2.jpg,train,0,1
164_JPG_jpg.rf.a28323aa4ba0855a4c28064a28779065.jpg,train,1,0
bone-cancer_valid_2_369_png.rf.a2aef8ddeb0a1c9cb867ee0532afdd7d.jpg,train,1,0
bone-cancer_valid_232_png.rf.a2f08d24fd5e97f6503742204808670c.jpg,train,1,0
IMG0000685_jpg.rf.a305f7fb77f5e7f24793d90a20e10fca.jpg,train,0,1
bone-cancer_valid_397_png.rf.a2c59bab544bc21e3799c6c7a27fabe3.jpg,train,1,0
bone-cancer_valid_396_png.rf.a2f82c7ec895382d1ef3b8b88762ac40.jpg,train,1,0
bone-cancer_train_2_2347_png.rf.a2caf7f09fea63960acbbf23ce5eb364.jpg,train,1,0
IMG0000396_jpg.rf.a384610c9475a5e7cd72d827d9c0e27b.jpg,train,0,1
80_JPG_jpg.rf.a38d7315d7d8c9c6da982dd5eb0caf92.jpg,train,1,0
IMG0000700_jpg.rf.a35d336ee526ad248ead39ba43832a4f.jpg,train,0,1
IMG0000686_jpg.rf.a3bd205170fe14bef7c6a891848d4200.jpg,train,0,1
IMG0000509_jpg.rf.a31d322849fc0f015e3a94e760c4fa4f.jpg,train,0,1
bone-cancer_valid_2_353_png.rf.a32322b18ed45075a6e089c1a27551a9.jpg,train,1,0
cspine_1_2_png.rf.a3658ef9214560740a6b3c7325d6d62a.jpg,train,0,1
IMG0000179_jpg.rf.a377a51a5497a83c42feeea54d1e1f47.jpg,train,0,1
bone-cancer_train_2_1153_png.rf.a35f40e60695ba46d75e75942364523c.jpg,train,1,0
IMG0000399_jpg.rf.a3f5b44df633f4721a99eef190a50108.jpg,train,0,1
chest_female_60_1_png.rf.a33574d606f3d9a2c53959ea432f41b1.jpg,train,0,1
bone-cancer_train_2_2026_png.rf.a358d7a8eafe78343b2456dec3754892.jpg,train,1,0
bone-cancer_train_2_1668_png.rf.a35a559d519f6783780391f105ba79d0.jpg,train,1,0
bone-cancer_train_2_2230_png.rf.a3f37fdb4e17d547264aaa254a83e2bb.jpg,train,1,0
bone-cancer_train_2_2206_png.rf.a3c53a402a471fa62b01a2fd599f91cf.jpg,train,1,0
IMG0000722_jpg.rf.a3fab37f6be6493e5421909ecc6bdde8.jpg,train,0,1
ankle_9_3_png.rf.a400d4e1184fcc5fe02f65fbbb47c48e.jpg,train,0,1
IMG0000587_jpg.rf.a4119bc3658b837353060c7488e24441.jpg,train,0,1
IMG0000869_jpg.rf.a41973d344667616df26224f12fe20c6.jpg,train,0,1
fibula_chondrosarcoma_6_PNG.rf.a46a10f768b4ae574de7e7ae0c113f26.jpg,train,1,0
forearm_11_1_png.rf.a43f85a702a3675e81a7b7e74e7dddf5.jpg,train,0,1
IMG0000734_jpg.rf.a42206117d73b89cd36a8d87afc40c5e.jpg,train,0,1
image-no652-normal-_png.rf.a415455ec66b795aee245ccdc877a91c.jpg,train,0,1
IMG0000812_jpg.rf.a460305afd6be186fddee45265aed1f8.jpg,train,0,1
127_JPG_jpg.rf.a480aff4f992bf555e1508b4b0829f07.jpg,train,1,0
bone-cancer_train_2_2261_png.rf.a413bbd80b9a42003ce350fd44433561.jpg,train,1,0
image-no194-normal-_png.rf.a46a02ba9fdce468acaca39e6445c783.jpg,train,0,1
fibula_metastasis_5_png.rf.a4428ed9e2db86d4813e19f6e38a28d3.jpg,train,1,0
IMG0000428_jpg.rf.a479df6f93175a163b4a7b98da0f415a.jpg,train,0,1
bone-cancer_valid_42_png.rf.a48424ec5f4e84752d89c09bed04dff5.jpg,train,1,0
ped_14_png.rf.a3ff6e5c55cb9f3ff538340e3bb8bef2.jpg,train,1,0
istockphoto-495005811-612x612_jpg.rf.a48c7e625b3296288e35ff5e42080358.jpg,train,0,1
IMG_1709_JPG_jpg.rf.a4cbb82a1bb84b2d02abe97eaecf2484.jpg,train,1,0
bone-cancer_train_2_2306_png.rf.a4b4af860b05ff264647f1d96ce805ea.jpg,train,1,0
bone-cancer_valid_73_png.rf.a422090861daf724306f6564f0553978.jpg,train,1,0
bone-cancer_valid_120_png.rf.a478e3aed335c015737a0679db719ab8.jpg,train,1,0
IMG0000766_jpg.rf.a492c94288b3c94fd364ca8d49c51751.jpg,train,0,1
fibula_ewing_9_png.rf.a4a101d869507cc40909014fa005d1e3.jpg,train,1,0
IMG0000332_jpg.rf.a4a84e2cd5e3e10f16a59f46d170c6b6.jpg,train,0,1
chest_female1_png.rf.a4ff5aeb43c8acaba57e2734fb270a09.jpg,train,0,1
IMG0000356_jpg.rf.a4d22aebbf5a45aa42ef023185b25842.jpg,train,0,1
bone-cancer_train_2_1050_png.rf.a52ba3f2fff64eb5c2e83056d60730e4.jpg,train,1,0
IMG_8853_JPG_jpg.rf.a528ae376a0d72c69eff642a56e34cab.jpg,train,1,0
image-no73-normal-_png.rf.a51cba3cb153ccdd4d7881d899c0e1a3.jpg,train,0,1
bone-cancer_valid_2_394_png.rf.a4d216a42fc51fa5b5703cb395f39616.jpg,train,1,0
IMG0000774_jpg.rf.a54359be22f5a77fbfea94297acf8d24.jpg,train,0,1
IMG0000734_jpg.rf.a54f16515600c78b6ece249524539b57.jpg,train,0,1
IMG0000722_jpg.rf.a55fbef7be0af4e523010d476fb59962.jpg,train,0,1
bone-cancer_train_2_864_png.rf.a5ce9a4c734c7d4041be5143e67b3ec6.jpg,train,1,0
humerus_9_png.rf.a5cb1aabc89ac936fb146e3fbbfacaa0.jpg,train,1,0
femur_fibrosarcoma_2_PNG.rf.a593691537c49ef803eac19a6ce43021.jpg,train,1,0
image-no427-normal-_png.rf.a5e17b63c7fcc8b667fd53d9fcb327e0.jpg,train,0,1
IMG0000492_jpg.rf.a5bc2ccbedc0bbc89d0ec12c8d7de2f1.jpg,train,0,1
IMG0000885_jpg.rf.a57d907f05fceeeac14514ece221f959.jpg,train,0,1
IMG_8650_JPG_jpg.rf.a60256ab3d63ab050830936c86a581bb.jpg,train,1,0
41_JPG_jpg.rf.a5b7749ac9cc3ccf25721bb1002c3a5e.jpg,train,1,0
bone-cancer_valid_2_20_png.rf.a60c6b0f77ad1c0fc9d0c5954fb815e0.jpg,train,1,0
IMG0000897_jpg.rf.a638002c430e0b4152fe6de5d0dab6a5.jpg,train,0,1
IMG0000876_jpg.rf.a61a31abd22f943418f12c892f5a1473.jpg,train,0,1
hand_40_png.rf.a5f2bd079f89d848c76a2a160941fd2b.jpg,train,0,1
bone-cancer_train_2_1344_png.rf.a656654b09b10955b58077d9184e0b45.jpg,train,1,0
bone-cancer_valid_2_408_png.rf.a670d9caf5c351c6a920d55774a4eedf.jpg,train,1,0
bone-cancer_train_2_1749_png.rf.a642ff0630268b3eab936798a8eb5578.jpg,train,1,0
IMG0000791_jpg.rf.a6561928fea8e268f5c271dfd21c4bfd.jpg,train,0,1
download-13-_f_png.rf.a61a11bea6d034e42391ea1a2126a979.jpg,train,0,1
image-no257-normal-_png.rf.a65fedd6c21646b00d7491e16be1fdfe.jpg,train,0,1
122_JPG_jpg.rf.a6c73fc5412d937a09a7598ca2e71395.jpg,train,1,0
image-no187-normal-_png.rf.a639de47b4586c16d1eaadc74fbcb2a7.jpg,train,0,1
IMG0000888_jpg.rf.a63d3c5d8c5d80e4eae5d3951bfa8f07.jpg,train,0,1
image-no272-normal-_png.rf.a674582aa4024f96a66ff2b8d0a9d417.jpg,train,0,1
IMG0000828_jpg.rf.a6a334d87f8823c546cac8f9e8b9b3ee.jpg,train,0,1
image-no616-normal-_png.rf.a6950c86f1345bf223141f77298cce59.jpg,train,0,1
IMG0000813_jpg.rf.a681d1807f17e4204c265a8262a3ecb5.jpg,train,0,1
fibula_metastasis_21_png.rf.a6e0373f19f8044e8b0bc6e27b805b3a.jpg,train,1,0
chest_2_1_png.rf.a6e25ab419d5536ce27505b76b47f209.jpg,train,0,1
bone-cancer_test_118_png.rf.a6e4f7d89be6abd2c224c156f7654472.jpg,train,1,0
bone-cancer_train_2_1644_png.rf.a70bb229e5430f3482e58943d59b518e.jpg,train,1,0
bone-cancer_train_2_204_png.rf.a6e9147eb81841fc4f90f1f0d9da406e.jpg,train,1,0
bone-cancer_train_2_745_png.rf.a720014059a995bde6b6b27164d649ef.jpg,train,1,0
IMG0000876_jpg.rf.a7180e15021eca51e9526924ccd7f4fc.jpg,train,0,1
bone-cancer_train_2_1694_png.rf.a72a66fdd99acb6ec4e9f80df00beb12.jpg,train,1,0
IMG0000781_jpg.rf.a738fbd3f82846b613774c3876888ed5.jpg,train,0,1
tibia_ewing_9_PNG.rf.a725236a4f0d51473fc800fddc8d42a6.jpg,train,1,0
IMG_3796_JPG_jpg.rf.a74321ecbfc2d292973db925bbf38cee.jpg,train,1,0
IMG0000672_jpg.rf.a73bb1a3cff2ad635f806720a6b3944d.jpg,train,0,1
tibia_ewing_4_PNG.rf.a7748d04c0f186c800b462fed421fe96.jpg,train,1,0
istockphoto-1464985083-612x612_jpg.rf.a72aee681ea5f92f299495809502277c.jpg,train,0,1
image-no681-normal-_png.rf.a759b33e845a0b74c495b7473a22aa01.jpg,train,0,1
hand_30_png.rf.a776183334668ab058f65821ad56425d.jpg,train,0,1
image-no713-normal-_png.rf.a757cbc9086468810f425304228e3575.jpg,train,0,1
image-no623-normal-_png.rf.a77fd5852245e31bddd82d81d2c69201.jpg,train,0,1
fibula_osteosarcoma_22_PNG.rf.a791408696988a191be64c798fd92f1b.jpg,train,1,0
image-no185-normal-_png.rf.a7ad43bf984b30e5e336247d47766591.jpg,train,0,1
bone-cancer_train_2_99_png.rf.a79c2d48113f9adffe84c470838b9465.jpg,train,1,0
download-11-_png.rf.a7bc5ef8c2fe9f81b037d9d5608d2fae.jpg,train,0,1
image-no352-normal-_png.rf.a79ec00ff91f908b079e81f69198f38b.jpg,train,0,1
IMG0000335_jpg.rf.a7b98161547877425eb59512b05ef677.jpg,train,0,1
bone-cancer_train_2_373_png.rf.a7b37dc41535de762e5df3a69d5caf6c.jpg,train,1,0
bone-cancer_valid_252_png.rf.a7dfd6e147f13f9803b2e338471e24d9.jpg,train,1,0
image-no192-normal-_png.rf.a7d5c8aa73fcec64d88aea763a3c3749.jpg,train,0,1
IMG_4214_JPG_jpg.rf.a7da76cb4db6b3c140e42bee226cfcda.jpg,train,1,0
IMG0000431_jpg.rf.a7a01c60b354e923d4226405b35e471e.jpg,train,0,1
IMG0000406_jpg.rf.a7d42c2e457187bd92dd10f3add45d52.jpg,train,0,1
image-no315-normal-_png.rf.a7c3192bf3550bea8701e50bc07b7422.jpg,train,0,1
IMG0000689_jpg.rf.a78ef51e5416ce577248fd8985354eb4.jpg,train,0,1
fibula_metastasis_13_png.rf.a7e28ffdd76dadb974e7d1e6a4ce5ab7.jpg,train,1,0
IMG0000764_jpg.rf.a7e2e4fed8d3718b93c652467d0eaa1b.jpg,train,0,1
IMG0000689_jpg.rf.a7f1b497ca18a90b61c183ab6ac921ec.jpg,train,0,1
image-no458-normal-_png.rf.a7da3fbf4e898419f602f0b28d2cbc06.jpg,train,0,1
femur_normal_21_PNG.rf.a7efc3476ec6508202558edc54d98ef4.jpg,train,0,1
bone-cancer_valid_2_424_png.rf.a7eb24f9f74c6f0810b075f6446f181d.jpg,train,1,0
istockphoto-474485619-612x612_jpg.rf.a7f9c65e61b5cf26523ac1ac163a126b.jpg,train,0,1
bone-cancer_train_2_1317_png.rf.a7fc6e7d8fb11f6d245a9c8ffb5cb49a.jpg,train,1,0
bone-cancer_valid_2_213_png.rf.a8038dae161eba1349eeac64b19a29e2.jpg,train,1,0
bone-cancer_valid_41_png.rf.a806baf45580ae39551bf12cc50cd1b1.jpg,train,1,0
bone-cancer_train_2_797_png.rf.a807e188daeae6690718155e57d7d88e.jpg,train,1,0
image-no111-normal-_png.rf.a843c6b59ba468b981a858af7f94ce3e.jpg,train,0,1
bone-cancer_valid_2_204_png.rf.a809584821dba2e222448288f6a8f86c.jpg,train,1,0
istockphoto-182817353-612x612_jpg.rf.a814ad8e7ecdacc92d21f96f769ce384.jpg,train,0,1
bone-cancer_valid_2_4_png.rf.a82a03372e559c5022deba8deb1ad94a.jpg,train,1,0
image-no710-normal-_png.rf.a89b916d87d73f2d70276204bc977100.jpg,train,0,1
bone-cancer_valid_53_png.rf.a838d702fc8b99fc83081fede4547e1a.jpg,train,1,0
IMG0000823_jpg.rf.a81f9510193f4994c25fc7ce39192230.jpg,train,0,1
bone-cancer_train_2_876_png.rf.a83661ed962403101b09f0138e0dadb6.jpg,train,1,0
pelvis_05_1_png.rf.a81c40133e66ac1ad0c4a6f490ecae83.jpg,train,0,1
bone-cancer_train_2_759_png.rf.a87be518cc38df22065266f4e3fc6df3.jpg,train,1,0
bone-cancer_valid_320_png.rf.a89989431c682f68a799caaaaabbd968.jpg,train,1,0
IMG0000597_jpg.rf.a87a486ee7dd20420d265a91fab6f07a.jpg,train,0,1
IMG0000774_jpg.rf.a83e19a83084d6b420c33796460455ba.jpg,train,0,1
IMG0000848_jpg.rf.a829ee244f13e93e41b3eb79d7ba49b2.jpg,train,0,1
IMG0000719_jpg.rf.a8d45aa1067b11f1a7805728b2052159.jpg,train,0,1
image-no685-normal-_png.rf.a8a5613c89ba1afdc9f433998e266178.jpg,train,0,1
bone-cancer_train_2_2018_png.rf.a8af475ec2503153a57215414e101724.jpg,train,1,0
bone-cancer_train_2_678_png.rf.a8c84ab90d419f6dc838912be7fe8479.jpg,train,1,0
bone-cancer_train_2_7_png.rf.a8c7525f4371a4d9e75037bf8c11ba4b.jpg,train,1,0
image-no135-normal-_png.rf.a8dab4a092aa285ddeb660701a57949c.jpg,train,0,1
IMG_1620_JPG_jpg.rf.a8b68d00a698dc475728b70364cf3aa3.jpg,train,1,0
IMG_0702_JPG_jpg.rf.a8edfc8c98c33c51848de105a2c80d33.jpg,train,1,0
bone-cancer_train_2_1237_png.rf.a91160e1a30d5f145e6f3d3350184234.jpg,train,1,0
image-no140-normal-_png.rf.a919ed7aac5def66dc7197ef514b744b.jpg,train,0,1
IMG0000506_jpg.rf.a920c341121aa72d797ec6d7a5138966.jpg,train,0,1
knee_11_1_png.rf.a92d096b36a22e52ff412820d6e3fb9c.jpg,train,0,1
148_JPG_jpg.rf.a97e34d9ae842c4a659f1db934323921.jpg,train,1,0
IMG0000876_jpg.rf.a968df0a2ed678e98ba6a6c6efdf6401.jpg,train,0,1
bone-cancer_train_2_2259_png.rf.a95daed9929a38a3cc9c48dc68828fb0.jpg,train,1,0
bone-cancer_train_2_2169_png.rf.a974eedc184071b3e00fdcc233f29798.jpg,train,1,0
IMG0000897_jpg.rf.a99996ba7f1a759c972b7add415eb3f5.jpg,train,0,1
bone-cancer_valid_2_381_png.rf.a9b761f7fe8408fb0f516f35fb8a9bc8.jpg,train,1,0
pelvis_65_1_png.rf.a94fce2aefee075e0f1c8218083beb1e.jpg,train,0,1
bone-cancer_train_2_1524_png.rf.a9c030fb4e9cb1c55309d272d58b87c6.jpg,train,1,0
foot_14_3_png.rf.a976c50788edb206bf31be903e5c71a9.jpg,train,0,1
IMG0000830_jpg.rf.a97ff78462026f73f75dcfc67de925d1.jpg,train,0,1
image-no196-normal-_png.rf.a934d9df44585e27af25b04c4d4af825.jpg,train,0,1
image-no727-normal-_png.rf.a93f1ba1e8955d6fe871f03b8d9d67f4.jpg,train,0,1
image-no244-normal-_png.rf.a95c23059aca3ae3049a0c0ec050a8f8.jpg,train,0,1
image-no600-normal-_png.rf.a946e14052e85297cb3ad01683a61c92.jpg,train,0,1
bone-cancer_train_2_773_png.rf.a97e0b7f9b99dff8fd68b26c0bfd48fc.jpg,train,1,0
IMG0000346_jpg.rf.a97a5fa0e8add5d5185ed8c81b0254d6.jpg,train,0,1
image-no36-normal-_png.rf.a996569cfd0ea6dcbc252e53b0f0fd2a.jpg,train,0,1
tf_png.rf.a9f2a37fb0227a14ebbf0610009e46b0.jpg,train,0,1
IMG0000794_jpg.rf.a9e202e58a4036a7b5a2aad7f3604026.jpg,train,0,1
IMG0000331_jpg.rf.a9388c429beb776ed072da527bc4491c.jpg,train,0,1
bone-cancer_train_2_2036_png.rf.a9ffbfce7e884d5c7c4c44171af09870.jpg,train,1,0
IMG0000820_jpg.rf.aa09012e73c79ccda2db6674510f43cf.jpg,train,0,1
IMG_6519_JPG_jpg.rf.aa49ece967da85d07736f325ba8cf999.jpg,train,1,0
IMG0000848_jpg.rf.aa7e12e0474beed8190e5aa2690a6a6c.jpg,train,0,1
image-no101-normal-_png.rf.aa889fce571e9f4bc0bfb5e6d69090d3.jpg,train,0,1
bone-cancer_train_2_1571_png.rf.aab5ec84d18f38d186b50fe31cfb4135.jpg,train,1,0
bone-cancer_train_2_2132_png.rf.aaa56385b864027cba24028aa5fd2213.jpg,train,1,0
IMG0000358_jpg.rf.aa673197cd098fbc83e8fed830cff4b9.jpg,train,0,1
bone-cancer_valid_391_png.rf.aaa7121f878df178ce0d524d04d9a918.jpg,train,1,0
bone-cancer_valid_2_229_png.rf.aad7fc5b07679c7f400172f528717851.jpg,train,1,0
bone-cancer_train_2_149_png.rf.aad70a2c516551986968334869ed9950.jpg,train,1,0
femur_normal_19_PNG.rf.aacfde6a75c7c95be46d57ba3976ff2b.jpg,train,0,1
bone-cancer_valid_205_png.rf.aac6fe14d3339a4986e7c6d2764264c8.jpg,train,1,0
IMG0000689_jpg.rf.ab0e433795d279021d0f0392af7efe29.jpg,train,0,1
forearm_4_1_png.rf.aaa21825889ac75b09cdc04096b668e0.jpg,train,0,1
tf_14_2_png.rf.aaf9843081b993e5afefdcf690c2d0e4.jpg,train,0,1
bone-cancer_valid_2_11_png.rf.aad494dfc3906fdb5181070192e6ed89.jpg,train,1,0
IMG_9390_JPG_jpg.rf.ab0f9cc74ef130e3c066f3ddf72fac3b.jpg,train,1,0
IMG0000674_jpg.rf.ab2e70bfb325ff73eeaa213e97cb7519.jpg,train,0,1
IMG0000473_jpg.rf.aac12b1d7db57e36028d706836ac39a7.jpg,train,0,1
ankle_12_2_png.rf.ab1adac0bed8cab68ababbee9cc79bab.jpg,train,0,1
bone-cancer_train_2_892_png.rf.ab3a2990a1b3fe1ee6235aeff317943d.jpg,train,1,0
IMG0000768_jpg.rf.ab2ff7ce0655a276474e31debcd17fce.jpg,train,0,1
pelvis_female_1_png.rf.ab522170e87a317a4e9852b2d66da365.jpg,train,0,1
bone-cancer_train_2_2152_png.rf.ab50bdfd60612da0c5e0567475a42f84.jpg,train,1,0
image-no106-normal-_png.rf.abcd6bd28e92f994fadaf8a1e5001e74.jpg,train,0,1
bone-cancer_test_9_png.rf.ab88f96a3db180674266b720628db3ff.jpg,train,1,0
image-no5-normal-_png.rf.ab76ab0cbd0433fe2b128d400553acb2.jpg,train,0,1
IMG0000548_jpg.rf.ab83771b89582f339685127018bbe850.jpg,train,0,1
forearm_4_1_png.rf.ab6994d84a872a6239d9c1eb90ad6213.jpg,train,0,1
bone-cancer_train_2_190_png.rf.aba648baacc06f483ea53d1c67a6f998.jpg,train,1,0
IMG0000263_jpg.rf.ab76930f6dc2fe3cddd48afb9431106a.jpg,train,0,1
fibula_ewing_7_png.rf.ab3a706b461e5552d8fe7ec92dd4009b.jpg,train,1,0
image-no118-normal-_png.rf.ab675c4dc4435dde1d15989042412150.jpg,train,0,1
image-no151-normal-_png.rf.abc762a987e013003e0383edb4eb7de6.jpg,train,0,1
bone-cancer_test_87_png.rf.ab8c5fba6ae742f751981b1b65b3d82a.jpg,train,1,0
bone-cancer_train_2_1930_png.rf.aba7d4e54a2fc6511ade76cbaa291a4b.jpg,train,1,0
IMG0000597_jpg.rf.abd1f51dc0d846cf9aecc79d13fc18be.jpg,train,0,1
bone-cancer_train_2_2392_png.rf.abe1f06f0e98c6df88a894acaa76ecf1.jpg,train,1,0
bone-cancer_train_2_832_png.rf.abde43b3af05b41934320038ae6c598b.jpg,train,1,0
IMG0000329_jpg.rf.ac07578de5c3705b0d964036e0efc55b.jpg,train,0,1
bone-cancer_valid_125_png.rf.ac0451fa8d463f655b06e4d136eac46f.jpg,train,1,0
tibia_other_22_PNG.rf.ac8920446906f72a0afae91fbad11ee8.jpg,train,1,0
bone-cancer_valid_2_251_png.rf.ac4204a70dfff63f58dc09ef3c6a4d8b.jpg,train,1,0
IMG0000448_jpg.rf.ac71448114f12ff14223217d6942b63e.jpg,train,0,1
IMG0000332_jpg.rf.ac8270eb07c8016955fb6c0e7d2ae4a9.jpg,train,0,1
IMG0000828_jpg.rf.ac436a8b162c9de24511f2a736648335.jpg,train,0,1
image-no171-normal-_png.rf.ac2c2d31f2556760044fac3a043b9e10.jpg,train,0,1
IMG0000346_jpg.rf.ac77a52230c265882fc5a835829bef45.jpg,train,0,1
IMG0000537_jpg.rf.ac8821566b3a7145b4a94a129ec0f1d8.jpg,train,0,1
bone-cancer_train_2_1063_png.rf.ac92a212004f10c39d91862b78ba619c.jpg,train,1,0
IMG0000509_jpg.rf.acae46f83ce27f566cc24139298a273d.jpg,train,0,1
IMG0000465_jpg.rf.acb14b755aa334436611c3fa34daa3cc.jpg,train,0,1
hand_57_png.rf.acb3dfbef23868b812080226d73a11a1.jpg,train,0,1
forearm_11_2_png.rf.acccf13d5f7a705a8548193056f0b258.jpg,train,0,1
image-no313-normal-_png.rf.acd7a86e5d4836dcc052d487b5ee366c.jpg,train,0,1
image-no99-normal-_png.rf.acccb95e363e9529172802ba0edccc55.jpg,train,0,1
humerus_05_1_png.rf.ace16575e29fc518378034697b7b0d61.jpg,train,0,1
bone-cancer_valid_2_442_png.rf.acecd3afbcc8c90e2d7977a74032e436.jpg,train,1,0
IMG0000688_jpg.rf.ace46233eec1fea100dc135655e1f872.jpg,train,0,1
image-no451-normal-_png.rf.ad6f0aa845505982bb6d70157a383ce4.jpg,train,0,1
image-no83-normal-_png.rf.ad48d04ca7f179b502bc5bdda973a694.jpg,train,0,1
200_JPG_jpg.rf.ad4e9583c33b85d5cb1cb9f20a910396.jpg,train,1,0
bone-cancer_test_21_png.rf.ace289e6b7e5efe55594fc7b98407057.jpg,train,1,0
IMG0000774_jpg.rf.adc1104785204f546f11cd33efa7e38d.jpg,train,0,1
IMG0000862_jpg.rf.acee469dd91c7e140b1c5a6fac711271.jpg,train,0,1
IMG0000590_jpg.rf.ad94692fea7757d10dd9580efcd86055.jpg,train,0,1
bone-cancer_valid_27_png.rf.ada92307a64f2d20e9a81ddefef3eb15.jpg,train,1,0
bone-cancer_train_2_1222_png.rf.adee49119e34bd121782ced21da788b0.jpg,train,1,0
IMG_0822_JPG_jpg.rf.adc691cb5a2f83552e889e52e048a215.jpg,train,1,0
foot_33_png.rf.adf0be1bef4add52ad6b090976d4338a.jpg,train,1,0
IMG0000722_jpg.rf.ae105ba5ec43ecbb43a1c7044957d985.jpg,train,0,1
IMG_2223_JPG_jpg.rf.ae2cc1cb7bf5d8ba6070fbdf4b6d3257.jpg,train,1,0
IMG0000713_jpg.rf.ae0c32991498b84f9a6370702cddd50c.jpg,train,0,1
image-no7-normal-_png.rf.ae317212b030a57fda6d28049b1d6bbf.jpg,train,0,1
bone-cancer_valid_2_75_png.rf.ae1697599fcca1c12842041870a9553f.jpg,train,1,0
chest_25-year-old-female_png.rf.ae69618ad4042df0741ee7df53a00feb.jpg,train,0,1
IMG0000459_jpg.rf.ae5705b27f3f35def011e8da09dc56b3.jpg,train,0,1
bone-cancer_valid_253_png.rf.ae5431a6ae913f591bdc727ea546dfa4.jpg,train,1,0
IMG_7639_JPG_jpg.rf.ae86bed425458d8b250f725d25a6c08d.jpg,train,1,0
bone-cancer_train_2_228_png.rf.ae7bf99f68852e6ffef770bc9e2e3d75.jpg,train,1,0
pelvis_11_1_png.rf.ae33225a4529e47de6d7f0423a9480dc.jpg,train,0,1
image-no227-normal-_png.rf.ae7a1bc11d6c937bb882ad39828bd012.jpg,train,0,1
IMG0000332_jpg.rf.ae62a42a89267dfedc7fe60c0a8f6d2b.jpg,train,0,1
image-no481-normal-_png.rf.ae86a6302f362a57469fe9431b44b4b6.jpg,train,0,1
image-no460-normal-_png.rf.ae8dff56fd10e412143a337eef85e266.jpg,train,0,1
bone-cancer_train_2_1185_png.rf.ae76035f68d6b0b9b975dbe5e6ebfeff.jpg,train,1,0
image-no379-normal-_png.rf.ae72eff1ed31edf8f033e7426ad71012.jpg,train,0,1
image-no193-normal-_png.rf.aea2b602f2ae311af3881696eae8f9bd.jpg,train,0,1
image-no328-normal-_png.rf.ae5930540fb0635e1734b28349c1b26d.jpg,train,0,1
image-no562-normal-_png.rf.ae963095068853b38c1fe28de1ef7748.jpg,train,0,1
elbow_15_2_png.rf.aec2e6ee212754de6ee2b2d5b0faee63.jpg,train,0,1
hand_15_1_png.rf.aea73dcb788b10264567373911622140.jpg,train,0,1
bone-cancer_train_2_410_png.rf.aeda0086fc9105d259b8dcfc090bf459.jpg,train,1,0
IMG0000656_jpg.rf.aeac29f410c107336a9d5eaa33b2523d.jpg,train,0,1
110_JPG_jpg.rf.aedb974c0597a31eaf08e7ea867d60d7.jpg,train,1,0
bone-cancer_valid_44_png.rf.aee30f4abd3a07f1f099e18b7c60fc90.jpg,train,1,0
bone-cancer_valid_2_254_png.rf.af0af9c4f25a10851412e1f782cd4026.jpg,train,1,0
image-no638-normal-_png.rf.af0c3995c7857b0f29d9a6b426794a54.jpg,train,0,1
image-no292-normal-_png.rf.af1b99e3a2d5347e8218b4120ed12145.jpg,train,0,1
IMG0000591_jpg.rf.af79c419765279689997877305625ab0.jpg,train,0,1
IMG_6520_JPG_jpg.rf.af561db235f9ded57c011c1f97e2e5a7.jpg,train,1,0
IMG_1410_JPG_jpg.rf.af427c193c45278ed7da559d550832db.jpg,train,1,0
IMG_9500_JPG_jpg.rf.af274f425342a32bcbf95033a26bfe24.jpg,train,1,0
image-no603-normal-_png.rf.af5bcf2689911ce8aa5c3c2d7a24f5a9.jpg,train,0,1
ulna_ewing_1_png.rf.af723792a66a60dcb71c240a1d94e989.jpg,train,1,0
bone-cancer_train_2_1660_png.rf.af5715e8ce9da2e21ec2c2480615b263.jpg,train,1,0
IMG0000572_jpg.rf.af553a2c9b1cb9453ffee4f5e49350c7.jpg,train,0,1
bone-cancer_train_2_2433_png.rf.af4dcafd6f16aa63a619a96ebef64d2e.jpg,train,1,0
IMG0000260_jpg.rf.af7975e84e089fdbb8e21a1a1694974a.jpg,train,0,1
tf_15_1_png.rf.af94bd29f2243a0c2b4d9f30329632ca.jpg,train,0,1
bone-cancer_test_10_png.rf.afa018673b1bc32e673d9e2c8865bf8a.jpg,train,1,0
bone-cancer_valid_170_png.rf.afa04b7c7f0629cac87689dab340ac96.jpg,train,1,0
IMG0000403_jpg.rf.af8023ca2889077de12baa2f891512dc.jpg,train,0,1
image-no59-normal-_png.rf.af796bc7863705ee97a22e78c72e8397.jpg,train,0,1
bone-cancer_train_2_863_png.rf.afc22afc5f06f9ddea89c63210c96727.jpg,train,1,0
IMG0000686_jpg.rf.b0391d2696308d7c08f647b9ffadeea6.jpg,train,0,1
tibia_chondrosarcoma_4_PNG.rf.afd0720a3f5e05c2c2ce99623864eab0.jpg,train,1,0
bone-cancer_train_2_1579_png.rf.afc9b040333e0ba886ab448cc7241bc9.jpg,train,1,0
image-no571-normal-_png.rf.b02d5799bd956b716812885e2b68fd80.jpg,train,0,1
bone-cancer_train_2_961_png.rf.b069eaade79d03a6841a1de348154f4d.jpg,train,1,0
humerus_47_png.rf.b035e9afd1d73905b398651cafd06fa9.jpg,train,1,0
bone-cancer_valid_108_png.rf.afd1720291898067e49669729cd5ca9a.jpg,train,1,0
IMG0000892_jpg.rf.b0526390e9ce84067a97aac09c703538.jpg,train,0,1
forearm_11_1_png.rf.b060056932bb14395d2a33523d972974.jpg,train,0,1
download-26-_png.rf.b091225763f6ff88bce38c1cea69033f.jpg,train,0,1
IMG_2123_JPG_jpg.rf.b037039c54c8968756b3c4605e056be9.jpg,train,1,0
bone-cancer_train_2_1956_png.rf.afe03af623c44f49d9957a50f1bb8a8f.jpg,train,1,0
IMG_0129_JPG_jpg.rf.b0a0c1e86f39e48a932fd3ed019f2ebd.jpg,train,1,0
elbow_7_1_png.rf.b0aaf6a08c63d56e716a5dfb1a3882b8.jpg,train,0,1
IMG0000597_jpg.rf.b0b5135d0907f34937744c93375d6dda.jpg,train,0,1
image-no487-normal-_png.rf.b09ca444ec2ae6b2b9eac17aba7673aa.jpg,train,0,1
tf_3_2_png.rf.b14513b8934332e2eb962cc537e17693.jpg,train,0,1
IMG0000738_jpg.rf.b0d53fbc7a25f42e699bfaacb86d0bde.jpg,train,0,1
chest_3_1_png.rf.b0c2595bd6891a35f06593c2fd28bf09.jpg,train,0,1
tibia_other_4_PNG.rf.b0fa059bdb886aa6987510e1ba6c2826.jpg,train,1,0
image-no652-normal-_png.rf.b15d8c8877f44c7dccad49b92ddced3f.jpg,train,0,1
IMG0000626_jpg.rf.b0e6d32903884f8f85c493e4019072ac.jpg,train,0,1
fibula_ewing_14_png.rf.b0eaa9c188582bf094a169a665edfc11.jpg,train,1,0
IMG0000448_jpg.rf.b158d406d36df9ccb72f2ce2ab81ce93.jpg,train,0,1
IMG0000342_jpg.rf.b161a2a9a6c51dd806aa77d686e3a9f0.jpg,train,0,1
IMG_3985-2-_JPG_jpg.rf.b12b886d3a2cc12795e69af8bf8c3aca.jpg,train,1,0
IMG0000473_jpg.rf.b1048ea0e0e2f06ecfa703a2e1ae27b8.jpg,train,0,1
humerus_30_png.rf.b112b224645318deabc8f315af317482.jpg,train,1,0
4_JPG_jpg.rf.b16291e6ef6c73f41b53a96ca167fc16.jpg,train,1,0
bone-cancer_valid_2_326_png.rf.b189ffbbe6fc6a28b1e3bf9f04ddb379.jpg,train,1,0
bone-cancer_valid_2_80_png.rf.b19b9a17af3d216634b7499a75f6aab7.jpg,train,1,0
IMG0000617_jpg.rf.b172cd699b7fe3553edbf30b9ea6616f.jpg,train,0,1
IMG0000700_jpg.rf.b1b928538858e60c2f5a6d74dda80f20.jpg,train,0,1
image-no265-normal-_png.rf.b192b9084eb890d27ae33eb8a71409bb.jpg,train,0,1
foot_73_png.rf.b1bc51702084aa20ceb9176df2c45803.jpg,train,1,0
tibia_osteosarcoma_15_PNG.rf.b210587bb74ac4e19886a723853760e9.jpg,train,1,0
tf_7_1_png.rf.b1def91c0a8f46810fe2aae242a95227.jpg,train,0,1
IMG0000712_jpg.rf.b211fc365800195c51cd384956440ed2.jpg,train,0,1
hand_5_2_png.rf.b173b9132aaca716a1efa3c817f31c4c.jpg,train,0,1
bone-cancer_valid_2_92_png.rf.b215a149b516186cb38a0a8ce5b487d8.jpg,train,1,0
bone-cancer_train_2_2217_png.rf.b1bc55af7df84954dd2776a361f86353.jpg,train,1,0
94_JPG_jpg.rf.b21c2688d4b634da7528194a0e6d0364.jpg,train,1,0
image-no23-normal-_png.rf.b219594c880d7cb897d9c2b13035db0c.jpg,train,0,1
bone-cancer_valid_2_313_png.rf.b196ac915aa6ce6b9eb5c4881a8124e3.jpg,train,1,0
IMG0000292_jpg.rf.b27a3d7a9b7430542c75af354844a2ed.jpg,train,0,1
bone-cancer_valid_2_328_png.rf.b26e341563be81cd9af114f070dc3518.jpg,train,1,0
image-no543-normal-_png.rf.b280e956fd959cd8b9c4e8ac5ce50415.jpg,train,0,1
bone-cancer_valid_2_299_png.rf.b264b3b325c63050b55500deb012c641.jpg,train,1,0
bone-cancer_valid_378_png.rf.b28f2cdad1255690671a0c1bac95b3ca.jpg,train,1,0
IMG0000688_jpg.rf.b29df48b2f42518dee06627394d08303.jpg,train,0,1
bone-cancer_train_2_2318_png.rf.b2a9b79c74628be729deb09911636cae.jpg,train,1,0
bone-cancer_train_2_1527_png.rf.b2c4d133f02134e938daef60f59142ca.jpg,train,1,0
image-no659-normal-_png.rf.b29459c4f6880cb1eeee67152049f31e.jpg,train,0,1
hand_osteosarcoma_16_png.rf.b2f9166d56f1bd726467e763015b6e8c.jpg,train,1,0
bone-cancer_train_2_1973_png.rf.b332bdbac53bc9013b013ef263b07762.jpg,train,1,0
bone-cancer_test_130_png.rf.b2ddf012357f4518e14963c7c4c29c7a.jpg,train,1,0
pelvis_metastasis_9_png.rf.b2d37a480fe32a1a2e1346cd4dfe6a99.jpg,train,1,0
192_JPG_jpg.rf.b304f2b0ee63b918e387a4dfb4a16ae9.jpg,train,1,0
image-no600-normal-_png.rf.b2e64a45de20354b6af82fe12180be5b.jpg,train,0,1
bone-cancer_valid_48_png.rf.b30593e2fea9cd4c42bae5cc4e8ca036.jpg,train,1,0
humerus_44_png.rf.b31a2fa125ca2cbe6b8ca49943251676.jpg,train,1,0
IMG0000607_jpg.rf.b345520125cd7e05ab822325c863b146.jpg,train,0,1
femur_normal_16_PNG.rf.b358a473bef404ad861c37ee0ecf57ae.jpg,train,0,1
bone-cancer_test_167_png.rf.b3675b5d2009d4a7177a1aa84e06290b.jpg,train,1,0
bone-cancer_train_2_1993_png.rf.b35d4a315e46d098715ace173661b777.jpg,train,1,0
image-no169-normal-_png.rf.b33654a43083e795c6a2de61e69e813b.jpg,train,0,1
image-no371-normal-_png.rf.b358db6abf5bc22809b72f04636e6a25.jpg,train,0,1
bone-cancer_train_2_2126_png.rf.b3981dc34e6373cef6ade1966b6478d3.jpg,train,1,0
bone-cancer_train_2_1300_png.rf.b335f143ca405b5202de5239127fd4c8.jpg,train,1,0
IMG0000741_jpg.rf.b37042d646e0713c04643ac0278ccaa2.jpg,train,0,1
hand_21_png.rf.b383a6108266ec1eaf1c456006703cbf.jpg,train,0,1
IMG0000672_jpg.rf.b3a67ba1ef409ab07a74516413da5ba4.jpg,train,0,1
fibula_metastasis_23_png.rf.b3afa14073966ce00fc4264f8af5bcdc.jpg,train,1,0
IMG0000287_jpg.rf.b3a150d4936da19ae135b316587940c2.jpg,train,0,1
image-no90-normal-_png.rf.b3be4b938e9049c4c03efe71fc67e677.jpg,train,0,1
IMG0000672_jpg.rf.b424d242ff8690774552a498728288f4.jpg,train,0,1
tf_12_png.rf.b405de9645ac8cc83b270ae32533feb5.jpg,train,0,1
image-no14-normal-_png.rf.b4405af851f354d753be86f6559deee1.jpg,train,0,1
bone-cancer_train_2_97_png.rf.b43930e940b6aaa8a7fa60c123fe9349.jpg,train,1,0
IMG0000713_jpg.rf.b4146fa7ad4faef1d244f852697d0445.jpg,train,0,1
bone-cancer_train_2_1373_png.rf.b43593876f3329c3d25caee2156e73af.jpg,train,1,0
IMG0000667_jpg.rf.b3dcb99541e30d550347798b3ae2bbad.jpg,train,0,1
IMG0000335_jpg.rf.b4184ac1652cbb97cece518911b83891.jpg,train,0,1
new4_r-5-_jpg.rf.b4464ecda024b338f17d21e1457a6f18.jpg,train,0,1
IMG0000627_jpg.rf.b3957cc485766e3cc8e9cc29ffdb621f.jpg,train,0,1
image-no377-normal-_png.rf.b3c0c96a0f3531f0b53a40d891fa9be9.jpg,train,0,1
forearm_2_2_png.rf.b480c9a220e497cb7dcadfc64098ad28.jpg,train,0,1
image-no102-normal-_png.rf.b456322c87a26de9305ce7c2c09abd72.jpg,train,0,1
IMG0000890_jpg.rf.b463ddf7c9f7cf4e1dbfd875b3e57c2f.jpg,train,0,1
image-no612-normal-_png.rf.b462e96fb1e0c2ce233db591d87b0589.jpg,train,0,1
IMG0000814_jpg.rf.b48c5c3ef80f733b20329c785672e65a.jpg,train,0,1
cervical-spine_19_png.rf.b44d1c468f162655c1e8fa8d558f5ea1.jpg,train,1,0
bone-cancer_train_2_979_png.rf.b496874a03c00d627c21d00e18f8ab32.jpg,train,1,0
IMG0000736_jpg.rf.b4e3a282495b631fae596c77d2d1cbab.jpg,train,0,1
image-no289-normal-_png.rf.b4e5509f9e3c6a0650af1384fc062e91.jpg,train,0,1
bone-cancer_test_54_png.rf.b49b8fdad45cc6c27d69010f6d91c10d.jpg,train,1,0
image-no442-normal-_png.rf.b4f87378157f055a3ae76ab548a418c9.jpg,train,0,1
IMG0000388_jpg.rf.b4efa5f1081d9cb9afb1be1fe2e5ae03.jpg,train,0,1
bone-cancer_valid_278_png.rf.b50415491ada02dbab8b09f4059bd7e2.jpg,train,1,0
hand_53_png.rf.b4d7c45abea77476f3015102233ca96c.jpg,train,0,1
image-no314-normal-_png.rf.b5031d1717a679965989a55da85e961f.jpg,train,0,1
image-no100-normal-_png.rf.b504517dd374855953b75e5a8c0bb416.jpg,train,0,1
image-no169-normal-_png.rf.b50bf801af28ae696d75987ee7018cda.jpg,train,0,1
pelvis_osteosarcoma_19_png.rf.b510c9bb21a93cdc0dac2eb1b908de85.jpg,train,1,0
image-no144-normal-_png.rf.b51f210c018fc0a2e4e14997b9604c0d.jpg,train,0,1
IMG0000862_jpg.rf.b55136c9cc269967263e65edae4acd2e.jpg,train,0,1
IMG_4214_JPG_jpg.rf.b56bafd4adb1db5179cf4f3a1d261c07.jpg,train,1,0
IMG0000784_jpg.rf.b55541ac997cfde1daa9a045ce865b17.jpg,train,0,1
pelvis_osteosarcoma_16_png.rf.b5470f4018f7b3feb861e76b48c9f1f1.jpg,train,1,0
bone-cancer_train_2_2305_png.rf.b5635c15030b03e1ed33a49fa8c0822f.jpg,train,1,0
IMG_5375_JPG_jpg.rf.b551a438c102694d297642536321d70f.jpg,train,1,0
bone-cancer_valid_2_375_png.rf.b57434cfa1f1fdaf53666c5c3643d9f4.jpg,train,1,0
IMG0000497_jpg.rf.b570b7caefe4ea9397696144a4b6ab33.jpg,train,0,1
IMG_0820_JPG_jpg.rf.b5adf32ef11fc197896223adb855dfe4.jpg,train,1,0
IMG0000815_jpg.rf.b5a01725d9baf39db630443f3a746066.jpg,train,0,1
bone-cancer_valid_2_72_png.rf.b55b3855d3dafc077be84a493391344d.jpg,train,1,0
IMG0000597_jpg.rf.b584e99bc3295ebff0f97e31a59e8998.jpg,train,0,1
image-no690-normal-_png.rf.b57e2bf9b1c01a29efdd76e069d42487.jpg,train,0,1
bone-cancer_train_2_2067_png.rf.b58cfa45ca5a87e496121bd568ec9096.jpg,train,1,0
bone-cancer_train_2_885_png.rf.b5d02a984b6dde9ce6d55e570d3c9264.jpg,train,1,0
137_JPG_jpg.rf.b5adf4df34d8f170e6c87c771532f0f2.jpg,train,1,0
79_JPG_jpg.rf.b5e7ef175eeef121cb4657d412a409b4.jpg,train,1,0
IMG0000765_jpg.rf.b52e9949cc68f10a63a871d9a8164a2a.jpg,train,0,1
image-no320-normal-_png.rf.b59b085a374b601cb90d60b79dba914c.jpg,train,0,1
IMG0000511_jpg.rf.b5e3899896c94510fbffd77d7f7b9003.jpg,train,0,1
tibia_osteosarcoma_24_PNG.rf.b5b96cbfc5a047c677539c1bb8c1f7ba.jpg,train,1,0
IMG_0090_jpg.rf.b5d552151162258bc300bab0ff2bb5e2.jpg,train,1,0
femur_2_1_png.rf.b5d99d7a18a206abeb8fc652ac46c6b3.jpg,train,0,1
IMG0000332_jpg.rf.b5fab820361621760389375d9f34b96a.jpg,train,0,1
image-no324-normal-_png.rf.b6094773bc01e95774f7b6a8a012f4f1.jpg,train,0,1
bone-cancer_train_2_472_png.rf.b5f6882eb1bada48a6de582822f201a5.jpg,train,1,0
IMG0000741_jpg.rf.b5f5b699e2f20188e6d4cac39634f236.jpg,train,0,1
IMG0000886_jpg.rf.b649ae5f6aa802e0a0e5e1969ff95218.jpg,train,0,1
fibula_metastasis_3_png.rf.b61ee50c755cf9e751039702282b8c30.jpg,train,1,0
IMG0000814_jpg.rf.b6b0473d2cddce173f24d4e1b7a11608.jpg,train,0,1
istockphoto-1840233492-612x612_jpg.rf.b6338ce60c7f13dd75a3cd4ff6ca4d79.jpg,train,0,1
bone-cancer_test_183_png.rf.b6314bdd82110dc2e00670e1ff006a69.jpg,train,1,0
IMG0000448_jpg.rf.b68d447cceb6b9b52d83cb9d2d5bfe17.jpg,train,0,1
image-no569-normal-_png.rf.b661dd8528f1716a8b0fdd639815093e.jpg,train,0,1
IMG0000790_jpg.rf.b6271d505f58e6fa0163bd033fa7edea.jpg,train,0,1
IMG0000542_jpg.rf.b61cb713e6227b8b327cde22247eaed4.jpg,train,0,1
bone-cancer_valid_54_png.rf.b69da9510dc830179782b437b377497a.jpg,train,1,0
IMG0000772_jpg.rf.b6bfb40e47fc67f4c7ad4c5228a1c17c.jpg,train,0,1
bone-cancer_train_2_805_png.rf.b677a629eea25afad87d9e4c4a2e1ade.jpg,train,1,0
IMG0000460_jpg.rf.b66dde25db1b6ad0b3c9cd13f5b7a121.jpg,train,0,1
IMG_1410_JPG_jpg.rf.b6fac636b345907f53f055bc094c5b0b.jpg,train,1,0
bone-cancer_train_2_1559_png.rf.b6f5277d2d37d459cd4129ad1109f8ec.jpg,train,1,0
bone-cancer_train_2_1898_png.rf.b6ad8808e130e8a424f029f261fb872f.jpg,train,1,0
bone-cancer_test_139_png.rf.b6bae08846ab6c68f44c9b098a53b28a.jpg,train,1,0
bone-cancer_train_2_2062_png.rf.b6d3e2510b5e5d3b32d004ccfa5ea918.jpg,train,1,0
image-no190-normal-_png.rf.b72d1d04dd2712cad458fba4f5f8f404.jpg,train,0,1
IMG_9391_JPG_jpg.rf.b728b895e69ec87b63cce4cada400bf3.jpg,train,1,0
bone-cancer_train_2_2325_png.rf.b749720cf7ead5069161d6d01b7f018d.jpg,train,1,0
chest_5_2_png.rf.b74eb2d381e13e83446b98248528514d.jpg,train,0,1
n3_png.rf.b76330c38045ffdae1bc77550c9d7b87.jpg,train,0,1
bone-cancer_train_2_457_png.rf.b7672ebb868fa10422a7c1cc0b8da3a0.jpg,train,1,0
image-no628-normal-_png.rf.b76cc27704660cb694d03185bd74e534.jpg,train,0,1
IMG0000289_jpg.rf.b79d8d96f56a96616313672e976e8e4e.jpg,train,0,1
hand_7_2_png.rf.b772955e6dc02604d4354a67955254b4.jpg,train,0,1
bone-cancer_train_2_466_png.rf.b7b3bb940dfd817c537282951b2ff4dd.jpg,train,1,0
foot_61_png.rf.b7a34841147945ffd3456f74f3b1084b.jpg,train,1,0
download-28-_png.rf.b7796491eef5abccf5dd2c4fbf384f8a.jpg,train,0,1
bone-cancer_train_2_2484_png.rf.b7c96403ff889c87c272ce00196a9cce.jpg,train,1,0
image-no138-normal-_png.rf.b776b3d269f7e4b6844d5a9792d82ac7.jpg,train,0,1
188_JPG_jpg.rf.b7a92068dbfd9ba209c78b639aac3431.jpg,train,1,0
hand_4_1_png.rf.b81c1398a2c20a8811414f7bd9826148.jpg,train,0,1
tibia_chondrosarcoma_6_PNG.rf.b8101a60ce907d47531f1cac8f263b36.jpg,train,1,0
image-no703-normal-_png.rf.b81619f6ba21808c05192cf4bfa1165d.jpg,train,0,1
bone-cancer_valid_2_219_png.rf.b7afcaf6082becd52a38a2d4fe3d666a.jpg,train,1,0
bone-cancer_test_83_png.rf.b81200624e519d636ff86f0a155a925e.jpg,train,1,0
IMG0000753_jpg.rf.b8064a8cc4ea5c89d3fd54c0b21984fa.jpg,train,0,1
bone-cancer_valid_249_png.rf.b836bc579bf1eb14838bc29c8b085030.jpg,train,1,0
bone-cancer_train_2_591_png.rf.b8afb10c4c18cc00e81b5bd85d34a5bd.jpg,train,1,0
pelvis_13_2_png.rf.b859c2954687808459f4c4b6e23955a5.jpg,train,0,1
foot_15_2_png.rf.b8993748d134b38af1f98fcd5ef82b77.jpg,train,0,1
bone-cancer_valid_2_104_png.rf.b85f597bf99253d7a8dd85965a2836eb.jpg,train,1,0
image-no443-normal-_png.rf.b8d2393a06bc7f7afad821e260c58df0.jpg,train,0,1
IMG_0748_JPG_jpg.rf.b8c2f70d8e900a84790c4d916e39a39b.jpg,train,1,0
foot_83_png.rf.b8d5dfb9108e592eff65c64906e6fc9c.jpg,train,1,0
elbow_10_1_png.rf.b8a1a8f109197fe947214b03d0630c3f.jpg,train,0,1
foot_85_png.rf.b8e97c8ea0d7617c507ab768ff32e407.jpg,train,1,0
cervical-spine_27_png.rf.b8d1c55cb8e43e4aab87336a6089e03f.jpg,train,1,0
bone-cancer_train_2_1929_png.rf.b8b7774a429f650f16bac5204954ac4b.jpg,train,1,0
bone-cancer_train_2_1428_png.rf.b8f9c0da13b4db3061c14b4edeaf1286.jpg,train,1,0
bone-cancer_train_2_1690_png.rf.b8e4ad282bdbb54fdba72bf718b80432.jpg,train,1,0
IMG0000331_jpg.rf.b911bed9ba81f9ec66e5aabe76dd6cd6.jpg,train,0,1
tibia_chondrosarcoma_10_PNG.rf.b8e74ca0fd61b6ca818fa0e19f2bba81.jpg,train,1,0
IMG_7984_JPG_jpg.rf.b8fb896f469df49b7182d9205840f655.jpg,train,1,0
bone-cancer_valid_2_102_png.rf.b8f953ed894270c1dbfb6b4ab6bc31ff.jpg,train,1,0
IMG_4089_JPG_jpg.rf.b91c766f936d8a492d18716b813ed59f.jpg,train,1,0
IMG0000891_jpg.rf.b91c2504630386774229063fb9990417.jpg,train,0,1
IMG0000398_jpg.rf.b9258be3a76a92a0dd6b1f5909fdbdb7.jpg,train,0,1
bone-cancer_train_2_2246_png.rf.b92a6f0811059324d17122ef167019b8.jpg,train,1,0
chest_1_1_png.rf.b93a21ce9cac68a8feb527b8fae86722.jpg,train,0,1
bone-cancer_valid_2_65_png.rf.b97a343c21e2e201c814d0645215b2c7.jpg,train,1,0
IMG_5375_JPG_jpg.rf.b9b23ec196dd9a982ec259dc5f97797b.jpg,train,1,0
bone-cancer_train_2_2350_png.rf.b92856749f6eea674d38dfe45912a7ed.jpg,train,1,0
tf_5_1_png.rf.b9794456bd38b8855d19f2705366aa13.jpg,train,0,1
IMG0000827_jpg.rf.b9c56ca30871e3b6fb9309501cec4508.jpg,train,0,1
bone-cancer_train_2_1412_png.rf.b9d0529a5de91650f8fe0c39a7abb189.jpg,train,1,0
image-no164-normal-_png.rf.ba1141ca176eadc00ead16306ed4d3c4.jpg,train,0,1
pelvis_55_female_3_png.rf.b92e409e1ff266d090724154fa3ae4e0.jpg,train,0,1
IMG0000509_jpg.rf.b9adbf8c19feb256ec4e1ed2b98f7d37.jpg,train,0,1
image-no609-normal-_png.rf.b9e0e538ff6ba095f16e8609116ddf82.jpg,train,0,1
bone-cancer_train_2_2156_png.rf.ba3fcbf01995ed748df6038f71b15e2b.jpg,train,1,0
IMG_1242_JPG_jpg.rf.b948867034960dcc186e67d22a1a56c3.jpg,train,1,0
image-no102-normal-_png.rf.b9fb385300f0980f4626319e398a0f9e.jpg,train,0,1
bone-cancer_train_2_1419_png.rf.ba1111ec81496a85ed19da8fc29430db.jpg,train,1,0
tibia_ewing_12_PNG.rf.b9b3f43d9357c158054df5439b9fd977.jpg,train,1,0
bone-cancer_train_2_2357_png.rf.ba46d2623841f17133e5b367b0ae3eb9.jpg,train,1,0
IMG0000711_jpg.rf.b9e6ae209f633e966b5d66d7d267c8b3.jpg,train,0,1
bone-cancer_valid_356_png.rf.b9f3821efcfd7d39b92888c66031ac35.jpg,train,1,0
IMG0000753_jpg.rf.b9c19514116dda9f1c83dd581c3e0a2e.jpg,train,0,1
IMG0000672_jpg.rf.b9ff9220e5e58a911e9ddeca6e746ab8.jpg,train,0,1
46_JPG_jpg.rf.ba5bfc13fa6c14490a3b33bb45f1ca40.jpg,train,1,0
IMG0000333_jpg.rf.ba946740d234c88e6f6b77b4136bdc58.jpg,train,0,1
image-no250-normal-_png.rf.baa20058c4cf4a676d3df8cfefa34301.jpg,train,0,1
IMG_0540_JPG_jpg.rf.ba7ae6b9d2776a968fa304d25b5a24e7.jpg,train,1,0
hand_1_3_png.rf.ba5cb432e4026a853e2ace5104bc316c.jpg,train,0,1
IMG0000430_jpg.rf.bacd3bddcd0fac73c571662ad5267410.jpg,train,0,1
IMG0000674_jpg.rf.bad5694e9256fcbe5171703c7872c808.jpg,train,0,1
IMG0000383_jpg.rf.badb0cae75a798968ae2a66db19a1546.jpg,train,0,1
tf_13_1_png.rf.baac73461727bbd52460344af930ddbd.jpg,train,0,1
149_JPG_jpg.rf.bab751ac459534cd390335f1484eecca.jpg,train,1,0
183_JPG_jpg.rf.babe2899b7e9e48a3cc3780aba01578a.jpg,train,1,0
image-no167-normal-_png.rf.bad37b3f1f7931543b4226c369f394ca.jpg,train,0,1
IMG0000290_1_jpg.rf.ba91b4f3034a78fc4742ed88db4e0075.jpg,train,0,1
IMG0000289_jpg.rf.ba7d8cbd5a9b0e51ab4e2369917dd787.jpg,train,0,1
IMG_8331_JPG_jpg.rf.ba8d2405a84a0daea5c4768f84c91230.jpg,train,1,0
IMG0000687_jpg.rf.baee5a06dbdf75eb72aa70ed06a10828.jpg,train,0,1
bone-cancer_train_2_192_png.rf.bae5b375a706fcd76669553db72af546.jpg,train,1,0
ulna_0thers_11_png.rf.baea0dc2085ba376ddc90ca1f8b80ca1.jpg,train,1,0
IMG0000690_jpg.rf.ba920c3b6d68e365cd9991113c8c5336.jpg,train,0,1
IMG0000592_jpg.rf.baec52cde8b9220e90de1129145f6d80.jpg,train,0,1
tibia_osteosarcoma_19_PNG.rf.bafa1c07ac0bf105b4a9a16782417c7c.jpg,train,1,0
IMG0000846_jpg.rf.bafd1e04eb54cea07d4d127ee79957c1.jpg,train,0,1
bone-cancer_test_111_png.rf.bb1fe73ec1bfce5ed66a6ff26bb6fb63.jpg,train,1,0
elbow_14_2-1-_png.rf.bb6aa14c7c82752cb98417d2c108e9db.jpg,train,0,1
bone-cancer_valid_236_png.rf.bb759c588b4f34d916f76fe748115182.jpg,train,1,0
fibula_osteosarcoma_20_PNG.rf.bb90b81030d1c476dea877c62a8f9393.jpg,train,1,0
image-no245-normal-_png.rf.bb7f931d16f8db3e2fe6e8b32a377df5.jpg,train,0,1
IMG0000588_jpg.rf.bb84d47173eb94156cd90ce5b874c97d.jpg,train,0,1
IMG_7851_JPG_jpg.rf.bb2b8522b92497baeb9625dffa18c3d9.jpg,train,1,0
IMG0000441_jpg.rf.bb9aff59d60df8f35233331f61d6181a.jpg,train,0,1
foot_9_3_png.rf.bbbd21f3903f6801c948caf9db456a33.jpg,train,0,1
IMG0000591_jpg.rf.bba69246e5298f39741d4e8ff600ae8b.jpg,train,0,1
femur_9_2_png.rf.bbb7342fe69ca8bed4a2195b388e4cf4.jpg,train,0,1
image-no538-normal-_png.rf.bbba7304e1a123164a8b2554d3d7877b.jpg,train,0,1
tibia_metastasis_5_PNG.rf.bbd2e6624bb8f55eba7e3979535d7548.jpg,train,1,0
image-no430-normal-_png.rf.bb80e72bd51c73d5ee26c83e28f6f5f2.jpg,train,0,1
forearm_15_1_png.rf.bba3b77bf8ea29bf9511ec4ee9592484.jpg,train,0,1
IMG0000778_jpg.rf.bbbbaf68a8a0d92149ce64ac365e4261.jpg,train,0,1
IMG0000734_jpg.rf.bb9f6fdb34ca9aff8bd3f826006b9fae.jpg,train,0,1
bone-cancer_train_2_2446_png.rf.bba625d43de678b9e438967d7ba3ddb1.jpg,train,1,0
IMG0000179_jpg.rf.bbebe2b66894c4f6f199e97f76ef40d1.jpg,train,0,1
85_JPG_jpg.rf.bc141350693d2d4e3a2abf66aa1e2bc3.jpg,train,1,0
73_JPG_jpg.rf.bbea4241084dd219b2e32af451c7994f.jpg,train,1,0
humerus_25_png.rf.bb77cf2c757ebbea420d90d47f80989a.jpg,train,1,0
bone-cancer_valid_2_128_png.rf.bc0c2ff12d3183254420e20db5f05691.jpg,train,1,0
IMG0000770_jpg.rf.bbc1321e9e7b596f3c084b81776eacda.jpg,train,0,1
image-no139-normal-_png.rf.bc75056612701e4fd9c885c9ae89c08c.jpg,train,0,1
image-no728-normal-_png.rf.bc038a9e8a3c0ea72ea1d92b1fce0caf.jpg,train,0,1
bone-cancer_valid_2_417_png.rf.bc4cf2acb98624a92bad6eadafb0dbc3.jpg,train,1,0
tibia_ewing_18_PNG.rf.bc87879ab2f81d2f5805779c6694181b.jpg,train,1,0
image-no513-normal-_png.rf.bc500e21827ab35310fec0c892e146be.jpg,train,0,1
-21-_jpg.rf.bc4d2a822845cfc79d7eb48eed5ce3a1.jpg,train,0,1
bone-cancer_train_2_2383_png.rf.bc1cf043c4e253e249528de5ad271d4c.jpg,train,1,0
11_jpg.rf.bc8b735f634bc296fa856b6b2d85c3cd.jpg,train,1,0
bone-cancer_train_2_1363_png.rf.bc9e13cde8fb115d77f21b89bc05462e.jpg,train,1,0
IMG0000335_jpg.rf.bc7dd6d492e961e3628fdbc8d073ebc6.jpg,train,0,1
bone-cancer_test_42_png.rf.bcc1c3a4da810f94a9d5de950b21f9cb.jpg,train,1,0
IMG0000869_jpg.rf.bcdac081cc2132fd79e3e5ec80727bcf.jpg,train,0,1
bone-cancer_train_2_1597_png.rf.bcc702ed35f7b316f7920b16eae85d9b.jpg,train,1,0
bone-cancer_train_2_331_png.rf.bcdd91484307fa4c3cb5c51b4c38f883.jpg,train,1,0
IMG0000820_jpg.rf.bcc8308536021ef891d9d60c4c0f8a3b.jpg,train,0,1
IMG0000660_jpg.rf.bce78d7a56509b94d68e5dc18e9a40c0.jpg,train,0,1
IMG0000672_jpg.rf.bce0df0ae519d4e643feeec62f088d6d.jpg,train,0,1
bone-cancer_valid_2_43_png.rf.bccb748a178fa65890bad3a9b51c3e9d.jpg,train,1,0
image-no146-normal-_png.rf.bd09d0b31bc8709c5d13628aa1f37abe.jpg,train,0,1
bone-cancer_valid_2_71_png.rf.bd0cda5782262775429423dcedb3f645.jpg,train,1,0
bone-cancer_train_2_393_png.rf.bd319b83e2bbdb868c8cf1814221f7bc.jpg,train,1,0
IMG0000812_jpg.rf.bcf309eee9659ebbda011465db8c637f.jpg,train,0,1
IMG0000627_jpg.rf.bd413e5161041c341c2361d134ed8bfd.jpg,train,0,1
IMG0000430_jpg.rf.bce9bbd97203837c5ac605160d34cac9.jpg,train,0,1
bone-cancer_train_2_2441_png.rf.bcfbaa8ced3228b886e42cafad07d90f.jpg,train,1,0
bone-cancer_train_2_1314_png.rf.bd4e6a9cd94bc64de4ce2856bb0f52e5.jpg,train,1,0
new4_jpg.rf.bd49af6b83a6215bc0a0c97c75b4175e.jpg,train,0,1
forearm_6_1_png.rf.bcf3cee584454470268aeba5aa96959a.jpg,train,0,1
IMG0000426_jpg.rf.bd57cacd54206a46aa70db3440bc4d3d.jpg,train,0,1
tf_8_2-1-_png.rf.bd179b32300a534e5cfce8aa7206874a.jpg,train,0,1
bone-cancer_train_2_2308_png.rf.bd8a114d17f42534884adbfbbfdedaa5.jpg,train,1,0
bone-cancer_valid_387_png.rf.bd25b3ab743dcd650e488b9ed6052122.jpg,train,1,0
bone-cancer_train_2_652_png.rf.bd8276f64f4ffd555b8b00c7f78d342c.jpg,train,1,0
IMG0000571_jpg.rf.bd57fa40b13d6106fd48d2af4ee776dd.jpg,train,0,1
bone-cancer_valid_413_png.rf.bd7115e54a676c9027252867fbe72079.jpg,train,1,0
image-no383-normal-_png.rf.bdaa761a2cb02f4c2fd947d307a4e75d.jpg,train,0,1
image-no385-normal-_png.rf.bdafa0be8b4c67ac73f45ecd2821c174.jpg,train,0,1
bone-cancer_train_2_2232_png.rf.bd584b3057da6d15e138381c174cfc5c.jpg,train,1,0
bone-cancer_train_2_2174_png.rf.bdeb41d9d6748c5ea8ce261248e7bea3.jpg,train,1,0
bone-cancer_train_2_729_png.rf.bdba96fa4c6fc23442ef1f7bcd8fa25b.jpg,train,1,0
image-no319-normal-_png.rf.be0c4f704872d7e5608a4ef7a096e9d6.jpg,train,0,1
IMG0000608_jpg.rf.be4b64037968a0e0f85805cc7843d594.jpg,train,0,1
bone-cancer_train_2_1121_png.rf.be3889fcdbd56b92b591c699b2192161.jpg,train,1,0
bone-cancer_train_2_1449_png.rf.be3acf0444406ba8a6fc8b579f13e1e5.jpg,train,1,0
image-no56-normal-_png.rf.be51ae19e10a92ddf30b4261a6ed49f4.jpg,train,0,1
bone-cancer_train_2_1677_png.rf.bdf903260da842a7377dcbb62de6066d.jpg,train,1,0
bone-cancer_test_198_png.rf.be1412bde47973f38789bfba5b9806aa.jpg,train,1,0
IMG0000289_jpg.rf.be626d9ff57ae6e6928b86c742678254.jpg,train,0,1
IMG0000531_jpg.rf.be1266d4764ed0343e8850867e3bcdd3.jpg,train,0,1
IMG0000115_jpg.rf.be759ac8a8ef32b7da39642d467ad48c.jpg,train,0,1
IMG0000691_jpg.rf.be014ae7065635a4140b4e5bcd39bdea.jpg,train,0,1
IMG0000287_jpg.rf.be14c7999a1db0057b7aac6ddf21445c.jpg,train,0,1
image-no60-normal-_png.rf.bdc94fd5e7141ba3f32bb114f1599ba1.jpg,train,0,1
IMG0000710_jpg.rf.bdb5c079d70bae26fa3bc4aa15abfbb4.jpg,train,0,1
download-6-_png.rf.be9209f35a09d74672d9d48ada8cb3e5.jpg,train,0,1
bone-cancer_train_2_2143_png.rf.be91de8c71d99d92e80219bfe3561084.jpg,train,1,0
bone-cancer_test_61_png.rf.be72182a7d951cc472c3f668ddabcb95.jpg,train,1,0
cervical-spine_14_png.rf.be9be07f14fad4f63645a57dd445f711.jpg,train,1,0
bone-cancer_valid_2_368_png.rf.be797e774b96d1f88856293e535973db.jpg,train,1,0
image-no207-normal-_png.rf.beb4a2b806741da717cee54241a39336.jpg,train,0,1
image-no2-normal-_png.rf.be6e1c03a4da0d61235e1088810e51ae.jpg,train,0,1
IMG0000522_jpg.rf.beb2db971912c759851d3c76f7eeb4ea.jpg,train,0,1
ped_29_png.rf.be7693daba2fd0ede8667033eeefa25b.jpg,train,1,0
bone-cancer_train_2_1847_png.rf.be7026a7cf96a95df3434f3a74718552.jpg,train,1,0
IMG0000672_jpg.rf.beb567c25f4d1f645fe2ec0be2f9a0fb.jpg,train,0,1
image-no281-normal-_png.rf.beb5a5305148bd17e74f6c38a6aad717.jpg,train,0,1
IMG0000290_jpg.rf.bec1919ea91600cee7a388a45247b39e.jpg,train,0,1
pelvis_45_png.rf.bedcc1c737c12077f010bd6d1b4b4080.jpg,train,0,1
ulna_0thers_7_png.rf.bed50233f7763a13224e5b8fc3e9adb4.jpg,train,1,0
image-no200-normal-_png.rf.bedb21e6cacf19a1a15d4f6da2c2b77b.jpg,train,0,1
fibula_osteosarcoma_6_PNG.rf.befdc82cc92983693831061211ddc9de.jpg,train,1,0
bone-cancer_train_2_2190_png.rf.bedd67a64bce94794a37b045ca61d311.jpg,train,1,0
IMG0000547_jpg.rf.bef480d817d6157b27297b4e518c9360.jpg,train,0,1
bone-cancer_valid_2_78_png.rf.bf51a61e688002be675a3dfd6546456d.jpg,train,1,0
IMG0000611_jpg.rf.bf62ec6a4670e8e134c805afcdcaa717.jpg,train,0,1
bone-cancer_train_2_1886_png.rf.bf29d273a95fb61205d7082a75cba3a6.jpg,train,1,0
IMG0000531_jpg.rf.bf0dfcd3d1676f4f8c81bfe5ed81b609.jpg,train,0,1
bone-cancer_valid_2_444_png.rf.bf9877e62e47181e524922c8d7afc721.jpg,train,1,0
bone-cancer_train_2_709_png.rf.bf6fb8cf1b7c29dabd606136402403ba.jpg,train,1,0
bone-cancer_train_2_823_png.rf.bf7d2287f3c6667eb0413e4e1d0c1868.jpg,train,1,0
IMG0000861_jpg.rf.bf7aeceba868c171965537fa7a062b47.jpg,train,0,1
bone-cancer_train_2_1366_png.rf.bf5b50845a5cf1943e681f791234af6e.jpg,train,1,0
IMG0000775_jpg.rf.bfa017352e453e261d7030239454403d.jpg,train,0,1
IMG0000848_jpg.rf.bf53063b0ceac7f286ebbcea9397287e.jpg,train,0,1
IMG0000522_jpg.rf.bfb7567c9fb735ba691d67fc659b9b7e.jpg,train,0,1
bone-cancer_train_2_93_png.rf.bfcf6b4925d7d7c06a752e77e8c2973d.jpg,train,1,0
bone-cancer_valid_66_png.rf.bff1460d0cf4e407351d55c89ada7cc9.jpg,train,1,0
humerus_0_1_png.rf.bfbea9104d44a8d69f2114c87d841208.jpg,train,0,1
IMG0000519_jpg.rf.bfe77c543f8004c5730139ae81d556f7.jpg,train,0,1
bone-cancer_test_63_png.rf.bffb6786f1ed94bd64fdaa6b3ad9445d.jpg,train,1,0
187_JPG_jpg.rf.bfeadd43af8da45c78f59a7691ef7870.jpg,train,1,0
bone-cancer_train_2_112_png.rf.c0095d1486c75975a2eff16e4996b810.jpg,train,1,0
image-no233-normal-_png.rf.bfc7bd678c2005e7186c306aeef2b3d8.jpg,train,0,1
bone-cancer_train_2_2027_png.rf.c023012ad26c51f36081db6370d58def.jpg,train,1,0
bone-cancer_train_2_385_png.rf.c0341c4f0b6ad064a0fbe29d5f46d44f.jpg,train,1,0
bone-cancer_valid_2_134_png.rf.c04fd0419cbc8f9e2242c554fc26d18f.jpg,train,1,0
IMG_0704_JPG_jpg.rf.c055985b386376f90874f40f3a357e92.jpg,train,1,0
IMG0000644_jpg.rf.c085e31d9d18dd8a9bf4b8d3c54f577a.jpg,train,0,1
bone-cancer_train_2_2109_png.rf.c0c4bf0bb44d0dc30fc5244c60fbcf5e.jpg,train,1,0
IMG0000115_jpg.rf.c05c7d593976ae5eadbc1530a9c33c4b.jpg,train,0,1
IMG0000424_jpg.rf.c0ab39a191cec50c97c08e4d8c721bf9.jpg,train,0,1
IMG0000701_jpg.rf.c07c87d11d4c17e3e18916288380a136.jpg,train,0,1
IMG_0437_JPG_jpg.rf.c0a19262f7c137bbeb7629d9bd7701c7.jpg,train,1,0
143_JPG_jpg.rf.c0d1292a39a3eb685d46fd61b38c5c24.jpg,train,1,0
bone-cancer_train_2_5_png.rf.c0de86d28c813ceb54ee69807d493f86.jpg,train,1,0
bone-cancer_test_205_png.rf.c12496b651b42c56998cc88dfd0b4fc1.jpg,train,1,0
image-no182-normal-_png.rf.c0e0fbd0a499080409b086d93a2e2ce3.jpg,train,0,1
IMG0000690_jpg.rf.c121ff969c082755570a3eb7edc09f0a.jpg,train,0,1
image-no357-normal-_png.rf.c0ae19cd7af20af0493260b3f4683df6.jpg,train,0,1
bone-cancer_test_188_png.rf.c0f7c5c6a609f253c64ba7e46b9eec1b.jpg,train,1,0
bone-cancer_valid_240_png.rf.c0d980f71a34fb7f695d1899d515b2f0.jpg,train,1,0
image-no91-normal-_png.rf.c1043d837e338e9f27e5d6095d7ebc6e.jpg,train,0,1
bone-cancer_valid_2_385_png.rf.c1236646384cc602d09aaceacc904f70.jpg,train,1,0
35_JPG_jpg.rf.c041a495214f99ab56a54b239b09a9cf.jpg,train,1,0
Picture5_jpg.rf.c027a1a3b0e865d02a410e77f353fde0.jpg,train,0,1
IMG_4811_JPG_jpg.rf.c12a305503d65bcc7f3ac488d9d7394a.jpg,train,1,0
fibula_metastasis_10_png.rf.c12d44fec71c691680c0613c7bddb813.jpg,train,1,0
image-no66-normal-_png.rf.c1599a70a72f6c11f7490d5d8290fa6e.jpg,train,0,1
chest_05_1_png.rf.c14eda04668dbca52090f810f87ab796.jpg,train,0,1
bone-cancer_train_2_2101_png.rf.c12b47dd38f6cb35f4c2b3d61e8193e8.jpg,train,1,0
image-no241-normal-_png.rf.c14c7157f75eecfb392f69c50aa2243a.jpg,train,0,1
bone-cancer_test_213_png.rf.c15ae6549eb639e0402664d919f63e71.jpg,train,1,0
IMG_0572_JPG_jpg.rf.c159a7ce8acafd6ce117a96027e92757.jpg,train,1,0
tf_4_2_png.rf.c1707d3e8060422282b9d68de9d0eef2.jpg,train,0,1
86_JPG_jpg.rf.c1b6234ef37e86b0a40c3d8e3e1e20cb.jpg,train,1,0
n2_png.rf.c16aa46f44e86f140ef9b052a3b5f923.jpg,train,0,1
IMG0000723_jpg.rf.c1801734cca0ae020bbaec316c4c33e6.jpg,train,0,1
bone-cancer_train_2_2411_png.rf.c1b69ca49c2f03c2f66d9fe08a424ee4.jpg,train,1,0
pelvis_13_1_png.rf.c1c7f7e56eb717df2a1679ade36eca42.jpg,train,0,1
IMG0000346_jpg.rf.c153ec799532904fa3e67fa9224a23dd.jpg,train,0,1
bone-cancer_train_2_1322_png.rf.c16dded2b67bf73f9eadf2ad4a129217.jpg,train,1,0
image-no386-normal-_png.rf.c1d58023de51972a3e487135f169c2fd.jpg,train,0,1
IMG0000383_jpg.rf.c146d17624da2f84fab64a5a2aff9725.jpg,train,0,1
IMG0000607_jpg.rf.c1d34c49094511dd35d31f1337508b96.jpg,train,0,1
femur_12_1_png.rf.c2064089dabad1940780bbb1d35e59cb.jpg,train,0,1
download-4-_png.rf.c1fd601dc7c4931c28b3ed48b61ba32d.jpg,train,0,1
pelvis_ewing_6_png.rf.c1ad561153712358a48cb0efb6d1724c.jpg,train,1,0
image-no548-normal-_png.rf.c21555e5de1c9acc4a09e6030f8e8945.jpg,train,0,1
IMG0000448_jpg.rf.c20c859dba6c4ac546c5084f77ce4e9f.jpg,train,0,1
image-no16-normal-_png.rf.c242305fb30c905cc84d431c40ec148c.jpg,train,0,1
image-no257-normal-_png.rf.c1d6cbc6c66321fc1cf89430fe30cc03.jpg,train,0,1
bone-cancer_train_2_1457_png.rf.c2374ed29b24e948c146238356612fb6.jpg,train,1,0
bone-cancer_train_2_2450_png.rf.c231231bacbe70bc35cd2961eebb60e6.jpg,train,1,0
bone-cancer_train_2_1084_png.rf.c23ec8ce38c40afaa2996189d26211b3.jpg,train,1,0
IMG0000499_jpg.rf.c225434f06f9b6f67abb15fe5b42badb.jpg,train,0,1
bone-cancer_train_2_316_png.rf.c25c16e9e9d3d0ca1ca52b6024a1efe9.jpg,train,1,0
image-no377-normal-_png.rf.c252605565f6a75779dc94b9e66919b1.jpg,train,0,1
bone-cancer_train_2_2049_png.rf.c2561c8de77e23a3e993d01e504a0cec.jpg,train,1,0
IMG0000459_jpg.rf.c246f7acc6598cfd12fe6653b167e941.jpg,train,0,1
image-no686-normal-_png.rf.c27742354411cba13e4f169845a9fa2b.jpg,train,0,1
IMG0000723_jpg.rf.c27f71edb850f3361c88271c2946ffcf.jpg,train,0,1
hand_ch_11_png.rf.c28164cec21e00e8cfc2f395d72dca9c.jpg,train,1,0
bone-cancer_test_128_png.rf.c288fe0843eedd11f553374424ee425f.jpg,train,1,0
IMG0000847_jpg.rf.c2d3408c035ddff246d1a0e503ec237f.jpg,train,0,1
IMG0000396_jpg.rf.c27ed839d718742aeca9c43a42320ec0.jpg,train,0,1
bone-cancer_train_2_1791_png.rf.c2ad4337a4c34c604c3a6a3b4c7b3a72.jpg,train,1,0
image-no332-normal-_png.rf.c29d80691f0748a69c2d0ffc2b3d904b.jpg,train,0,1
image-no627-normal-_png.rf.c2bbb79b9fb601f67267da90a03477f5.jpg,train,0,1
hand_12_2_png.rf.c2b3d4a58843906f1a3fbbb537a08000.jpg,train,0,1
IMG0000780_jpg.rf.c2fbf9dddca7976e9d04caf0d33d6dee.jpg,train,0,1
IMG0000753_jpg.rf.c28ba145e056f328e153b5abfbfe0ee6.jpg,train,0,1
download-32-_png.rf.c283fbdd2db4a456d7a4c9a268601616.jpg,train,0,1
elbow_13_2_png.rf.c2eb31f4dcea3d5bea3eb5e30dff13f7.jpg,train,0,1
IMG0000589_jpg.rf.c32cb47a029e904df4e7fceea6570799.jpg,train,0,1
IMG0000813_jpg.rf.c328b01d134bf2a91ca397010c962973.jpg,train,0,1
IMG_0820_JPG_jpg.rf.c31ae28d49f059ae6ce6567480cc4c79.jpg,train,1,0
image-no146-normal-_png.rf.c2f1be977f4bf89e1de4b6aab47fb20a.jpg,train,0,1
chest_25-year-old-female_png.rf.c3279261725fa5021bcbc76c45339cc6.jpg,train,0,1
image-no682-normal-_png.rf.c33168db1b36dea43649aada5b0470de.jpg,train,0,1
bone-cancer_train_2_2460_png.rf.c2ca3eb371142a2b1bee65b9bca902be.jpg,train,1,0
bone-cancer_train_2_2171_png.rf.c359e53eb493900e66c0f7454d80e395.jpg,train,1,0
IMG0000584_jpg.rf.c34d004ad4a6057fb3ef66e256302678.jpg,train,0,1
bone-cancer_valid_36_png.rf.c33b67350f4cb8fa650cc9932f16446f.jpg,train,1,0
Picture1_d-10-_jpg.rf.c386d804deb6036f5b8d3ab30128ec67.jpg,train,0,1
IMG0000482_jpg.rf.c33e0a95e36f6afaf1f9301a6e924f38.jpg,train,0,1
cspine_1_1_png.rf.c3a501e7805223e0f85c6be1a488df11.jpg,train,0,1
bone-cancer_train_2_968_png.rf.c2dfcb3ff3ecf4dea05c038e21849e23.jpg,train,1,0
IMG0000800_jpg.rf.c399d2a22cbd1a389c817fd044002d38.jpg,train,0,1
IMG0000586_jpg.rf.c3844093387fc448999309f97b374299.jpg,train,0,1
bone-cancer_valid_300_png.rf.c3ce7337ba6b4522b77b7038f803a092.jpg,train,1,0
IMG0000691_jpg.rf.c379a454f89c038053ba54abd1f3378b.jpg,train,0,1
IMG0000855_jpg.rf.c3cf082edc0eaa7912ce336b259939fa.jpg,train,0,1
bone-cancer_train_2_1380_png.rf.c3bb08ec363e69805d99caa858e534be.jpg,train,1,0
IMG0000799_jpg.rf.c3d0b714b1dd9f6cf24753c5fbe4cac4.jpg,train,0,1
Normal-ankle-x-ray-for-reference-_png.rf.c41e31c8e3cf0bfd884bc842b39428ba.jpg,train,0,1
bone-cancer_valid_290_png.rf.c47e4f7e749e5a48dcc9a3372e8d51af.jpg,train,1,0
femur_normal_27_PNG.rf.c41ea5eb44741b3178e59e61b0485432.jpg,train,0,1
image-no182-normal-_png.rf.c463c17c5ead8a2000911f83a4e2cfc3.jpg,train,0,1
bone-cancer_valid_2_252_png.rf.c3cfe95378f8085f9ac2ec33f02bdf69.jpg,train,1,0
image-no38-normal-_png.rf.c415d21a91d6725645858714d1857a3a.jpg,train,0,1
IMG0000331_jpg.rf.c44158d4dfde51276a818432fa3aa4e6.jpg,train,0,1
bone-cancer_train_2_1754_png.rf.c4b47aa3b65e50c385e4e2abbcb08120.jpg,train,1,0
download_png.rf.c47ebaba09bffe48d9e3926fd73da55b.jpg,train,0,1
IMG0000424_jpg.rf.c429acfaf27d63994ce01fa5a2e8a90a.jpg,train,0,1
55_JPG_jpg.rf.c4bc1c781231c48b4c0d1ff4725a22c2.jpg,train,1,0
femur_normal_18_PNG.rf.c4bb67dd5e65a3615e0802ea38eb12d8.jpg,train,0,1
IMG0000853_jpg.rf.c4ba9ead816339febf0fa3ecd059084f.jpg,train,0,1
bone-cancer_train_2_1800_png.rf.c4bce33c76a2e9b889165cae66e02b09.jpg,train,1,0
bone-cancer_train_2_1905_png.rf.c4de21b961db319c0256581240f24c16.jpg,train,1,0
IMG0000610_jpg.rf.c4eebedc9afdd440ba34aca8313e265a.jpg,train,0,1
IMG0000629_jpg.rf.c5438d61c28433d55d8d343102c6ce90.jpg,train,0,1
bone-cancer_train_2_1348_png.rf.c5128343397a60169ad8458369a9fe7d.jpg,train,1,0
bone-cancer_valid_322_png.rf.c55bb87999d33924bf6a3782b925c012.jpg,train,1,0
bone-cancer_valid_2_236_png.rf.c4e083288e9c850a5a36c92f3d25671d.jpg,train,1,0
image-no481-normal-_png.rf.c523099a449b2b44ba5f33d4abc3558d.jpg,train,0,1
tibia_other_18_PNG.rf.c4eb3dc9ae17c3f391e5463f2fbfaba2.jpg,train,1,0
bone-cancer_train_2_1272_png.rf.c4eb3b113d5db83b185490b02f6ed57c.jpg,train,1,0
Picture3_jpg.rf.c56967ab95fe921b774acc6a11481c4d.jpg,train,0,1
IMG0000596_jpg.rf.c48341a1fd7c5fd9de2dbf5382daa15f.jpg,train,0,1
femur_11_4_png.rf.c550db0e96d61011376ed5678e687c4f.jpg,train,0,1
IMG0000240_jpg.rf.c56cdca8f7e9a58ecc9f6f38be0ce1d1.jpg,train,0,1
bone-cancer_train_2_1135_png.rf.c4f8cf0190a4b33ab8e86c7554a05a64.jpg,train,1,0
IMG0000678_jpg.rf.c55f4c151de6d1708be71488fbf6ee8b.jpg,train,0,1
IMG0000709_jpg.rf.c56ba78afb8079cea3bba2619f1603d6.jpg,train,0,1
image-no342-normal-_png.rf.c5250a789704230055519d45aa38d4ac.jpg,train,0,1
image-no359-normal-_png.rf.c5859f39be745ab48e075b839ade4658.jpg,train,0,1
bone-cancer_valid_2_5_png.rf.c50d045ead3ca0f20932cf874800ffac.jpg,train,1,0
ulna_0thers_5_png.rf.c573cfb4eea6616ca26b8020318363ab.jpg,train,1,0
bone-cancer_test_94_png.rf.c52d98fdf8d092b3cb644370b3b905df.jpg,train,1,0
istockphoto-1434136689-612x612_jpg.rf.c50241bdf893b151dff2c4d9faab6f99.jpg,train,0,1
IMG0000596_jpg.rf.c5acf0ac699c393c1e192190f0705b57.jpg,train,0,1
IMG0000562_jpg.rf.c5cda3aeabf2c63a35fb92723a374136.jpg,train,0,1
image-no716-normal-_png.rf.c582cf2be8ba4b8aaa1d11a6ca672575.jpg,train,0,1
IMG0000584_jpg.rf.c5ca5f3d91ea4c68333c97c4c51aa8c0.jpg,train,0,1
bone-cancer_test_91_png.rf.c5de5cff91ede1db266918a200e653a4.jpg,train,1,0
IMG0000607_jpg.rf.c5d19763d357a87207fed197ee3ae563.jpg,train,0,1
bone-cancer_valid_2_178_png.rf.c60aad8c2d93d2aa5d34ba6f371b5af4.jpg,train,1,0
bone-cancer_train_2_1945_png.rf.c5f853b6a3b177a08469772f40e8af6b.jpg,train,1,0
hand_10_1_png.rf.c5ee916fb0d9d2fc0e63d2fceb9d1c10.jpg,train,0,1
IMG0000644_jpg.rf.c6216e9c877d9354ad60f00db6384b44.jpg,train,0,1
image-no370-normal-_png.rf.c5e1cb47a7727e24a43ab06aa0db0aae.jpg,train,0,1
image-no83-normal-_png.rf.c6114963936255c6140da86366e7569c.jpg,train,0,1
image-no464-normal-_png.rf.c60765be72570170b5e84ac6492547c1.jpg,train,0,1
bone-cancer_train_2_2513_png.rf.c5decd533d7a192549b8332623db558a.jpg,train,1,0
bone-cancer_train_2_2327_png.rf.c5dd0a0e40710fe6b8c4c74069820fc5.jpg,train,1,0
IMG0000709_jpg.rf.c6348bcbcff77440f4fa7340019992e4.jpg,train,0,1
foot_78_png.rf.c63804cb4161296e53e25645f72a2442.jpg,train,1,0
tf_15_1_png.rf.c631ee0e33a96504afa596feb47c4f7b.jpg,train,0,1
IMG0000856_jpg.rf.c614adc4066a7751c5a6e5665bda7b5a.jpg,train,0,1
bone-cancer_train_2_1782_png.rf.c62197103746a9337f18a9c2f2584243.jpg,train,1,0
image-no369-normal-_png.rf.c5bbfceace87e70dfab0e139eb3eb87a.jpg,train,0,1
bone-cancer_train_2_2299_png.rf.c6230978ed52b87168488b22fd125bb7.jpg,train,1,0
bone-cancer_valid_2_10_png.rf.c64605caeaaf77286d2e857b88fd4f1f.jpg,train,1,0
image-no106-normal-_png.rf.c5e9a06be33eae9366854135ec872f59.jpg,train,0,1
IMG_3281_JPG_jpg.rf.c617bae2d6f13133b94ec1d740ac3a92.jpg,train,1,0
femur_normal_17_PNG.rf.c666466a3da30f337b62996cef40a83d.jpg,train,0,1
IMG0000289_jpg.rf.c6577488d1836eb5c99f78213de3c53e.jpg,train,0,1
image-no535-normal-_png.rf.c68e82988d33eb575a1a724a06fde5e4.jpg,train,0,1
image-no367-normal-_png.rf.c667804867dcbb9d8cff38f8585f049f.jpg,train,0,1
image-no415-normal-_png.rf.c6a9c6d935e1b2e40276c34dc9d6acb4.jpg,train,0,1
chest_25_male_png.rf.c65e1ad562cba56f433597a46385ec6d.jpg,train,0,1
IMG0000826_jpg.rf.c6af25b83decb2c4940442011006e868.jpg,train,0,1
femur_11_4_png.rf.c68c892e2990601a2599c2b15ee02a14.jpg,train,0,1
image-no177-normal-_png.rf.c6879f0d1296df5d6506efdcd573126e.jpg,train,0,1
fibula_chondrosarcoma_3_png.rf.c696497623f219a7abcaca8b2cf4cd4a.jpg,train,1,0
IMG0000837_jpg.rf.c679c95aa23e3c12e839533568b85158.jpg,train,0,1
foot_13_2_png.rf.c69462e707b08545706e1c8d65fddcea.jpg,train,0,1
new8_png.rf.c6e5eb6352e923abf18c899c5ef3c0a2.jpg,train,0,1
image-no547-normal-_png.rf.c6a600c102cfcfeae394106969a5695d.jpg,train,0,1
IMG0000836_jpg.rf.c6aec2c1dd4ddf77217085e9c965f431.jpg,train,0,1
image-no708-normal-_png.rf.c6db30da6e07c54b337a1dab32ff5a70.jpg,train,0,1
bone-cancer_train_2_2051_png.rf.c6b5ef36c327e14ba4fd7e58c1113a2f.jpg,train,1,0
bone-cancer_valid_139_png.rf.c6ea43db2be524d0f9107d46e9d3ea1d.jpg,train,1,0
IMG_4382_JPG_jpg.rf.c6b2e810ed8589d1dd83ae7196ebe23b.jpg,train,1,0
bone-cancer_valid_2_276_png.rf.c6a588f705f10de86dec4b68e9a0da0f.jpg,train,1,0
femure_chondrosarcoma_17_PNG.rf.c6e88b7fff4a4a7eaffe86b7d7dbea34.jpg,train,1,0
bone-cancer_valid_2_23_png.rf.c6eeaa738bda567f76731600023b9c01.jpg,train,1,0
elbow_05_1_png.rf.c6eef1a0f2076c57bab4a79aa3998bba.jpg,train,0,1
bone-cancer_valid_408_png.rf.c6f1ec6d801e7a0ff991b9e9c39559dc.jpg,train,1,0
bone-cancer_train_2_1590_png.rf.c74cdff6c47bd23a4bce9d8c785a76ff.jpg,train,1,0
ankle_10_2_png.rf.c779885e4e115fcd15bcf6efe4adaaf5.jpg,train,0,1
bone-cancer_train_2_2061_png.rf.c73c59b293cada208cbc76f90d9556af.jpg,train,1,0
bone-cancer_valid_318_png.rf.c735e5ab8bdf6720bba1dd5e4aed6883.jpg,train,1,0
IMG0000381_jpg.rf.c74a51586e26d8bda47f3126064a3753.jpg,train,0,1
male_png.rf.c78c5aba9535338470f1afe297189f48.jpg,train,0,1
IMG0000627_jpg.rf.c7216ef02589b95dea2f6c63016b8daa.jpg,train,0,1
bone-cancer_train_2_1874_png.rf.c7474e7e866d95b548c87818469b7d8c.jpg,train,1,0
IMG0000799_jpg.rf.c78f28711bae32dab3ab0af977f6d150.jpg,train,0,1
IMG0000628_jpg.rf.c75fc40fbb1ca07cf17726a429a2042b.jpg,train,0,1
bone-cancer_valid_346_png.rf.c7a0e79a08af6aaa74070c716954c5c1.jpg,train,1,0
image-no290-normal-_png.rf.c7940aaca54b32170dd60d1340b53ad1.jpg,train,0,1
elbow_4_1_png.rf.c7acdf20d7f3ac6a5f5a18e05ade0f36.jpg,train,0,1
IMG0000264_jpg.rf.c7ad2247678c48c5769adc6f5400aa5e.jpg,train,0,1
IMG0000741_jpg.rf.c7d110d602ffd5272032bb0a95a4be3e.jpg,train,0,1
bone-cancer_train_2_2378_png.rf.c7bdfd8c2c7d10ab6911b9d590fe6f58.jpg,train,1,0
image-no482-normal-_png.rf.c7fbbc10f0c7ed0e8cf83eff53489b90.jpg,train,0,1
image-no254-normal-_png.rf.c7ba9258541dabacf71e7eb20a558b43.jpg,train,0,1
IMG0000596_jpg.rf.c7d19447182d10b97a04160d151cd2af.jpg,train,0,1
bone-cancer_valid_2_196_png.rf.c7be8de0f90cc1430a0c4fd74c985620.jpg,train,1,0
foot_64_png.rf.c81ae13bc49413136385aff82ca06c9a.jpg,train,1,0
image-no124-normal-_png.rf.c7c8fea37296438199f7bcb68ddd39b4.jpg,train,0,1
bone-cancer_train_2_1989_png.rf.c7f9b507654ea260fbeb17ae2c47c8a4.jpg,train,1,0
IMG0000709_jpg.rf.c81c8d2955c625ba6e8bf86f59537e16.jpg,train,0,1
bone-cancer_valid_2_224_png.rf.c7ee9101fc649fd35ff55a42f4b1cf80.jpg,train,1,0
foot_5_2_png.rf.c850634f4ef79e4b4ee460902434911b.jpg,train,0,1
IMG0000847_jpg.rf.c875cfe41b2c620de196b55c29d9b3e0.jpg,train,0,1
tibia_ewing_5_PNG.rf.c85943f41372125c3a1a44ac39744021.jpg,train,1,0
bone-cancer_train_2_1495_png.rf.c890df93021f187bdc5bf2eb11236db9.jpg,train,1,0
bone-cancer_test_14_png.rf.c8695cbb88a0f0e7410fa735bee3c2fd.jpg,train,1,0
bone-cancer_train_2_2165_png.rf.c88771330fd6cfbbebf469f6f48ca273.jpg,train,1,0
bone-cancer_train_2_872_png.rf.c8b8715e8a5df3f0d7dcdb2a17c4b58a.jpg,train,1,0
IMG0000809_jpg.rf.c8c221d325ead3e1ed0316aff9a13b7a.jpg,train,0,1
hand_21_png.rf.c8ae42a52dc0b663558b69722f522231.jpg,train,0,1
IMG0000812_jpg.rf.c887b37a3672584fcaa00d8f7de29835.jpg,train,0,1
bone-cancer_train_2_2183_png.rf.c8f2dd08fd2798204315262a3a565650.jpg,train,1,0
IMG_8330_JPG_jpg.rf.c8d2e260463fa8f3b9a3fe45268d1185.jpg,train,1,0
image-no352-normal-_png.rf.c8f925e9371b5bbe3822106d4a615492.jpg,train,0,1
forearm_12_2_png.rf.c8f45640226b05f47a1d1896d2a4620e.jpg,train,0,1
IMG0000709_jpg.rf.c8d2dcc47f63dd0d337ecaa6d2ccd011.jpg,train,0,1
IMG0000709_jpg.rf.c8c8d905106bedc9e6ddb2d0cf28de27.jpg,train,0,1
IMG_5375_JPG_jpg.rf.c90657282eb096ccc58f1f2a158c54a5.jpg,train,1,0
hand_14_1_png.rf.c907aa7d9f0b60f726d1f2d3f13cf343.jpg,train,0,1
download-21-_png.rf.c90fe9468bbd9654de0ed638fcb177eb.jpg,train,0,1
IMG0000396_jpg.rf.c90de63ee5804d7cecfb4bb7195efbc8.jpg,train,0,1
IMG0000894_jpg.rf.c90cbdafb3ce31b2809311093b4fe420.jpg,train,0,1
IMG_1415_JPG_jpg.rf.c924c4a4b5409da8540f72d1df207514.jpg,train,1,0
144_JPG_jpg.rf.c9a1af4cb529d5e50f2394231efb53f1.jpg,train,1,0
bone-cancer_train_2_870_png.rf.c9e688cb74863d080ce1b6dcddef8a21.jpg,train,1,0
IMG0000333_jpg.rf.c972db9b6f0afc47ca11cee9f987a901.jpg,train,0,1
IMG0000441_jpg.rf.c9d4da5169f199c812225fb9088a4581.jpg,train,0,1
IMG0000431_jpg.rf.c9384b72d402c3f1885baa2f805c0662.jpg,train,0,1
IMG0000657_jpg.rf.c93c1ae641f7c113c0b3f324bca77650.jpg,train,0,1
IMG0000837_jpg.rf.c977cf7c4eaa7b687e2ea9db3e6846e0.jpg,train,0,1
ankle_8_1_png.rf.c9beca1b9e8a695e321dd931af863801.jpg,train,0,1
image-no127-normal-_png.rf.c9997f7af43b96d04d2d0d0a3aa91003.jpg,train,0,1
humerus_16_png.rf.c9c02386116a623e38e77e9807cc4d38.jpg,train,1,0
IMG0000722_jpg.rf.c9c1e3684f32f3b3bb72c6ec9b4c9c7e.jpg,train,0,1
bone-cancer_train_2_1470_png.rf.c9d8a076d2e90d94c18314af2cff9fb8.jpg,train,1,0
IMG_0822_JPG_jpg.rf.c9dc57aaab0f588851b8698c31787e9f.jpg,train,1,0
IMG_4270_JPG_jpg.rf.c9feb807f12dc2585578dcc673a65ec7.jpg,train,1,0
tibia_chondrosarcoma_7_PNG.rf.c9f8d36d37bbbd3dfe0e028181c06f83.jpg,train,1,0
IMG0000738_jpg.rf.c9aafbf848fd7783487336288c967263.jpg,train,0,1
IMG0000890_jpg.rf.ca0e898a590ebb66ea088d9bcc8d7073.jpg,train,0,1
hand_ch_10_png.rf.c9cff46d12be278c7caad13439021be6.jpg,train,1,0
bone-cancer_train_2_742_png.rf.c9c4596c9bdf9ac62ec373e33432ffb1.jpg,train,1,0
image-no660-normal-_png.rf.c952ed9a76df0e58ba9d1fc046d6a572.jpg,train,0,1
IMG0000260_jpg.rf.ca0ac367b7c53cbecca9126bc0d1360a.jpg,train,0,1
ankle_13_3_png.rf.c9f7def5782e94ed0ead4698b1611f94.jpg,train,0,1
tf_6_2_png.rf.ca15f1a556ba2dd6c4181c34580b79cb.jpg,train,0,1
image-no402-normal-_png.rf.ca564896a6dc996e34053913cb3e6c29.jpg,train,0,1
IMG0000345_jpg.rf.c9d5a2408f49715ac2e236dc8c13cedf.jpg,train,0,1
bone-cancer_valid_2_176_png.rf.ca31212d9903f8d6bc5fc669c5972c88.jpg,train,1,0
image-no142-normal-_png.rf.ca2560d563bf8f1b63a53189a5e388bd.jpg,train,0,1
femur_3_1_png.rf.ca91baa9f87ebb778010e0312f619586.jpg,train,0,1
download-9-_png.rf.ca2f15bd8c90903c1b8fa2ca926d0e75.jpg,train,0,1
foot_13_3_png.rf.ca560f80367a8ab18a48f25a3c202505.jpg,train,0,1
IMG0000596_jpg.rf.caa28fae08342af4c48876740160fae9.jpg,train,0,1
40_JPG_jpg.rf.ca55682de33a3ca27265f2af55d60343.jpg,train,1,0
IMG0000701_jpg.rf.caa346a28d28dc728ee6dbc6fc935a4b.jpg,train,0,1
IMG0000812_jpg.rf.cabd18d24db9f0b31119f9d0d7b143fe.jpg,train,0,1
bone-cancer_valid_75_png.rf.cabd162c84fa0e763373e0f8c4903597.jpg,train,1,0
IMG_0748_JPG_jpg.rf.cac1f3630c7cddf3d391bf4133a43c5f.jpg,train,1,0
cspine_15_2_png.rf.caeae172156101c0ab31d2f945d52fab.jpg,train,0,1
-33-_jpg.rf.cac0be009e32ed06ce121da7b89e8930.jpg,train,0,1
bone-cancer_train_2_297_png.rf.cae53227459ec2c2cd577e978bd9647b.jpg,train,1,0
195_JPG_jpg.rf.cae872dfaa3fe3ead61b6162b4d5366e.jpg,train,1,0
bone-cancer_valid_2_233_png.rf.caae8ee3397c1e4b45c8bd62179c93d0.jpg,train,1,0
bone-cancer_test_212_png.rf.cac3021b8a9828c669c391af007bfedc.jpg,train,1,0
IMG0000839_jpg.rf.cafdf5fe54d85871732d5a6f88ab0f41.jpg,train,0,1
image-no706-normal-_png.rf.cb25ef927fe81e48ccdb332ee09dee73.jpg,train,0,1
bone-cancer_train_2_1288_png.rf.cb1e9e3ed3b1a2e5c4b0713643e70c60.jpg,train,1,0
bone-cancer_train_2_2312_png.rf.cb28e75e2ce8ed9ba06ff2dd63a47f46.jpg,train,1,0
36_JPG_jpg.rf.cb3a566f569bfa607de2f003e32d1cb8.jpg,train,1,0
IMG0000290_jpg.rf.cb8ff6b478c822a7a5917beb5bded325.jpg,train,0,1
-17-_jpg.rf.cb562dc02fc595f4fa137bb5ac8d5f21.jpg,train,0,1
download-17-_png.rf.cb99e72f62b40f1a26e480fe70bd9378.jpg,train,0,1
image-no477-normal-_png.rf.cb944fa1ed5ed898992fcf2a66836178.jpg,train,0,1
bone-cancer_valid_2_307_png.rf.cb31a81c5c8d9e533e43dcc2f1b22676.jpg,train,1,0
bone-cancer_train_2_2071_png.rf.cba57661e298c7f922d32f46319144de.jpg,train,1,0
IMG0000706_jpg.rf.cb44b8fb5e767ae3226dc4e8d02a0aab.jpg,train,0,1
Picture1_jpg.rf.cb898f131745b20a559e2210290363f7.jpg,train,0,1
IMG0000441_jpg.rf.cba37ad07a42b98f14c798a10888704d.jpg,train,0,1
bone-cancer_valid_204_png.rf.cb45d3298e947503ad547725fcd43399.jpg,train,1,0
foot_88_png.rf.cbcc53bf5b769a3aa9915de47b48f3c5.jpg,train,1,0
pelvis_13_2_png.rf.cb2dceeff0f1f292e4b6cb9d9fdb9b63.jpg,train,0,1
image-no720-normal-_png.rf.cbfa30128499602edabd083b6e714d91.jpg,train,0,1
IMG0000041_jpg.rf.cbe84d6b91057cded3900e97d4f009f5.jpg,train,0,1
bone-cancer_train_2_940_png.rf.cbb982f7f2ea77c266e34175b19fbe8f.jpg,train,1,0
image-no568-normal-_png.rf.cbcf7a22eb8f4de764e7718375569390.jpg,train,0,1
image-no677-normal-_png.rf.cb9007d9b6c42b1504be06e3566a79f2.jpg,train,0,1
image-no156-normal-_png.rf.cb3ecaa4cc5194943c5f0c65f34af853.jpg,train,0,1
bone-cancer_valid_2_96_png.rf.cbec520648880b7b0918cbfcc6bc1592.jpg,train,1,0
Normal-adult-humerus-for-reference-_png.rf.cc04a8ec16449483f2efc532b5da02d9.jpg,train,0,1
IMG0000635_jpg.rf.cbeda27dc33f8813b5ffcf6a3fd7b7fa.jpg,train,0,1
IMG0000508_jpg.rf.cc7421a19173dfd3a5305c6c98265b10.jpg,train,0,1
IMG0000627_jpg.rf.cc46a42d36a73074e78f56deeaeb3257.jpg,train,0,1
ulna_osteosarcoma_2_png.rf.cc908159ae2bb732de8f1b979a400ffc.jpg,train,1,0
download-26-_png.rf.cc6336667091a16821ad3a37570991b4.jpg,train,0,1
bone-cancer_test_186_png.rf.cc5d33256de41398720bd04690daa9a9.jpg,train,1,0
IMG0000589_jpg.rf.ccbc3c6a5a066524fec8306353207f64.jpg,train,0,1
image-no317-normal-_png.rf.ccce962716a167f602f1ab9c07975549.jpg,train,0,1
IMG0000847_jpg.rf.ccca0d1100ee1f416a91b97a2401d7e1.jpg,train,0,1
bone-cancer_train_2_644_png.rf.cc876f187101052a5435714c7a757b43.jpg,train,1,0
IMG_7984_JPG_jpg.rf.cccec2f9b9448b564bd92d10a95c7327.jpg,train,1,0
IMG0000628_jpg.rf.cce1f31846576d42290e135d255d63b8.jpg,train,0,1
111_JPG_jpg.rf.ccbbebd750e631f2f5ab400ff71fbfcb.jpg,train,1,0
IMG0000000_jpg.rf.cc35977b48e4b40e155823d2895ad298.jpg,train,0,1
femur_ewing_1_PNG.rf.cccf27515a09a07fb73383e27146f711.jpg,train,1,0
pelvis_chondrosarcoma_16_png.rf.cca5d842a59d2531f1bb649f472a607d.jpg,train,1,0
image-no389-normal-_png.rf.ccdc26852a28cc5bad64742c19859a49.jpg,train,0,1
bone-cancer_train_2_420_png.rf.cce393b8ffbb58f9c8855cdd31067186.jpg,train,1,0
IMG0000832_jpg.rf.cd0201990b589ae0d327d38c771519d4.jpg,train,0,1
foot_5_3_png.rf.cd0840e3e2f79c3fb89883f5a2f516de.jpg,train,0,1
image-no544-normal-_png.rf.cd0a9c3e02dd67f4f4e070dc9c357365.jpg,train,0,1
bone-cancer_valid_65_png.rf.cd1da6aec69f343fa94702492e6752f7.jpg,train,1,0
elbow_5_1_png.rf.cd002086caeded555da17c9b3c3155e7.jpg,train,0,1
bone-cancer_train_2_2390_png.rf.cd0a3e7d0d9f02f006df62794af097e9.jpg,train,1,0
IMG0000291_jpg.rf.cd2540f8c90957e1e2eb0970b1c9b19e.jpg,train,0,1
IMG0000714_jpg.rf.cd4f5ea06c4fd7b37ba6d362f5690f3c.jpg,train,0,1
cervical-spine_5_png.rf.cd336f3f16243e1fefa357f9532f9440.jpg,train,1,0
bone-cancer_train_2_370_png.rf.cd5e15e76cd93c6d33ef5b6443694e5d.jpg,train,1,0
image-no695-normal-_png.rf.cd505ae60a2ada89cf0a3850502175c8.jpg,train,0,1
bone-cancer_train_2_440_png.rf.cd54f0ccfa6df0e9cc05c2718ed57eeb.jpg,train,1,0
bone-cancer_valid_2_351_png.rf.cd2ec46583bedc298d3bc59e1e5ad40e.jpg,train,1,0
bone-cancer_train_2_1849_png.rf.cd3bcefc139aaaad7245cb9f750bc2fc.jpg,train,1,0
hand_22_png.rf.cd63ed61cd1b9933053d6e8ae4b08589.jpg,train,0,1
image-no65-normal-_png.rf.cd7a652ad564ca7a9c57155dea286eb4.jpg,train,0,1
58_JPG_jpg.rf.cd7a06c8aa3840f7656a5b67b54c9075.jpg,train,1,0
IMG0000660_jpg.rf.cd818fea4ce4e4a8f6182f79a5c34e7a.jpg,train,0,1
bone-cancer_valid_2_282_png.rf.cd72ef8e7926c1c5f733020f6166d7e6.jpg,train,1,0
IMG0000345_jpg.rf.cd82e1db7ad197fdd9c769a4d81c1cdb.jpg,train,0,1
bone-cancer_train_2_1946_png.rf.cdd74b6c4e84afa0599e2b3957382ae1.jpg,train,1,0
hand_ch_8_png.rf.cdd4604b47663360ba985d48e1a1c21a.jpg,train,1,0
IMG0000700_jpg.rf.cdb6bccf4d6bfb90d72077ddb3a67d0a.jpg,train,0,1
image-no142-normal-_png.rf.cde8f82bafa99ccb6e11432e42a78473.jpg,train,0,1
IMG0000358_jpg.rf.cd85fffcc133b85ba9aaaed7bbb65366.jpg,train,0,1
image-no672-normal-_png.rf.cd954821bdeef793ae5946191480a756.jpg,train,0,1
ped_9_png.rf.cdb87f3b79a082b7cd197d397d19f62b.jpg,train,1,0
IMG0000161_jpg.rf.cd9defdd4693b4ce7d19eea84f782bf7.jpg,train,0,1
IMG0000512_jpg.rf.cdf0be1c4affdd55e0b652b7bcfb9f87.jpg,train,0,1
IMG0000811_jpg.rf.ce1f80ffc228e174e93b28f82d505061.jpg,train,0,1
bone-cancer_train_2_194_png.rf.cdead2242a6e45a7572222cfefe45be7.jpg,train,1,0
IMG0000812_jpg.rf.ce0c0e0d64d9d5f33d272ed0f0a3e61f.jpg,train,0,1
IMG0000644_jpg.rf.ce04de84841112f7459f860e2ca6931c.jpg,train,0,1
IMG0000611_jpg.rf.ce13e4e2f3887961ca7d9b25b920aac5.jpg,train,0,1
image-no389-normal-_png.rf.ce47a3126bdbbcc1096983f4ebea2d99.jpg,train,0,1
bone-cancer_valid_2_348_png.rf.ce385b2a2d49a381a23fcc0926f6ff72.jpg,train,1,0
IMG0000014_jpg.rf.ce4224606838de9d27442e7350c628fb.jpg,train,0,1
IMG0000590_jpg.rf.ce39908152f9fb450fb3dd11ab6eb04f.jpg,train,0,1
image-no491-normal-_png.rf.ce3157b6347ee30f400e1e91f5196ac0.jpg,train,0,1
image-no303-normal-_png.rf.ce502372ea06959552c2b48f3d97716a.jpg,train,0,1
IMG0000628_jpg.rf.ce37fe4703dcda387ba2493699d10744.jpg,train,0,1
bone-cancer_valid_418_png.rf.ce613ee0df81fc36f81f852ee75e6947.jpg,train,1,0
tibia_metastasis_19_PNG.rf.ce87e43278781057d894a5579c67219c.jpg,train,1,0
IMG0000388_jpg.rf.ce82679d73387a6ce374bfbf0aa3dd2a.jpg,train,0,1
bone-cancer_valid_2_137_png.rf.ce6f79b73097a0960b1f7539494ee21f.jpg,train,1,0
130_JPG_jpg.rf.ce6c03984df6a438aee8ed46dc0619ac.jpg,train,1,0
IMG0000424_jpg.rf.ce8fa5f78904be925dcad88896ad63e6.jpg,train,0,1
bone-cancer_train_2_1916_png.rf.cec2e6e9d07309ff9ffb90bf66fab485.jpg,train,1,0
IMG0000811_jpg.rf.ceae2d3bce4a9a7577fe00067f04d2eb.jpg,train,0,1
-45-_jpg.rf.ce80d60d68a4c7cbf476f8f06bb03072.jpg,train,0,1
femur_osteosarcoma_12_PNG.rf.ce7494d5c7551e413b2833185904a81e.jpg,train,1,0
IMG0000711_jpg.rf.ce42356df189edea82d1ced21ea817b0.jpg,train,0,1
IMG0000637_jpg.rf.ceca0be73891cef072021ac25634a729.jpg,train,0,1
IMG0000876_jpg.rf.cedb99d84e3bd2d1ac0eecab0ae781f6.jpg,train,0,1
download-35-_png.rf.cefae2b8ab0d494826f8d52152f9dd82.jpg,train,0,1
tf_15_2_png.rf.cef2c40a28e08431b215201b4c7d4639.jpg,train,0,1
IMG_1411_JPG_jpg.rf.cf79d1cf34328bcf1687a6a85ebccc26.jpg,train,1,0
bone-cancer_train_2_1858_png.rf.cee66194ca307f97bc0db6f8c5215c80.jpg,train,1,0
IMG0000635_jpg.rf.cf25d816d81cc43b2639642cdea2b750.jpg,train,0,1
elbow_9_1_png.rf.cee60a1ada854cd6fd39ef68d295898d.jpg,train,0,1
image-no251-normal-_png.rf.cf96eb188a7bd7a22911036383473cde.jpg,train,0,1
fibula_chondrosarcoma_8_PNG.rf.cf082065dfa9a897c98d64bb8cfaa230.jpg,train,1,0
image-no472-normal-_png.rf.cf49491228d1d90d938668c1b4a695fe.jpg,train,0,1
hand_ch_7_png.rf.cf89ced4dd15e983d3f1558a3730d79b.jpg,train,1,0
bone-cancer_valid_384_png.rf.cf306d19bf6c559abaaa9605a8109a99.jpg,train,1,0
bone-cancer_train_2_376_png.rf.cf84b93862e71890363dae4e4fe7e8e6.jpg,train,1,0
image-no732-normal-_png.rf.cfd33f1e629db9025c750c791edfff16.jpg,train,0,1
hand_6_2_png.rf.cfed9893a497ff1bde696a5affbbe799.jpg,train,0,1
image-no183-normal-_png.rf.cf6824c064142ea2a1d47a1b33d1d0d6.jpg,train,0,1
hand_29_png.rf.cfb2b344e56ab71066ea14288e6eb9d0.jpg,train,0,1
bone-cancer_valid_208_png.rf.f8b086ed74fb90b0379db5dbad4227bd.jpg,train,1,0
IMG0000585_jpg.rf.f8cea0f2a1fc8217658c343635266945.jpg,train,0,1
IMG0000396_jpg.rf.f8e1734f50d894e17ca8ffd357192c65.jpg,train,0,1
-9-_jpg.rf.f8a2b031970b17f534ae59298ce379c1.jpg,train,0,1
IMG_0486_JPG_jpg.rf.f8f5c415bb26d818ee155f0b648ba7d3.jpg,train,1,0
IMG0000511_jpg.rf.f94d4d4c78c88dfcfd04030ec12bb0f0.jpg,train,0,1
IMG0000781_jpg.rf.f8bbdb8bff5692866c32a5fce3265a62.jpg,train,0,1
bone-cancer_valid_60_png.rf.f95d7a61f5b43881fd815a90778f49d7.jpg,train,1,0
image-no445-normal-_png.rf.f918bbdf3fee17867c39f33328723183.jpg,train,0,1
IMG_0090_jpg.rf.f8e6598ed19604506985a12c26d2c721.jpg,train,1,0
IMG0000730_jpg.rf.f8e5ffccac2a5eca1c201cc7c5b397d5.jpg,train,0,1
tibia_other_11_PNG.rf.f8ed8ed8e521fb65aaf89343e3a41cc7.jpg,train,1,0
image-no741-normal-_png.rf.f8e16503a2d7e4c2457277ddaedd0a8a.jpg,train,0,1
bone-cancer_train_2_1780_png.rf.f951911823409ecd7fb844d2d981fca4.jpg,train,1,0
IMG0000167_jpg.rf.f988b077488d2bb397d9701f895ee8ba.jpg,train,0,1
forearm_12_1_png.rf.f93a6ed9fc5ea21ba007d691e6fa4a27.jpg,train,0,1
image-no12-normal-_png.rf.f8c29a4554a81ecb880538fac48957ce.jpg,train,0,1
femure_chondrosarcoma_7_PNG.rf.f8e78a9fd63d1c5af652fc92b2c87f28.jpg,train,1,0
humerus_2_2_png.rf.f92dc878305709d833e0397d07486abb.jpg,train,0,1
image-no153-normal-_png.rf.f9a23b7527a7ecdf868b63fef7bd73f8.jpg,train,0,1
image-no53-normal-_png.rf.f990afa1924201a308bab8da76f8bb6a.jpg,train,0,1
IMG0000531_jpg.rf.f99a55cc5382cbb19c240787945d1fe4.jpg,train,0,1
image-no596-normal-_png.rf.f99b43c6c2ff01ab7729f07c8b1f17d1.jpg,train,0,1
pelvis_25_1_png.rf.f9bae966e8e45f9f85ecc88d5bacd495.jpg,train,0,1
bone-cancer_train_2_1557_png.rf.f9b297ff877f6f91c38a8e09ff699560.jpg,train,1,0
IMG0000403_jpg.rf.f9b4aadcb63f7dca631bbeed28b26e99.jpg,train,0,1
IMG0000658_jpg.rf.f9dc6a0027a518c56888edc810d76db7.jpg,train,0,1
IMG0000807_jpg.rf.f9e9d7d9c550c44b0dfc37b5fabd16a7.jpg,train,0,1
IMG0000899_jpg.rf.f9ddfa7ee4692d56ad3720f6ee02d677.jpg,train,0,1
IMG0000597_jpg.rf.f9ed414f54ec0d09d747d8cfbe719712.jpg,train,0,1
new6_png.rf.f9c79b396bbd683f08fa169ac0d9b6cc.jpg,train,0,1
IMG0000406_jpg.rf.fa2f517879ec3a1939afefb41bcfe5cb.jpg,train,0,1
femure_chondrosarcoma_19_PNG.rf.f9f6d4652c74db02271a128f5675f023.jpg,train,1,0
bone-cancer_train_2_319_png.rf.fa51112230f68a53234e5fb981a8661d.jpg,train,1,0
bone-cancer_train_2_1913_png.rf.fa2515d737023920a0992ce78c17c83d.jpg,train,1,0
bone-cancer_valid_308_png.rf.f9f38a8185501acb88a77e9af3650d8b.jpg,train,1,0
bone-cancer_valid_2_315_png.rf.f9ee9fb705934586fcdaa2bf986dec38.jpg,train,1,0
IMG0000864_jpg.rf.fa4ca142723c7daebaac0620a7837a71.jpg,train,0,1
bone-cancer_test_99_png.rf.fa52ec919bb218304c792c63e6e1c8b7.jpg,train,1,0
image-no285-normal-_png.rf.fa7638b3d2155c3a457220acdf6b30d4.jpg,train,0,1
IMG0000342_jpg.rf.fa7a15e195fa29872b15642ffc62c23f.jpg,train,0,1
bone-cancer_valid_2_343_png.rf.fa5b333e5a9799c010d52dfa2c03fa48.jpg,train,1,0
foot_62_png.rf.fa8cdbd49ffb3fb4454a05e0ea29ec81.jpg,train,1,0
image-no497-normal-_png.rf.fa883eaf352f5fb5aacbc61c208c1ea5.jpg,train,0,1
IMG0000635_jpg.rf.fa9906fb529da345fae31bb5606e28ad.jpg,train,0,1
bone-cancer_train_2_856_png.rf.fac9b37e0a6028f4465a8d96be71ff32.jpg,train,1,0
IMG0000784_jpg.rf.faa8bd5ac014e12f5cc12a3d55a51a0d.jpg,train,0,1
image-no66-normal-_png.rf.faaf659270ac432c1ca36f5cb3a693ea.jpg,train,0,1
bone-cancer_train_2_2364_png.rf.faf272275d4f8c620d14b9cb15cc54d3.jpg,train,1,0
bone-cancer_train_2_318_png.rf.faf100cdac0fda279a2eb63dd460f86d.jpg,train,1,0
bone-cancer_train_2_163_png.rf.faf2bf7c8ab1b45912d92e7b3e4c99f9.jpg,train,1,0
download-33-_png.rf.fad50f9d908e9f5b4c58b08703cc9532.jpg,train,0,1
image-no647-normal-_png.rf.fa8dd1cfbc71f2022658de4873c355a6.jpg,train,0,1
bone-cancer_test_155_png.rf.facb5f7ac926aa91f68c69be0b2a2bf8.jpg,train,1,0
IMG0000481_jpg.rf.fb037f5285e5f137304c72d541689eca.jpg,train,0,1
161_JPG_jpg.rf.fb066e11e911fbef64020e2f20c2017c.jpg,train,1,0
image-no626-normal-_png.rf.fb267e0fb8e96cbe2fda9644434063c7.jpg,train,0,1
bone-cancer_train_2_298_png.rf.fb12ab31e88db697a377e6bc0fb96d14.jpg,train,1,0
IMG0000897_jpg.rf.fb2cacfc2b83ad1a96a8b5d490e09a76.jpg,train,0,1
IMG0000814_jpg.rf.fb300d5364b5b998e3cfe24fee081728.jpg,train,0,1
IMG0000586_jpg.rf.fb444119dec3d067ea49594de23e2525.jpg,train,0,1
image-no723-normal-_png.rf.fb5ab9645c8142d5d1ea9cee926e1f32.jpg,train,0,1
image-no262-normal-_png.rf.fb16f7ce579a1d7a0784560b3915f383.jpg,train,0,1
bone-cancer_train_2_1870_png.rf.fb30cedfde51b6dfc3a56be5de51723e.jpg,train,1,0
bone-cancer_train_2_2510_png.rf.fb515baeeab56eb654db79b9ea008151.jpg,train,1,0
image-no304-normal-_png.rf.fb434ce1db5b77b3c9d5888174c5d347.jpg,train,0,1
image-no742-normal-_png.rf.fb35d7f578a49129700866df8b24860a.jpg,train,0,1
IMG0000694_jpg.rf.fb5c3da46555e64d09989fd6c0599ab1.jpg,train,0,1
knee_14_1_png.rf.fbb0821fc677d1a68127ea7b89e80ed6.jpg,train,0,1
bone-cancer_valid_2_156_png.rf.fb7a219d4773d39ad369100c5893b33a.jpg,train,1,0
IMG0000610_jpg.rf.fbabba4376d2e8649035140073c440fc.jpg,train,0,1
IMG0000723_jpg.rf.fb7a5a5a0b9bbf3442f5686c4ed93510.jpg,train,0,1
IMG_0486_JPG_jpg.rf.fb8e62d7464b9539390829b668a0da33.jpg,train,1,0
image-no736-normal-_png.rf.fbbfd44142c342c931dba8dd583d3bfd.jpg,train,0,1
IMG0000263_jpg.rf.fb8e2db38725c490eef4e1da66d3b965.jpg,train,0,1
IMG_3985-2-_JPG_jpg.rf.fbc34cb0ccc92b81f64b4daed36ff8f9.jpg,train,1,0
bone-cancer_valid_2_281_png.rf.fb8d90b474ec6ad3fec8d0c0274167a9.jpg,train,1,0
IMG_5797_JPG_jpg.rf.fb7b48a4f4bb6d9e7c8aeed0c9012126.jpg,train,1,0
ped_8_png.rf.fbd27992fbab2af04c6c5429511237e4.jpg,train,1,0
IMG0000791_jpg.rf.fba7d36f5d2256ab4e1d1798d1249693.jpg,train,0,1
tibia_osteosarcoma_9_PNG.rf.fbcad9734734f5e7cccd07ad519688a1.jpg,train,1,0
IMG_5310_JPG_jpg.rf.fbd8d56731f7c23cc8e66e91ded95637.jpg,train,1,0
bone-cancer_test_107_png.rf.fbd93370eef068bb9e2795f704333e53.jpg,train,1,0
bone-cancer_valid_181_png.rf.fbda9c6c9bd89baf0745bb07a61f6ebd.jpg,train,1,0
fibula_chondrosarcoma_12_PNG.rf.fc3a1d2478ac06f237443840a33ec5c2.jpg,train,1,0
istockphoto-182506587-612x612_jpg.rf.fbe3571af346730139c3ccf00cfb26c4.jpg,train,0,1
IMG0000553_jpg.rf.fc57e62e1d1ba35fd1718c2d1038b39c.jpg,train,0,1
bone-cancer_train_2_1362_png.rf.fc481f5e68065a54add66e0670012ebe.jpg,train,1,0
206_JPG_jpg.rf.fc4e0edd5c3d0e664b0088637dfcd9c9.jpg,train,1,0
femure_chondrosarcoma_22_PNG.rf.fc86964f4c6ef2a879a26f8974c6fe5d.jpg,train,1,0
bone-cancer_train_2_578_png.rf.fc760338e050f75581336618143978f7.jpg,train,1,0
hand_51_png.rf.fca01a12b2a9d22e60fa740926f41801.jpg,train,0,1
image-no113-normal-_png.rf.fca750b5dee99f0f418380a26c5c18d8.jpg,train,0,1
bone-cancer_train_2_1388_png.rf.fc8e58eb138976965afc5515f5b1827b.jpg,train,1,0
IMG0000459_jpg.rf.fccc728cb32fcb6c44b45e0ee896fade.jpg,train,0,1
hand_osteosarcoma_14_png.rf.fcad73a67f787fe697638cea5841112c.jpg,train,1,0
image-no414-normal-_png.rf.fcca810db028267f8e6fc01469aaac72.jpg,train,0,1
IMG0000437_jpg.rf.fccb8b16329c2ef09466eae35d440b7d.jpg,train,0,1
download-24-_png.rf.fcbe684d0a3637f6e378d616c9c4fb31.jpg,train,0,1
knee_9_1_png.rf.fcd87e887726d9bc5d38b655d60712cf.jpg,train,0,1
tibia_chondrosarcoma_8_PNG.rf.fcde985cb6b10e51f4932cd2a24ea8d5.jpg,train,1,0
IMG0000399_jpg.rf.fce7b786de63785186a81b4687fe95cf.jpg,train,0,1
fibula_ewing_26_png.rf.fd1b79cb95eb5cfb1508fd964a462037.jpg,train,1,0
istockphoto-1421843155-612x612_jpg.rf.fd656642a01dcbb6ba26a8c6243d4402.jpg,train,0,1
bone-cancer_valid_209_png.rf.fc76e22ca4e5f3db86405ab233f91452.jpg,train,1,0
bone-cancer_train_2_2522_png.rf.fd26b0f52e7f522c83730494941baf92.jpg,train,1,0
image-no230-normal-_png.rf.fd4fb88dd420bc7b399383043ce2fa2b.jpg,train,0,1
image-no10-normal-_png.rf.fd5511e220e4043d361233fb358cf92c.jpg,train,0,1
foot_25_png.rf.fd70070a8a75b86a89b690f751ee1abf.jpg,train,1,0
bone-cancer_test_194_png.rf.fd6b00bb9e46cea4b374bf60a6c187a8.jpg,train,1,0
image-no479-normal-_png.rf.fd7549b179d179ac791c503f3d73eec0.jpg,train,0,1
bone-cancer_train_2_932_png.rf.fd72bbd0f666450fc131090df7691b23.jpg,train,1,0
bone-cancer_valid_2_227_png.rf.fd3f114026ae09f30f624559a1a64fe5.jpg,train,1,0
bone-cancer_train_2_804_png.rf.fd6ded620a591928dbe42fd35abfcde5.jpg,train,1,0
IMG0000897_jpg.rf.fd772abbfa8ea1de920ec96171ae1df3.jpg,train,0,1
bone-cancer_valid_2_135_png.rf.fdde2d03e11f8e5fe9722bef79f39b58.jpg,train,1,0
bone-cancer_train_2_1177_png.rf.fd819f3b4206852c4c64f859d18d4fa6.jpg,train,1,0
IMG0000670_jpg.rf.fdedb573c286029ba3a355447de00115.jpg,train,0,1
IMG0000674_jpg.rf.fde3bac49735dc9fef1e05dbcdd8f7b2.jpg,train,0,1
download-28-_png.rf.fe4c2176623572b1dc3270dd3f982f38.jpg,train,0,1
IMG0000427_jpg.rf.fe24ee59eaf10610bad65838945c31a6.jpg,train,0,1
image-no126-normal-_png.rf.fdfd4a8ed262a0f5c7b5c664c33f99d9.jpg,train,0,1
pelvis_other_4_png.rf.fe2a6d76a648b28a72fa8df48faaf428.jpg,train,1,0
bone-cancer_train_2_223_png.rf.fe60d728e45b80c8ed4c06001d912ec2.jpg,train,1,0
IMG0000714_jpg.rf.fe6d5403ed910ca46adf522932d37f7c.jpg,train,0,1
IMG0000539_jpg.rf.fe4dca2ec3e89325728d0dba2aeda9a0.jpg,train,0,1
IMG0000508_jpg.rf.fe7bd2d6f6ef22461af2bbfc88f2b551.jpg,train,0,1
bone-cancer_valid_2_30_png.rf.fe840136023c3b03ea5d29c7d310662a.jpg,train,1,0
knee_12_2_png.rf.fe99951941d27d53665eace21e09600e.jpg,train,0,1
bone-cancer_train_2_92_png.rf.fe8cf1c3fc40837fac4a4b52357437cf.jpg,train,1,0
bone-cancer_valid_2_362_png.rf.fea56cccaf4b9a53e67d4bfbad483b20.jpg,train,1,0
bone-cancer_train_2_857_png.rf.feaf45b4f9390504094586923de6aefb.jpg,train,1,0
IMG0000633_jpg.rf.febe021cb801e1116d0cd83a6efff13a.jpg,train,0,1
bone-cancer_train_2_2381_png.rf.fec3923dcc6ae3cd90cb766fe45dead7.jpg,train,1,0
DBEA1876_JPG_jpg.rf.fe883c8160e99551aacabb4fd25134f1.jpg,train,1,0
IMG_8700_JPG_jpg.rf.fefdc6dbd199e1350bdc58fe1a628f60.jpg,train,1,0
bone-cancer_train_2_2344_png.rf.fe957eef3cf19af4896d3417973d1670.jpg,train,1,0
IMG0000748_jpg.rf.fec0629e3af0abb988da9d286cdd9cf4.jpg,train,0,1
bone-cancer_valid_2_93_png.rf.fef3164ef2c29bb8a44c082b274cb123.jpg,train,1,0
IMG0000426_jpg.rf.fe9d2f8c9f9a49fe09042522ab6717f6.jpg,train,0,1
185_JPG_jpg.rf.fec6648825e902ae056a91370b046a34.jpg,train,1,0
bone-cancer_train_2_371_png.rf.fedb20149e97ccf767f43aea7bba4b7c.jpg,train,1,0
bone-cancer_train_2_2400_png.rf.fef6157f14f8c939fdc3408046edd15f.jpg,train,1,0
image-no221-normal-_png.rf.febb07500cba049bf93497242f53b345.jpg,train,0,1
IMG0000499_jpg.rf.ff08c3289b20e1f431026cb42ec7d8be.jpg,train,0,1
image-no5-normal-_png.rf.ff0d48d1f6a40765ec1688a9cc3e42d1.jpg,train,0,1
image-no678-normal-_png.rf.feeaefc0dd7cd29fbeb237dffad00536.jpg,train,0,1
image-no419-normal-_png.rf.ff0185e92fb0b656d34d24627af28af8.jpg,train,0,1
fibula_osteosarcoma_2_PNG.rf.ff25c411acfc091c9842cfb9eeb15de2.jpg,train,1,0
pelvis_9_2_png.rf.fe9cece39ec50ea8ee224ab4941d1d70.jpg,train,0,1
download-38-_png.rf.ff2ccd51aee38a6ebccfd8673dccb1cf.jpg,train,0,1
bone-cancer_valid_91_png.rf.fea0a751687b55ca7bff9f7ba657aa0d.jpg,train,1,0
IMG0000290_jpg.rf.ff20cb25446506e252ef6b80df58ef81.jpg,train,0,1
pelvis_25_male_1_png.rf.ff29430a0e59287bcbff39d8b7dcae3e.jpg,train,0,1
image-no685-normal-_png.rf.ff2c0d734776846fbb7c3b8ef5479313.jpg,train,0,1
IMG0000329_jpg.rf.ff696931f64a6479a6358c54cad7b61f.jpg,train,0,1
IMG0000853_jpg.rf.ff4f71c268bc988a7abd03b5451408cf.jpg,train,0,1
71_JPG_jpg.rf.ff7eea50c553da2b9d536a07a20cf70a.jpg,train,1,0
image-no689-normal-_png.rf.ff62ee9f9536819dc1e0749aad98d471.jpg,train,0,1
IMG0000873_jpg.rf.ff8b4467b32b6a8b8451ecbbbf032721.jpg,train,0,1
foot_36_png.rf.ff491afa68e604687121d1c661366fb7.jpg,train,1,0
IMG_0202_jpg.rf.ff3319ce95aa1efc5fad2fe86ff0e656.jpg,train,1,0
pelvis_11_2_png.rf.ff31611326ecbf07e58410c1ad467506.jpg,train,0,1
femur_metastasis_10_PNG.rf.ff6447343ee4ac710f88323a5a264911.jpg,train,1,0
Scapula_1_2_png.rf.ffb51e52b07401f95919f032c3b20901.jpg,train,0,1
hand_8_1_png.rf.ff7081daf275977b880c8d0262520a0f.jpg,train,0,1
IMG0000775_jpg.rf.ffec97d7ceb24abd1387d8113398a986.jpg,train,0,1
IMG0000264_jpg.rf.ffeb35e455be535b6f3c6d8717d6f72b.jpg,train,0,1
IMG0000815_jpg.rf.ff811fc1cc8f8d55ed91454051b7e438.jpg,train,0,1
bone-cancer_train_2_2092_png.rf.ffb4d986fd4936228b7fb22a6141495a.jpg,train,1,0
foot_37_png.rf.fff4a878f2e0c636f8b52d28aa6fc4bf.jpg,train,1,0
IMG0000499_jpg.rf.ff9459eb705136abb1d4239045650dba.jpg,train,0,1
177_JPG_jpg.rf.016b13419907ef52e805cde43d35225d.jpg,valid,1,0
IMG0000345_jpg.rf.006fa65fdaa1df5d6287aefdf9efa49f.jpg,valid,0,1
foot_35_1_png.rf.006b991a599ebee5cc6d7bd8678bb2d3.jpg,valid,0,1
IMG0000291_jpg.rf.017794ae2367a87da945a33c8fa618dc.jpg,valid,0,1
IMG0000833_jpg.rf.02e4f31bc0df6ad5663194c1550851e7.jpg,valid,0,1
pelvis_osteosarcoma_10_png.rf.02fe5aaca8d084b0eed5d993b673965d.jpg,valid,1,0
IMG0000765_jpg.rf.040f0debb12e26d021cd758de8e74dba.jpg,valid,0,1
image-no666-normal-_png.rf.03851f31e5b866e5488a3e6355f7129f.jpg,valid,0,1
bone-cancer_train_2_1540_png.rf.0562db495789d1108f70052536514bd2.jpg,valid,1,0
IMG0000349_jpg.rf.06212e04c575b571bcaf5cad625716c3.jpg,valid,0,1
IMG0000335_jpg.rf.062f90319435c1eec68b1b978125174b.jpg,valid,0,1
image-no234-normal-_png.rf.05342d8a8ee1b30bfa063d65c7ac1f76.jpg,valid,0,1
femur_5_1_png.rf.073863f31c040ba2d1554c08e12acb2a.jpg,valid,0,1
istockphoto-112257789-612x612_jpg.rf.043155b3f3eb3173658f461ce6bb0dff.jpg,valid,0,1
bone-cancer_train_2_993_png.rf.06347460b9ba2b4002f018299b939286.jpg,valid,1,0
bone-cancer_train_2_2192_png.rf.0686a17dd85900d8126ca1c4ed453bef.jpg,valid,1,0
IMG0000753_jpg.rf.05ea7a812379cce9671d029c55df0224.jpg,valid,0,1
fibula_osteosarcoma_17_PNG.rf.0af1a240b36ea76b59e08a2c79acdfde.jpg,valid,1,0
IMG0000818_jpg.rf.08d9f72a8115a31a81d1b97c2e81dc71.jpg,valid,0,1
IMG0000799_jpg.rf.0a794b47fd7937aa5d5347bf752a402c.jpg,valid,0,1
bone-cancer_valid_2_45_png.rf.0a01b475f3433874f57a273d0e615540.jpg,valid,1,0
IMG_3670_JPG_jpg.rf.03d7573da8d65d153a34aa5ae8378b80.jpg,valid,1,0
download-25-_png.rf.088f8d33d6e9721ad24ed586945bb251.jpg,valid,0,1
bone-cancer_train_2_1773_png.rf.0504e1366cbf429f6002577ad70164d6.jpg,valid,1,0
bone-cancer_train_2_1995_png.rf.0a9bfb2e9c18c950b209c632cda51a6d.jpg,valid,1,0
hand_ewing_7_png.rf.0980353c6276c16aa86b71fefb0e093d.jpg,valid,1,0
ankle_3_2_png.rf.04544fe4f97d70b056262df77ca11522.jpg,valid,0,1
image-no70-normal-_png.rf.08424285a97d723bcbe8e9498f564495.jpg,valid,0,1
image-no734-normal-_png.rf.0b3160cb2319c997775fb97c2cccf68a.jpg,valid,0,1
IMG_0571_JPG_jpg.rf.0d243c3e24c148aff9350362675ae8c7.jpg,valid,1,0
IMG0000835_jpg.rf.0afbe475998662fd1e8ac84af4831e85.jpg,valid,0,1
bone-cancer_train_2_2189_png.rf.0da2ed8e7f545cd3ad33aeb9fc62b250.jpg,valid,1,0
foot_17_png.rf.0d30ebed7498a9aa7a6b02c44810ae03.jpg,valid,1,0
bone-cancer_valid_2_271_png.rf.0d50d6100545db70e1d2ff3d79431228.jpg,valid,1,0
humerus_41_png.rf.0df73b54bb0438bf1e0dcff377d60a8f.jpg,valid,1,0
IMG0000161_jpg.rf.0e01d3d2997f973cfd5aa1ef22183a40.jpg,valid,0,1
IMG0000426_jpg.rf.0e6f0926285ab1de655eeeec053f5eda.jpg,valid,0,1
femur_11_1_png.rf.0e3889670ffbc2e31b77b3cc1ebd7c0e.jpg,valid,0,1
tibia_chondrosarcoma_9_PNG.rf.0e8d443ee8d3f7958a7789fd6977914c.jpg,valid,1,0
bone-cancer_train_2_518_png.rf.0db57cc2d0a60832e94599bce6567ddd.jpg,valid,1,0
bone-cancer_train_2_2059_png.rf.0efe7bf4c1b56af1a5d36bd3efb71fa3.jpg,valid,1,0
169_JPG_jpg.rf.1077dc0715618cbd8cf148579ef10fba.jpg,valid,1,0
IMG0000465_jpg.rf.128cc83eb8cd181046e5b101e4ddfcde.jpg,valid,0,1
image-no39-normal-_png.rf.0f9d213559aa3867d42f29fd8a0f878e.jpg,valid,0,1
IMG_3523_JPG_jpg.rf.0fa967bc302be3f7aa618a223106e8c7.jpg,valid,1,0
bone-cancer_train_2_970_png.rf.1331f3a4a5eba930740a267c5f12d633.jpg,valid,1,0
No-evidence-of-an-avulsion-fracture-Joint-alignment-is-normal-No-abnormality-of-the-acromioclavicular-joint3-_png.rf.1182c82c468f2cf244c909c0b2e48b22.jpg,valid,0,1
foot_10_1_png.rf.11b27ab77b138553bf922ae794e34a7d.jpg,valid,0,1
IMG0000674_jpg.rf.10ae82dd3d1526e7f05c8ebc7f4dd3af.jpg,valid,0,1
-69-_jpg.rf.129df4e677f250f8182d2b68260dd83c.jpg,valid,0,1
tibia_other_6_PNG.rf.134861edcc3ba1d7fe874e2967e8c777.jpg,valid,1,0
IMG_9390_JPG_jpg.rf.11ae6d2821f3efc9595c40c4da45539d.jpg,valid,1,0
IMG0000812_jpg.rf.136f532505d685f627de3915040fcdf0.jpg,valid,0,1
IMG0000291_jpg.rf.13e4f657f916c34c8d4b2528f2d82137.jpg,valid,0,1
bone-cancer_train_2_1541_png.rf.14216da7f5a69d54c02d693fc787be26.jpg,valid,1,0
istockphoto-1013502154-612x612_jpg.rf.15dad4217cb42f02dd44c74c39ea6995.jpg,valid,0,1
IMG0000497_jpg.rf.17c1afe1144ddf1f28ff8a5dc19cd43e.jpg,valid,0,1
download-24-_png.rf.15428d2439d78202d3739411ea3f7c65.jpg,valid,0,1
IMG0000756_jpg.rf.17fd8ce020b84a513c3d87f606314bae.jpg,valid,0,1
image-no436-normal-_png.rf.195bb7f00913c5db35d05732ad72f9c3.jpg,valid,0,1
210_JPG_jpg.rf.1913dae85a1b0c7557565e676d9f977e.jpg,valid,1,0
elbow_2_1_png.rf.19b0e320e2f4df222a8d865afa54ec0b.jpg,valid,0,1
bone-cancer_test_43_png.rf.164c267ff7b337bc80c2ccc80e7c22c2.jpg,valid,1,0
bone-cancer_train_2_2424_png.rf.183856f1fba607dff789fa88e6782f0f.jpg,valid,1,0
bone-cancer_train_2_2021_png.rf.1813de6234d5810af74ba1bd10956291.jpg,valid,1,0
192_JPG_jpg.rf.1b3c117e2710c7a9600f11758ed0bbaf.jpg,valid,1,0
bone-cancer_valid_2_421_png.rf.18bcb7e15753d36aad3ac25972a5c738.jpg,valid,1,0
IMG0000836_jpg.rf.1903b787cd3e34b2bf84b958f2916231.jpg,valid,0,1
IMG0000827_jpg.rf.1a9e4adb55d5ff2be75399a279002dd5.jpg,valid,0,1
IMG0000836_jpg.rf.197966a7195f1be9a34854e1ce017035.jpg,valid,0,1
bone-cancer_train_2_2506_png.rf.1cb9e3fc131b2273b338ea1089697c0a.jpg,valid,1,0
image-no691-normal-_png.rf.19d5f65cbaadd77e95e2aca7d6f46225.jpg,valid,0,1
chest_0_1_png.rf.1ceee1bc3ae24a4652082ffc71ad3838.jpg,valid,0,1
bone-cancer_train_2_1221_png.rf.1ad1ea7a262037709103d5643d53855b.jpg,valid,1,0
bone-cancer_valid_2_109_png.rf.1cca9cd6755c6a5b6e7d9c3989a203ba.jpg,valid,1,0
download-37-_png.rf.1d011ad542f2d7356ea194fbe68ac3f7.jpg,valid,0,1
bone-cancer_valid_2_399_png.rf.1d47ee5a6772de60a5584415661369a3.jpg,valid,1,0
IMG0000811_jpg.rf.1f536c652fa14337d571988d38db179d.jpg,valid,0,1
IMG0000542_jpg.rf.1d9d54e92a595b3114508b1dc1204cef.jpg,valid,0,1
IMG0000888_jpg.rf.1de99746ef777597791c502c16347168.jpg,valid,0,1
IMG0000772_jpg.rf.21d0f2b9295791fc072b79b8463534fe.jpg,valid,0,1
IMG0000428_jpg.rf.1d60eb0ffdd177244fe1917378219bdb.jpg,valid,0,1
forearm_6_2_png.rf.20b18134fe7f9ece4181c25b5c9012cf.jpg,valid,0,1
IMG0000730_jpg.rf.2111d4fb09743a912cbd2937062c1c49.jpg,valid,0,1
image-no117-normal-_png.rf.1dc1e58552edd77d5c812f1ba0fcc0c1.jpg,valid,0,1
fibula_chondrosarcoma_2_PNG.rf.219ee995a67996102beda7919d21ba67.jpg,valid,1,0
IMG0000708_jpg.rf.230e08efd05c353dd1a7f99cd4b9bc80.jpg,valid,0,1
IMG0000430_jpg.rf.1e3bcdce473141767a87ed76eefb40e5.jpg,valid,0,1
bone-cancer_valid_111_png.rf.2344476c91a9e7cd26e5cd602e7c412f.jpg,valid,1,0
IMG0000542_jpg.rf.23705131bce2f8ed2dc35df1e2dd1e1a.jpg,valid,0,1
image-no163-normal-_png.rf.2316e756cb781428f21f10ba5fba2b58.jpg,valid,0,1
-46-_jpg.rf.22652217d118f98afa1071248c630564.jpg,valid,0,1
bone-cancer_valid_2_262_png.rf.228caef5958c686e2c6e9b7fa75c6baf.jpg,valid,1,0
chest_11_2_png.rf.238fe9f1230c131559cbc42e47194c25.jpg,valid,0,1
IMG0000768_jpg.rf.244372b4e0f43fa9044af0091f3e61f0.jpg,valid,0,1
image-no211-normal-_png.rf.25a9af90448e7eaa9b31304ff9e298ed.jpg,valid,0,1
chest_female3_png.rf.2572de9f6d343dc5342504334360796f.jpg,valid,0,1
bone-cancer_valid_2_163_png.rf.259eb2af543a5ba7ddfdfbc8ea4d86f4.jpg,valid,1,0
IMG0000591_jpg.rf.26c50c60c32d241c430344690a50b074.jpg,valid,0,1
IMG0000290_jpg.rf.26f8f8c69c5d2e84333b60ab16a9fd8b.jpg,valid,0,1
istockphoto-503672929-612x612_jpg.rf.24f44e76757fd11fa0ee6ea1a7ace661.jpg,valid,0,1
IMG0000828_jpg.rf.272bf018b8c5c2e1cd4b17c46b024f75.jpg,valid,0,1
hand_other_4_png.rf.278788f8ea70086f8f3a17532d51ba25.jpg,valid,1,0
hand_05_2_png.rf.2983228206a85a5620958720f2887eb0.jpg,valid,0,1
IMG_0572_JPG_jpg.rf.27eece8459f14d645f4d958842858940.jpg,valid,1,0
elbow_2_2_png.rf.27d85a8ee6cd3c856febabe088df4948.jpg,valid,0,1
femur_2_1_png.rf.27dd302c98aef1858a1176c70caf006e.jpg,valid,0,1
hand_17_png.rf.289c687f3b9865b327d76a9aa7dde7e5.jpg,valid,0,1
image-no650-normal-_png.rf.2a1b54a71d47530361e3655ecb322bf0.jpg,valid,0,1
8_jpg.rf.248ddec3e0282ed79ad5ce1eef7d9adb.jpg,valid,1,0
IMG0000898_jpg.rf.2a65a47efb70a3d320a153467c0b2984.jpg,valid,0,1
IMG0000290_jpg.rf.27acd99970168f2cd9b9b1127413a014.jpg,valid,0,1
image-no641-normal-_png.rf.28aac17b5eaac1e0f1e5a185c666a075.jpg,valid,0,1
istockphoto-151826062-612x612_jpg.rf.2a1e044abaa3cfa7c254d8d2b048113f.jpg,valid,0,1
68_JPG_jpg.rf.2a2cec439ca9c3103cf909919bc8aa49.jpg,valid,1,0
femur_metastasis_18_PNG.rf.2b22fedfdda397d6355c876d984033d4.jpg,valid,1,0
ankle_13_1_png.rf.2b7596a3b04574e99a34161af2ae22fa.jpg,valid,0,1
image-no524-normal-_png.rf.2c123a6f387411e3dc3aea6428260a95.jpg,valid,0,1
bone-cancer_train_2_1219_png.rf.2cb7a9d6b15759ddcc01d274b6241dab.jpg,valid,1,0
tibia_other_30_png.rf.2dd0a4698f39716bb877b3f7f5ef4423.jpg,valid,1,0
image-no82-normal-_png.rf.2d7bd7371f4a666a938db042fc1cc503.jpg,valid,0,1
bone-cancer_test_122_png.rf.2d657cda0676445eb17cb7657eb6f82b.jpg,valid,1,0
image-no716-normal-_png.rf.30dc1f71534af34ebcafe66469316460.jpg,valid,0,1
bone-cancer_valid_2_242_png.rf.2ec2ffaf16aa68b4da599bceccf49668.jpg,valid,1,0
7_JPG_jpg.rf.3212c631ecc4aa959edf21b34d3d7e5a.jpg,valid,1,0
bone-cancer_train_2_2025_png.rf.2fb6059a431e42e58a61e155453afc79.jpg,valid,1,0
ped_17_png.rf.31e76f5666629e423333a451d56e3041.jpg,valid,1,0
68_JPG_jpg.rf.2c41985a9f043bc878158360e15cac2c.jpg,valid,1,0
bone-cancer_valid_2_390_png.rf.2fbbba6ac8e4efe1dd1ea0f43d00fa05.jpg,valid,1,0
image-no639-normal-_png.rf.3545bf926ca54d4dff6a23907fd07f33.jpg,valid,0,1
image-no625-normal-_png.rf.30792a6ce7492ce68d622832025646d8.jpg,valid,0,1
bone-cancer_train_2_1396_png.rf.323ff150b235ae94d09d88764a4ba1c1.jpg,valid,1,0
IMG0000629_jpg.rf.3372c3400bde821e9c8fd4f1df9e81bb.jpg,valid,0,1
IMG0000784_jpg.rf.2d7eea34f4803353f54edeea6c2ae72a.jpg,valid,0,1
IMG0000700_jpg.rf.36190f5837c6cccbe209f9074953842c.jpg,valid,0,1
image-no211-normal-_png.rf.33ebbd2bdc7d7b4fd64e49da9636d42c.jpg,valid,0,1
ped_10_png.rf.343e653660b2d021d4fb5dd9f489d90b.jpg,valid,1,0
IMG0000798_jpg.rf.3328c4d98be38be2dac18e2f713f3922.jpg,valid,0,1
image-no263-normal-_png.rf.381398d832fc03f00b0e46bbf573cc44.jpg,valid,0,1
bone-cancer_valid_49_png.rf.31614c81b6afa111c900b79c359ae185.jpg,valid,1,0
foot_7_1_png.rf.365af9a621a6947b0d3502a42e499439.jpg,valid,0,1
image-no531-normal-_png.rf.36e714df27823801e30fb0a49f7394c5.jpg,valid,0,1
bone-cancer_valid_2_97_png.rf.383b4dfa6ab819aa93793aed03b37cbc.jpg,valid,1,0
IMG0000874_jpg.rf.374640102cffb181b8db5ab2ba86edfb.jpg,valid,0,1
121_JPG_jpg.rf.38dac92dd8847cfefb7495f983ab19d9.jpg,valid,1,0
IMG0000786_jpg.rf.3748a00efa136fd0c97081a44dc1648b.jpg,valid,0,1
bone-cancer_valid_2_3_png.rf.3af86d31a2ae2ba3fc20380967ba513f.jpg,valid,1,0
IMG0000665_jpg.rf.38444aeb1d3b4058e78338fba474638c.jpg,valid,0,1
IMG0000572_jpg.rf.38c212f6b60ef58a0a84cefcb56b9b93.jpg,valid,0,1
image-no235-normal-_png.rf.3d4cb62bf8f45adc24ef56e70382b362.jpg,valid,0,1
IMG0000179_jpg.rf.3b1e8f0bbaf61c4e5a6758683f51beab.jpg,valid,0,1
IMG_1008_JPG_jpg.rf.3d694086792931d0b991a6ad623aaa87.jpg,valid,1,0
image-no191-normal-_png.rf.39d6a0d399e0ec79cd44da356ecc220e.jpg,valid,0,1
IMG0000291_jpg.rf.3abfd4d86ba8990c2fcb9b19ec21fc13.jpg,valid,0,1
bone-cancer_train_2_197_png.rf.3c09aae65d069a3d65dabd4d44ba9265.jpg,valid,1,0
86_JPG_jpg.rf.398173ce59d7cab0b47b37bc3375d7f9.jpg,valid,1,0
bone-cancer_valid_2_42_png.rf.3ec551359d386d445f011724c39eb90d.jpg,valid,1,0
IMG0000864_jpg.rf.3eecfb56b0bbaf329686ef33d8f23615.jpg,valid,0,1
femur_normal_1_PNG.rf.3f2c2407c41e98303d0cbf6e5dc21e65.jpg,valid,0,1
image-no409-normal-_png.rf.3fbbf3d4ce5ae89e925074dd1e9ae80e.jpg,valid,0,1
bone-cancer_train_2_2039_png.rf.40aa56e0e784d97118443cea2c78c8b7.jpg,valid,1,0
IMG0000637_jpg.rf.405f651e532f65506c43dc28d4784e18.jpg,valid,0,1
IMG0000863_jpg.rf.425a4c17e67430543dc3e5f85bc511e9.jpg,valid,0,1
ankle_35_1_png.rf.424cc9b7276447f1834785dfbb502ef2.jpg,valid,0,1
foot_18_png.rf.42b18122560dac92a65a1a55cdbec36a.jpg,valid,1,0
bone-cancer_valid_293_png.rf.42ce5cb819e029d70c5e55c31a1cb8d8.jpg,valid,1,0
IMG0000346_jpg.rf.3fc4b8365efee02f52682634f8ab994d.jpg,valid,0,1
image-no561-normal-_png.rf.42bda08d7d25d3ed63935efec9633839.jpg,valid,0,1
IMG_7752_JPG_jpg.rf.42aa548ccfdad48d5253bc10e6367753.jpg,valid,1,0
IMG0000790_jpg.rf.432e23907a7f6232595cc51c8d523fdf.jpg,valid,0,1
image-no482-normal-_png.rf.43f5e628dbc77a1ee06c796a17ccc4e0.jpg,valid,0,1
bone-cancer_test_214_png.rf.411bd535c7141b66701243ccc27decdd.jpg,valid,1,0
bone-cancer_valid_2_164_png.rf.46746ade978fb39f846da8a019717c9b.jpg,valid,1,0
IMG_6824_JPG_jpg.rf.45c01e20e705dbf5f4ecf0c08ead51ea.jpg,valid,1,0
IMG_0540_JPG_jpg.rf.44291b6b65cf793e17906b6b959fe12d.jpg,valid,1,0
image-no173-normal-_png.rf.452f2c24a7d32ee6949812fd1e39766e.jpg,valid,0,1
178_JPG_jpg.rf.47049a51df4d740574440167889742a2.jpg,valid,1,0
IMG0000633_jpg.rf.4618499cdfb34f32cb85bc965d1b161e.jpg,valid,0,1
bone-cancer_train_2_2100_png.rf.4809c2d775b191e2c7ad8c50a20572ef.jpg,valid,1,0
pelvis_ewing_1_png.rf.44bd6f5606581bc5bba45861ba2c368a.jpg,valid,1,0
hand_0_2_png.rf.42dff84e83277518adce5c0fc6f52127.jpg,valid,0,1
38_JPG_jpg.rf.493ec3a23a27f547115672b0191c8d4b.jpg,valid,1,0
bone-cancer_train_2_296_png.rf.49f4a56645d183d6b70a826e74958c67.jpg,valid,1,0
image-no595-normal-_png.rf.49bc199e71c8a3ce784a6d07da093feb.jpg,valid,0,1
bone-cancer_train_2_1996_png.rf.4889b86e183432f0bc8d95f7de761931.jpg,valid,1,0
IMG0000826_jpg.rf.4849030f93a886a38ba409b9e286c976.jpg,valid,0,1
download-1-_png.rf.48afb506ce9dd02de20d2cea618110fd.jpg,valid,0,1
femur_normal_16_PNG.rf.47969cc091c8508bfcfb04c6bd590bb3.jpg,valid,0,1
bone-cancer_test_149_png.rf.4c9b8b5f827b77ca42c7ebe1c74fc7db.jpg,valid,1,0
image-no680-normal-_png.rf.4c1527e0fb2c760b613f681e4bd3834e.jpg,valid,0,1
image-no698-normal-_png.rf.4c8954f79c3978fa87589e92c61a717d.jpg,valid,0,1
image-no470-normal-_png.rf.4ae0c8a2d212be8fa34a88151512a2a2.jpg,valid,0,1
bone-cancer_valid_2_195_png.rf.4b8eb79cad6f840cd00903f07c79640e.jpg,valid,1,0
IMG0000660_jpg.rf.4dbb6bb284ecaf8df33c8395f1d42292.jpg,valid,0,1
IMG0000855_jpg.rf.4e141bc592c3349089ca43a2d398036f.jpg,valid,0,1
bone-cancer_train_2_1398_png.rf.4d449c995d2495112093b183d106a26e.jpg,valid,1,0
bone-cancer_train_2_1387_png.rf.4cb437c8801cac77f5fed545d688da24.jpg,valid,1,0
IMG_0398_JPG_jpg.rf.502243b17fd09d4e8b8ee3b56877fa90.jpg,valid,1,0
rib_2_png.rf.4ce91ff02c0a28d0b7f4818bdef58538.jpg,valid,1,0
IMG0000510_jpg.rf.4cc4c93a232ede48e56cc5721b23a511.jpg,valid,0,1
hand_24_png.rf.4f7d1b3b896add95d2975be461a5c9e0.jpg,valid,0,1
foot_40_png.rf.4e17aac1ecbcc2e7bfc72ebbe0e500a7.jpg,valid,1,0
foot_2_1_png.rf.50231342d7cb6f8eb0cac84bc8fb9c56.jpg,valid,0,1
IMG0000562_jpg.rf.4b9e55d75b61109ff8d413f7197d59a4.jpg,valid,0,1
IMG0000356_jpg.rf.521065f7d64df376ebfa09c588736013.jpg,valid,0,1
bone-cancer_valid_2_265_png.rf.52cb7bc402f37aaffa5b4d246e16fff3.jpg,valid,1,0
istockphoto-1221811120-612x612_jpg.rf.52c4ea363a98619054126f87ea74a90e.jpg,valid,0,1
image-no298-normal-_png.rf.51ade0bfe49031654369f1a6147bbeb6.jpg,valid,0,1
image-no497-normal-_png.rf.5166273d2a2eef63a539b89eaf3d3996.jpg,valid,0,1
IMG0000522_jpg.rf.52f914366bde6a3f5e03dc552bbc13dd.jpg,valid,0,1
image-no694-normal-_png.rf.53510f1dbe5d8cae67542ecc550817dd.jpg,valid,0,1
bone-cancer_train_2_874_png.rf.533c346522cd7f02233d02b448cd5552.jpg,valid,1,0
image-no483-normal-_png.rf.53c5c1e930509de93b4a0e5817d60c89.jpg,valid,0,1
bone-cancer_train_2_2166_png.rf.5370e0768a8042ec53b642afbeada43f.jpg,valid,1,0
bone-cancer_valid_2_29_png.rf.547e6a2aa0432ba14b33ab63989f5623.jpg,valid,1,0
bone-cancer_valid_19_png.rf.5360851adb7e223d1b91fd5b2dd05b96.jpg,valid,1,0
bone-cancer_train_2_1835_png.rf.54c4854c88ece7bea81fd58c03c4a72e.jpg,valid,1,0
femur_other_1_PNG.rf.5428c0a0ef94bf2c0eea19e6cf8a90c2.jpg,valid,1,0
3_JPG_jpg.rf.56a4387ddc3c39b6bb1a04d84d5a3096.jpg,valid,1,0
IMG0000292_jpg.rf.54ff1b528807dd7f4147746fcfae14e3.jpg,valid,0,1
IMG0000723_jpg.rf.574450d108137957489119d1b8d88717.jpg,valid,0,1
IMG0000885_jpg.rf.5470a0d8b09b70179a12e314afd86ffc.jpg,valid,0,1
IMG0000786_jpg.rf.55ae51471c8bcd127e74ffa4aa21474c.jpg,valid,0,1
IMG0000406_jpg.rf.552e48087fa99ef37608caeb235ab60f.jpg,valid,0,1
image-no154-normal-_png.rf.5808ae8ed53a0d14a2f7289051252851.jpg,valid,0,1
bone-cancer_train_2_1308_png.rf.5427501d25aa42cf7c2bb431322f10d9.jpg,valid,1,0
IMG0000835_jpg.rf.55a7d31e5ee779c4e9392016c5e09bce.jpg,valid,0,1
tibia_ewing_17_PNG.rf.55a07936dfd0e871f695f353d67ba6f8.jpg,valid,1,0
98_JPG_jpg.rf.595916b23834510440eb964ce8a80cbe.jpg,valid,1,0
IMG0000492_jpg.rf.58500ef75eb8a66398f355e3857ee007.jpg,valid,0,1
image-no192-normal-_png.rf.5a7077f2867f96addeec6d6b01f10aba.jpg,valid,0,1
IMG0000512_jpg.rf.5720fd9a41d9bf67c3ab9510a38cc1d9.jpg,valid,0,1
IMG0000263_jpg.rf.5884734764a8bbcecc27f65eccca2101.jpg,valid,0,1
20_JPG_jpg.rf.59d77d145cff5c0d0a662eb7eb39df9d.jpg,valid,1,0
bone-cancer_train_2_903_png.rf.563489e02e6c1f248802a2b05b7ac698.jpg,valid,1,0
image-no606-normal-_png.rf.592b525bf009127f7c7e6be2c8d4f2c5.jpg,valid,0,1
IMG0000734_jpg.rf.5a9fb19b7c9a5c6be6dc665b3713ad37.jpg,valid,0,1
IMG0000592_jpg.rf.5b3adbe67f4c957956e8efdcb47da1b9.jpg,valid,0,1
image-no230-normal-_png.rf.5a554dc8b0be0f935410fa839e6bf7e4.jpg,valid,0,1
image-no507-normal-_png.rf.5c46e076d91a54f72a1e12fd5eb48210.jpg,valid,0,1
IMG0000701_jpg.rf.5a70f8590587060eba23e5fcb535830a.jpg,valid,0,1
bone-cancer_valid_226_png.rf.5d310eb445eff883825dbb3a72216722.jpg,valid,1,0
bone-cancer_valid_2_412_png.rf.5d46fd85b387077a5329fe38b36e4820.jpg,valid,1,0
IMG0000388_jpg.rf.5c6fe8cfe45dd02444582fec3e92bad5.jpg,valid,0,1
IMG0000899_jpg.rf.5d01b816e0248866d9ca46d093f59c30.jpg,valid,0,1
Picture12_jpg.rf.5ef3376de928e984bb13341e291a7357.jpg,valid,0,1
IMG_1241_JPG_jpg.rf.5e14fb29c0a0af1dddd16c8db36eec9f.jpg,valid,1,0
bone-cancer_train_2_1632_png.rf.5e18fa1ed14b2d8bf38d8047047fc8ac.jpg,valid,1,0
pelvis_chondrosarcoma_7_png.rf.5edddaec16d4915903cc59cf496cbc26.jpg,valid,1,0
image-no186-normal-_png.rf.5df6e0c302491d9b4775b21f84bf813a.jpg,valid,0,1
IMG0000862_jpg.rf.5f0f1fb9951aadb3fcb7475d6c7e1a15.jpg,valid,0,1
bone-cancer_valid_2_340_png.rf.5e64a824399ea5bb9e98ba90314b30fb.jpg,valid,1,0
image-no733-normal-_png.rf.62fc3f64a09bdbbdf04c87f33f999fe7.jpg,valid,0,1
bone-cancer_valid_128_png.rf.5f6844ff2f5edcaa7dd6a295574b7c93.jpg,valid,1,0
bone-cancer_valid_136_png.rf.5f992ca2c972b37bb8cde3c3ec28c06f.jpg,valid,1,0
istockphoto-505197429-612x612_jpg.rf.5e3f1133feaaa5ae526f6b221e5b4b43.jpg,valid,0,1
IMG_7660_JPG_jpg.rf.5e835f2e8dd58776fdd0e45266b6e963.jpg,valid,1,0
bone-cancer_valid_212_png.rf.62884b1f6ed3930e45585ba87d9c2bd8.jpg,valid,1,0
IMG0000481_jpg.rf.600a2b92ed86ec56f8b32a940e251fc0.jpg,valid,0,1
bone-cancer_train_2_2214_png.rf.5f5f3141c5a2da6ba2db6bdcf7b66256.jpg,valid,1,0
foot_9_1_png.rf.6410cd4b7be4b2e46bce0d81ce73822e.jpg,valid,0,1
142_JPG_jpg.rf.62991aaa484f6b087c087f5b72441456.jpg,valid,1,0
IMG0000898_jpg.rf.633b1ed6b572ffcc3591386b27ca6b82.jpg,valid,0,1
bone-cancer_train_2_82_png.rf.60fc3d484f115727eef38717d48dad24.jpg,valid,1,0
image-no294-normal-_png.rf.61b3d8517af5a27e17fffd9d2c09dfad.jpg,valid,0,1
bone-cancer_train_2_910_png.rf.60f781d5cb940526de37feaf38f89dc7.jpg,valid,1,0
bone-cancer_train_2_660_png.rf.6528bdd200da39049e210399abec2fff.jpg,valid,1,0
bone-cancer_train_2_2000_png.rf.6488c2b5514ee03b69ec6bf5e2735696.jpg,valid,1,0
bone-cancer_valid_419_png.rf.64d4f64d878663d7f51364394e64e9c0.jpg,valid,1,0
image-no524-normal-_png.rf.645778b170cf35511caca0cd1ec7bd7e.jpg,valid,0,1
IMG_4055_JPG_jpg.rf.65a242ff5453bec73dfee79957080146.jpg,valid,1,0
bone-cancer_train_2_2155_png.rf.66fe48e53d8c618c79400a5b5b744bcb.jpg,valid,1,0
ulna_osteosarcoma_8_png.rf.65cf2fae8b1e63b4ceb8be040b93cbea.jpg,valid,1,0
IMG0000590_jpg.rf.66ba1d7fcbf8c7115210aa4d21d2c078.jpg,valid,0,1
IMG0000839_jpg.rf.66b6df8b648295d9cf5fe96adc7bd735.jpg,valid,0,1
IMG0000855_jpg.rf.6c6578c2cfa2e9546a1386ef92a71b61.jpg,valid,0,1
image-no240-normal-_png.rf.67ce034ce227fceca0ec2a8954804b96.jpg,valid,0,1
IMG0000853_jpg.rf.6aef426f6cce7b2ddfc8c05343b1db99.jpg,valid,0,1
bone-cancer_test_136_png.rf.67425d2cb17d87a3265df635bc5a8e55.jpg,valid,1,0
-7-_jpg.rf.655b0946c19a885ba662a50f931cdf03.jpg,valid,0,1
bone-cancer_train_2_1051_png.rf.6952d6cd4d7e554ccc360d1bf0f5369c.jpg,valid,1,0
IMG0000856_jpg.rf.65edb4da15a3991be00a1e2a5c28c588.jpg,valid,0,1
bone-cancer_test_11_png.rf.6e0c97c1ff11d2ad679ba4e23903d337.jpg,valid,1,0
bone-cancer_train_2_1877_png.rf.6848326c2f570d9358335badc5450dfb.jpg,valid,1,0
IMG0000820_jpg.rf.6d5492723b6220e5096aec59e6297f2d.jpg,valid,0,1
bone-cancer_test_28_png.rf.67b66a99af3a8bfe31ad0729f8bc4cf3.jpg,valid,1,0
IMG0000736_jpg.rf.6d9279a53e16bf12983162b945065f77.jpg,valid,0,1
bone-cancer_valid_2_32_png.rf.6ba83697fce0f53fc57489af75ba57cb.jpg,valid,1,0
image-no46-normal-_png.rf.68f91aebc56b45fdfcb99e6bdf1f3591.jpg,valid,0,1
bone-cancer_train_2_952_png.rf.6b720e2d7fc06883a46fc776ddab9d5e.jpg,valid,1,0
chest_7_1_png.rf.6b6698a05b9516bb42c63a2c3d1ee588.jpg,valid,0,1
IMG0000484_jpg.rf.6c1f6852b296bfb5185178573d62fdac.jpg,valid,0,1
IMG0000784_jpg.rf.68813e111984030efe30d483492fedc2.jpg,valid,0,1
202_JPG_jpg.rf.6969bcd1929b55ad22300497cdb9d4bb.jpg,valid,1,0
bone-cancer_train_2_464_png.rf.6e1166fa9d1d1a54ba5691afcb9cef2e.jpg,valid,1,0
pelvis_3_1_png.rf.6e0d5b76880f22c487188a69bfef10a1.jpg,valid,0,1
IMG0000271_jpg.rf.6e3c007253107d8b633cbc71324e41aa.jpg,valid,0,1
IMG0000344_jpg.rf.6e52877fd3f8321b5c9e9d91057901ef.jpg,valid,0,1
bone-cancer_train_2_1790_png.rf.7054fa1a964e36b989c5b014dd2662b0.jpg,valid,1,0
IMG0000898_jpg.rf.71f473c8737c2855eea95df9c4bb8e45.jpg,valid,0,1
download-12-_png.rf.70efbe810efae95e2f4b6862c8de1c2b.jpg,valid,0,1
bone-cancer_train_2_1434_png.rf.7077bf96176f857f5a0c19afe43bdf95.jpg,valid,1,0
istockphoto-1013707788-612x612_jpg.rf.74ab930d2bbba4fb6e0b535cc85fe0a2.jpg,valid,0,1
IMG0000835_jpg.rf.707aef38a12877bbec731871fe010835.jpg,valid,0,1
fibula_ewing_18_png.rf.71f70f43fd711c2767e8adccd8987d85.jpg,valid,1,0
bone-cancer_test_79_png.rf.7345dae3b82c0642ed1eff105721974a.jpg,valid,1,0
Forearm_6_1_male_png.rf.7435ce39b882459f6050ffa175c6bb61.jpg,valid,0,1
download1_png.rf.747b540d354cf9b4603972895c3c0204.jpg,valid,0,1
bone-cancer_valid_2_403_png.rf.73833da6e4a3e45b4696b08aa9b88b83.jpg,valid,1,0
forearm_3_1_png.rf.73188cd902bc89e83a1e329def5057b1.jpg,valid,0,1
IMG0000503_jpg.rf.715a2383b58f26e991a3afcbb9877c05.jpg,valid,0,1
hand_56_png.rf.757b5a72bd7ce97c430ffadb302ba5a2.jpg,valid,0,1
IMG0000785_jpg.rf.73f496916e51999014f654b6891f2c77.jpg,valid,0,1
-54-_jpg.rf.779f29a2647a16f3e972f6d60ac037fc.jpg,valid,0,1
bone-cancer_train_2_413_png.rf.7745059435d1885ee6fcdc6816a741e5.jpg,valid,1,0
-26-_jpg.rf.789f2d9401ab8aa3504e3103cb0de006.jpg,valid,0,1
ped_28_png.rf.7782b187d6c65ccfcdeecc4130ab3df6.jpg,valid,1,0
image-no546-normal-_png.rf.785030e537189c17005919bb94177d0c.jpg,valid,0,1
IMG_0875_JPG_jpg.rf.79e128f4562a721de48fc148d7160bac.jpg,valid,1,0
IMG0000500_jpg.rf.7a2134d5be93b7a0174cc7cf9df1450c.jpg,valid,0,1
chest_female_png.rf.74b201158454df687a1123c4b0d0105e.jpg,valid,0,1
foot_30_png.rf.7834550923ee0fde61c9fda5cb094af9.jpg,valid,1,0
foot_11_1_png.rf.7b90b5751f5c4f182ee480f431aaced6.jpg,valid,0,1
IMG0000484_jpg.rf.7b81fce9d39c3c6369ec99a047929b20.jpg,valid,0,1
bone-cancer_train_2_1647_png.rf.78735e172e8495824b69cebd547bdf68.jpg,valid,1,0
image-no394-normal-_png.rf.78a9881fd297e071f49404a92f354020.jpg,valid,0,1
image-no91-normal-_png.rf.7952cc8ecf509042a95503cd2cda8ede.jpg,valid,0,1
bone-cancer_valid_219_png.rf.79f74b4ca376dd494c7c6f81c783bbb6.jpg,valid,1,0
IMG0000511_jpg.rf.7ba5146eca2d01505f355bf2d7413a60.jpg,valid,0,1
foot_6_png.rf.7c70fadce70778cdaca7903746e3641e.jpg,valid,1,0
tibia_osteosarcoma_11_PNG.rf.7b8527d0fd34a574fce15874773dcfdc.jpg,valid,1,0
IMG0000885_jpg.rf.7bc60fc0d076572d594e7aa1da7fc57d.jpg,valid,0,1
bone-cancer_train_2_633_png.rf.7c69dc54ede6855f0955aa04e00372e3.jpg,valid,1,0
image-no382-normal-_png.rf.771fd13375e57338aed45548adffd9e3.jpg,valid,0,1
pelvis_osteosarcoma_5_png.rf.7ed6d01bf41dbbd3d31357b3d3db0566.jpg,valid,1,0
bone-cancer_train_2_2418_png.rf.7ccdc82528ed9a1c43c37f7434267932.jpg,valid,1,0
image-no477-normal-_png.rf.7f08858e5041f30a61cc8c06f1f1c76a.jpg,valid,0,1
IMG0000748_jpg.rf.7e1a38459c9b3c765072815ece9f7621.jpg,valid,0,1
IMG0000764_jpg.rf.7c02827197badbdeb8b5096105c2a3a8.jpg,valid,0,1
bone-cancer_valid_93_png.rf.80473dd0d0bed615a5ac9dfe7669c356.jpg,valid,1,0
bone-cancer_valid_2_145_png.rf.8155e0ad8973dbf3789edc63b04663ac.jpg,valid,1,0
bone-cancer_valid_2_74_png.rf.80c5f8fb65c89d7640c60a64b2752a20.jpg,valid,1,0
IMG0000591_jpg.rf.80b45a4312662883bcbd6250cc1d52a4.jpg,valid,0,1
hand_24_png.rf.81551230df7545dd83a11c01ca02e2a7.jpg,valid,0,1
femur_ewing_10_PNG.rf.8061c67c068860d722d12a88910924d8.jpg,valid,1,0
IMG0000383_jpg.rf.843f61eaa96593ede8a8df5e56e0c305.jpg,valid,0,1
image-no468-normal-_png.rf.8195b0a70e4146e6e33b4ee341973058.jpg,valid,0,1
bone-cancer_train_2_1906_png.rf.82fa24aa4ab636512c1706e8d3da71c6.jpg,valid,1,0
IMG0000041_jpg.rf.816c9ce54e1fc8bfd15b836199c371df.jpg,valid,0,1
IMG0000611_jpg.rf.8459cdfdcc1ccb16b4fb1f5471ea24af.jpg,valid,0,1
tibia_osteosarcoma_18_PNG.rf.8356edeaa98cc538f5512fe6e4e7f61d.jpg,valid,1,0
IMG0000240_jpg.rf.82a6825aa0cd23c317d12a1e7391919b.jpg,valid,0,1
bone-cancer_valid_2_58_png.rf.8173acd3137228b18771c36e0ce4791f.jpg,valid,1,0
IMG0000690_jpg.rf.84625390a641287d9cb95bc2a5596fc1.jpg,valid,0,1
bone-cancer_train_2_187_png.rf.849c885f17290136c464c339675bee98.jpg,valid,1,0
bone-cancer_valid_190_png.rf.8261c35923f00020ee20e7d8f3398a5d.jpg,valid,1,0
image-no137-normal-_png.rf.84c4c21731ac9baf6c040c5606bf77e8.jpg,valid,0,1
IMG0000291_jpg.rf.848dfcae623d60443d78476629599727.jpg,valid,0,1
IMG_1803_JPG_jpg.rf.8540039e1b6abcc395ebe27f583b1aa5.jpg,valid,1,0
fibula_osteosarcoma_3_PNG.rf.84a79b72b5ac03ae20441d95f9b4b6ef.jpg,valid,1,0
IMG0000827_jpg.rf.858f2e9ca0f51d2e07d30078d254ec78.jpg,valid,0,1
download-3-_png.rf.865debb1b0b64807a7ca85a1328d0ed9.jpg,valid,0,1
fibula_chondrosarcoma_5_PNG.rf.86ca3b90e266ba21aac6b6aad299a344.jpg,valid,1,0
download4_png.rf.810228f6616bfe471b05774be7dc213c.jpg,valid,0,1
fibula_osteosarcoma_12_PNG.rf.83bd9f62e80fd52ec0887feaba27d263.jpg,valid,1,0
IMG0000591_jpg.rf.86f037a781b8b013c3c80d815d6f98a7.jpg,valid,0,1
bone-cancer_test_110_png.rf.896a27f942ca10ce7e5f713bda3bdddf.jpg,valid,1,0
IMG0000899_jpg.rf.860fe295a33034e346cfecca282f67bb.jpg,valid,0,1
IMG0000381_jpg.rf.89a5b76302828cfb3e06b2e925eca65a.jpg,valid,0,1
IMG0000734_jpg.rf.873bc162fef33041adac7398bb8e3d8f.jpg,valid,0,1
image-no129-normal-_png.rf.89fb331035b36e06c266aede83f1172d.jpg,valid,0,1
IMG0000708_jpg.rf.88f045e6b9026d6fed42b0edf1ee2674.jpg,valid,0,1
bone-cancer_test_33_png.rf.88626616a9c9ed9c57a9fe7dc20eadd1.jpg,valid,1,0
bone-cancer_valid_2_235_png.rf.89eb659e14bc6ded1d74a2742fec10d3.jpg,valid,1,0
bone-cancer_train_2_1742_png.rf.8a5faeaedd0f3cd53b139a395d3ba5b7.jpg,valid,1,0
IMG0000786_jpg.rf.88f7f5c8bb635c11b56d5e5d0fb857ce.jpg,valid,0,1
bone-cancer_train_2_1808_png.rf.8800b74031ab4e03e8fea14e73733a65.jpg,valid,1,0
image-no118-normal-_png.rf.8ae45e8291530173cc2fc10aeed20d33.jpg,valid,0,1
pelvis_7_1_png.rf.8bc45cea964d93a7f12428b3b794610e.jpg,valid,0,1
IMG0000792_jpg.rf.8b23c49423bc10e0ed5847e18463325b.jpg,valid,0,1
image-no714-normal-_png.rf.89566254d5ef52cebfb67e7d602a7744.jpg,valid,0,1
IMG_0447_JPG_jpg.rf.8b270722d289dd706f329075a55cbf79.jpg,valid,1,0
IMG0000701_jpg.rf.8b80cfc4e3775c5de80af2f886f3aacf.jpg,valid,0,1
bone-cancer_train_2_1390_png.rf.8a730936ff4bc67c8c9881ab19f461a4.jpg,valid,1,0
bone-cancer_train_2_162_png.rf.8af3ade5717082362a68cca648217c45.jpg,valid,1,0
femur_normal_12_PNG.rf.8bf7413505c805a38f0ba01704751ced.jpg,valid,0,1
IMG0000737_jpg.rf.8e5aec9b936fe6ab8edafe607d930c58.jpg,valid,0,1
image-no204-normal-_png.rf.8d27cb4ebba08534240d0be6cdefda4d.jpg,valid,0,1
bone-cancer_train_2_328_png.rf.8f29d91d8514e535c2864023b8d5c3c4.jpg,valid,1,0
IMG0000694_jpg.rf.8e74f8a171bf543349324772806454c7.jpg,valid,0,1
bone-cancer_valid_2_212_png.rf.936e7bc4f71186b81f9ba4962551b334.jpg,valid,1,0
image-no387-normal-_png.rf.91b76fa20201d0c6ab1f2ffa6af61543.jpg,valid,0,1
femur_5_1_png.rf.8ee3a08fb18abfa1e251825896e84ac5.jpg,valid,0,1
image-no704-normal-_png.rf.8eebc236ef21f992712b3e904324388c.jpg,valid,0,1
elbow_1_2_png.rf.910a4acbb493d8e2708e517cffa35bf7.jpg,valid,0,1
IMG0000263_jpg.rf.8ea40f90eae895bd069ed56f063184d6.jpg,valid,0,1
bone-cancer_train_2_1561_png.rf.913c1fbdee16cf71595c8b07ad00d3b2.jpg,valid,1,0
123_JPG_jpg.rf.92e4787745eace7b08703b05590d1ded.jpg,valid,1,0
bone-cancer_train_2_2354_png.rf.908e43bc58b5362259d5be4ff25eff58.jpg,valid,1,0
bone-cancer_valid_105_png.rf.8fb4414f23dd31480ac7a4df655c6c70.jpg,valid,1,0
bone-cancer_test_154_png.rf.9213663e53eafd2627300d8727be9dfb.jpg,valid,1,0
bone-cancer_valid_2_372_png.rf.8c105fa36ffe7dc1d56e67742be5e5a3.jpg,valid,1,0
IMG0000667_jpg.rf.9196edde2202aec2b640661d77903e4b.jpg,valid,0,1
IMG0000853_jpg.rf.93c7e30570675581cd2f55c9fd42a069.jpg,valid,0,1
tf_2_2_png.rf.94e54775f227b0a7271634751a73f357.jpg,valid,0,1
120_JPG_jpg.rf.8f95317cda45b0e745ff98cceb08cce2.jpg,valid,1,0
image-no719-normal-_png.rf.956d0fafa26afd65f041794172c728a0.jpg,valid,0,1
bone-cancer_valid_2_158_png.rf.9055bf9207bc24745db40b88796b892d.jpg,valid,1,0
bone-cancer_test_2_png.rf.941b2686bf386d4dfa92b6f68d968c1d.jpg,valid,1,0
-59-_jpg.rf.9315215b4a442ca3a33a8e3a28cd3052.jpg,valid,0,1
IMG_1411_JPG_jpg.rf.9555122524d98d6ff8f9804e81bef7ef.jpg,valid,1,0
IMG0000807_jpg.rf.953d21451a380f2223f325b1d2c85b35.jpg,valid,0,1
IMG0000831_jpg.rf.95f4c0ddc211797fa7376647747e75c9.jpg,valid,0,1
cspine_2_2_png.rf.959627558a70fde20038854ed60b5242.jpg,valid,0,1
bone-cancer_train_2_494_png.rf.95957015dc6abffcc57fb0497d1f3605.jpg,valid,1,0
bone-cancer_train_2_1804_png.rf.981fd66c8af7e9683a3d29d54b5c2846.jpg,valid,1,0
bone-cancer_train_2_2279_png.rf.974c6771b5cd4f6009adc51e837a01a8.jpg,valid,1,0
-5-_jpg.rf.98dcc9421437015720797654c27c4600.jpg,valid,0,1
IMG0000510_jpg.rf.95a035e90be890ba60a0daf8beb9f722.jpg,valid,0,1
IMG_0817_JPG_jpg.rf.9aac0322ab15644fcb253942bb990698.jpg,valid,1,0
IMG0000716_jpg.rf.9a9d5a46ccef262f21e5ca2a1a892c9b.jpg,valid,0,1
bone-cancer_valid_367_png.rf.9e321904b09c658d551c24abb9673fc2.jpg,valid,1,0
bone-cancer_train_2_102_png.rf.9aaedeeff11ed2c68a853bfd02244392.jpg,valid,1,0
IMG0000892_jpg.rf.9ae84eeae32886cdecf1a9592869d9f7.jpg,valid,0,1
IMG0000332_jpg.rf.9b696f3f61d56334a1b2d0e1caf1ad06.jpg,valid,0,1
image-no360-normal-_png.rf.9a1cf4000d91613a7f2e8fa34a9ec9ea.jpg,valid,0,1
4-month_JPG_jpg.rf.9c5abd7f1cea621779e1605811b7b41a.jpg,valid,1,0
Picture14_jpg.rf.9bf33b36aae6fc5263b91e42114d7a49.jpg,valid,0,1
image-no61-normal-_png.rf.9f563c8ccb9bb626d1e0a970395ebcde.jpg,valid,0,1
IMG0000508_jpg.rf.9c492751d2814aba015faa4c8bce55b9.jpg,valid,0,1
bone-cancer_train_2_435_png.rf.9c1a59c5645cb90761247dbe3f087fdf.jpg,valid,1,0
IMG_1719_JPG_jpg.rf.9fbafe00db52e027b717e78b8d1f27ab.jpg,valid,1,0
download-20-_png.rf.9e0d78deed3f0f2fe5c248a931e8da3c.jpg,valid,0,1
femur_15_1_png.rf.983771ac9b02e1b6b27a9b4fda6644b6.jpg,valid,0,1
IMG0000503_jpg.rf.9eb4ce27a75e4e14ba13fcaa038c51f1.jpg,valid,0,1
bone-cancer_train_2_2003_png.rf.9fdc0107ebddde18bcdecc927458b0af.jpg,valid,1,0
IMG_3522_JPG_jpg.rf.a004cb7eef9e2cfe84fe8e26d2e964fc.jpg,valid,1,0
IMG0000740_jpg.rf.a0375fd326d22a2d5f7e82ccc63aed02.jpg,valid,0,1
bone-cancer_train_2_508_png.rf.a073dfe939458b6aedde5f13f7bc771b.jpg,valid,1,0
hand_osteosarcoma_19_png.rf.a0ffcb848d76ed1895b3fbec2931a3dc.jpg,valid,1,0
IMG0000342_jpg.rf.a37372a4625d1c26fc01035ff095a0c6.jpg,valid,0,1
hand_25_png.rf.a8f8772b83e238b20ca0d43dae51f78c.jpg,valid,0,1
IMG0000733_jpg.rf.a4fc1196914f9b33a15647e569947ede.jpg,valid,0,1
bone-cancer_train_2_2520_png.rf.a653c4bb39d499bf21b59b56041eb3ba.jpg,valid,1,0
bone-cancer_train_2_447_png.rf.a3a3749b6dfbee80a28fb2d1fe3ef7c8.jpg,valid,1,0
bone-cancer_valid_2_19_png.rf.a74720cb3be9bb141d065a800c5e4083.jpg,valid,1,0
foot_2_2_png.rf.a782df0d5a348d77f0100a3b2c0498a2.jpg,valid,0,1
image-no422-normal-_png.rf.a60c423c401bb77d370d3e16f2d5e969.jpg,valid,0,1
IMG0000519_jpg.rf.a9320e3f3ca290cad6d737720fa9119d.jpg,valid,0,1
hand_19_png.rf.a9353ed274dd1ec20a3eefe824e91126.jpg,valid,0,1
IMG0000874_jpg.rf.a9be10ec56fd7b9229412690c796f37c.jpg,valid,0,1
tibia_chondrosarcoma_1_PNG.rf.a5e8b438574453c3a062bd0e00635938.jpg,valid,1,0
174_JPG_jpg.rf.ab933f0f2e9d6d224743676cbb2b9dcd.jpg,valid,1,0
IMG0000838_jpg.rf.ab06b38df3f30318279bc42bdb30932e.jpg,valid,0,1
bone-cancer_test_195_png.rf.a8c035350e371c4f9a2d562f3774bf07.jpg,valid,1,0
IMG0000891_jpg.rf.a9f57d02fa2984109662ce269727f6ea.jpg,valid,0,1
IMG_8033_JPG_jpg.rf.a55b7f13cd6a8d4cdf7051b9cf843c45.jpg,valid,1,0
image-no348-normal-_png.rf.ad9e011fa968954e15053a7af8b7e08c.jpg,valid,0,1
bone-cancer_train_2_2454_png.rf.ae9cb30098593f4e950f839bb96d9ea1.jpg,valid,1,0
image-no428-normal-_png.rf.aeb6dcdd14ca2bf2a7697e31ec102b98.jpg,valid,0,1
bone-cancer_train_2_91_png.rf.b0923c2a61bef31263408242da6719dd.jpg,valid,1,0
bone-cancer_valid_2_433_png.rf.b1a93ed64064cd863ef5949c0f5f5deb.jpg,valid,1,0
IMG_1804_JPG_jpg.rf.b1677e9b0a2a04b817c674b70dd8be2d.jpg,valid,1,0
femur_osteosarcoma_3_PNG.rf.b26d4874dac68bfa36da373f4fd04ed6.jpg,valid,1,0
bone-cancer_valid_2_62_png.rf.aea91815b4b791d371cd3a8d7707e58e.jpg,valid,1,0
pelvis_female_1_png.rf.b2fd899524f1ceb1cb4483716f60aac4.jpg,valid,0,1
IMG0000406_jpg.rf.b0c5178b5af235148e85e7924fdcbbff.jpg,valid,0,1
femur_osteosarcoma_4_PNG.rf.b2e4fa4e4c75f29b3ee90a08174eef49.jpg,valid,1,0
image-no145-normal-_png.rf.b33cb1af04ae2335957c8dedd47557dc.jpg,valid,0,1
bone-cancer_valid_306_png.rf.b1a2cdf2d1c25075e47f37e6918adbad.jpg,valid,1,0
pelvis_55_female_1_png.rf.add22478e134930f15be84ae1900e08a.jpg,valid,0,1
pelvis_chondrosarcoma_11_png.rf.b3fcdac6d5806fbcfa4499501c804c98.jpg,valid,1,0
IMG0000586_jpg.rf.b201e6e53765d77a4058179c1a66dbcc.jpg,valid,0,1
IMG0000290_jpg.rf.b355b76f5b0bbddcd0473ffc91dbe2d4.jpg,valid,0,1
bone-cancer_valid_14_png.rf.b3177729744e5cbe7545d590ea5c19e4.jpg,valid,1,0
IMG_7517_JPG_jpg.rf.b419a80d193442a10231575549429f9e.jpg,valid,1,0
cspine_png.rf.b4464bbaea825605b15bbd0411140f66.jpg,valid,0,1
image-no157-normal-_png.rf.b4f2577fd6d00d94f741e3f4e16ef153.jpg,valid,0,1
image-no404-normal-_png.rf.b54478b12a626833b5e551976d52c780.jpg,valid,0,1
IMG0000734_jpg.rf.b541c3f3de4a3c7be86a67223bf96ff5.jpg,valid,0,1
IMG0000826_jpg.rf.b5e34e9edd5e0c396224ac1d1d5b4dd3.jpg,valid,0,1
image-no28-normal-_png.rf.b6642946c9cd1234d20015318d43ef1e.jpg,valid,0,1
IMG0000271_jpg.rf.b8d366cc3d92adf3a9e7037e1bc92cdc.jpg,valid,0,1
bone-cancer_valid_100_png.rf.b72aea21a085f46dc01871eb125d000b.jpg,valid,1,0
image-no19-normal-_png.rf.b4c9719a5fafd2ab832fef2d1765671c.jpg,valid,0,1
IMG0000809_jpg.rf.bb4283a9a199630458c78191e8c1fed3.jpg,valid,0,1
IMG0000796_jpg.rf.b810f0a34ae13b9bea0c29ad7e828647.jpg,valid,0,1
IMG0000000_jpg.rf.b7641cbff82c970046807b6b6b5659c4.jpg,valid,0,1
download-8-_png.rf.bbba94ce43cf1366489ee5cab3168bf7.jpg,valid,0,1
IMG0000869_jpg.rf.b970a902b31ce738ee18dca6e372036b.jpg,valid,0,1
IMG_3983_JPG_jpg.rf.bc414488c60fc4c56afbdf6e306167bf.jpg,valid,1,0
image-no511-normal-_png.rf.bba78a58c090dd97d8022506f90c5a49.jpg,valid,0,1
bone-cancer_valid_109_png.rf.bc21b36abf261b66584cfe65497b4ea5.jpg,valid,1,0
tibia_other_2_PNG.rf.b8813359ee998c64d0a4856119a8b4e6.jpg,valid,1,0
bone-cancer_train_2_2191_png.rf.b9cd1ca93644caba03d1915661e2eced.jpg,valid,1,0
IMG0000260_jpg.rf.bcfe5c79a3d8b818dcaa78516a3dcb12.jpg,valid,0,1
IMG0000838_jpg.rf.bc98066bce30f1b4c42ffdf1be7cca9f.jpg,valid,0,1
IMG_8650_JPG_jpg.rf.b7552be342c2b96bdc377fb7ba6bf6fc.jpg,valid,1,0
IMG0000290_jpg.rf.bd1547121b241f70016c55e952afa6e9.jpg,valid,0,1
IMG0000665_jpg.rf.bd15073aecdf8b3169f832492d6fe2b7.jpg,valid,0,1
image-no680-normal-_png.rf.bd439d9263634282081d0bfbfb12ff37.jpg,valid,0,1
image-no279-normal-_png.rf.bde7271bb0d5fc0808961ebea9d4a3d2.jpg,valid,0,1
IMG0000201_jpg.rf.bdee580a62e8aaed69c78eb359495525.jpg,valid,0,1
istockphoto-470668676-612x612_jpg.rf.c1f284138d934f97fea718fc491fae1a.jpg,valid,0,1
144_JPG_jpg.rf.bedc188705700fff916fe2c558971d67.jpg,valid,1,0
IMG0000427_jpg.rf.c13bcdbb9b0d70eb565d29bf9e53890e.jpg,valid,0,1
n2_png.rf.c2ca6030e6f8b57d087146474d9a23e1.jpg,valid,0,1
image-no449-normal-_png.rf.c18b70483085670e00fd2deea8e1e6b2.jpg,valid,0,1
IMG_2223_JPG_jpg.rf.bfca816134e3bb65ff02fc8ebdcf0e1b.jpg,valid,1,0
pelvis_55_female_2_png.rf.c1b32c52ba7534aa67a48855fd55a553.jpg,valid,0,1
bone-cancer_train_2_2437_png.rf.c316459507d46f94ce1df384e4f9f58b.jpg,valid,1,0
IMG0000816_jpg.rf.c2628ff4281376fafabe29b296d967a6.jpg,valid,0,1
IMG0000838_jpg.rf.bd4d78f215358b48c9552c32bc6524b8.jpg,valid,0,1
bone-cancer_valid_228_png.rf.c3f4bd7c11de2811b035e2b4fea92bc2.jpg,valid,1,0
IMG0000263_jpg.rf.c4785288d2422fbe7e426024b6122d01.jpg,valid,0,1
bone-cancer_valid_2_352_png.rf.c716406410bc4a2c8f6b8b23825a1bd4.jpg,valid,1,0
ankle_7_1_png.rf.c5c8da0d7c88cc1a1ff76375b22164d7.jpg,valid,0,1
IMG0000866_jpg.rf.c5c4e078cefec61c69b62baeb37c708a.jpg,valid,0,1
IMG0000709_jpg.rf.c9d06b46995c95422bc464286dfbb800.jpg,valid,0,1
bone-cancer_train_2_775_png.rf.c626b74db780e402033cee2dfb61da97.jpg,valid,1,0
bone-cancer_valid_237_png.rf.c4ee71dce0fd0dfc606c8327ddb214f2.jpg,valid,1,0
IMG0000597_jpg.rf.c850cdffac661ceff0ee6fc693da72c4.jpg,valid,0,1
Lateral-view-of-cervical-spine_png.rf.c87f6a132d5580e4f9e423c15bdbca28.jpg,valid,0,1
bone-cancer_train_2_327_png.rf.c6ced965dc3be771657350437301fac8.jpg,valid,1,0
bone-cancer_valid_144_png.rf.c47ea8a64ae59f4067da403f03e28af1.jpg,valid,1,0
bone-cancer_train_2_397_png.rf.c8d9781433ba30b222d6830426c604f9.jpg,valid,1,0
hand_13_1_png.rf.c643b5835c5e7a75f1705e893630311c.jpg,valid,0,1
IMG0000460_jpg.rf.c9eeb23cf399295ed6bcb5b2b0690ae9.jpg,valid,0,1
chest_3_1_png.rf.ca9685a661c1e00d9591e63c3e5a0277.jpg,valid,0,1
image-no319-normal-_png.rf.c859b3e3974e7a2157ebc10f2f204775.jpg,valid,0,1
image-no242-normal-_png.rf.c8dcaf7d42e3baff712ec0ac6185495a.jpg,valid,0,1
bone-cancer_train_2_1994_png.rf.cafceddd1f3f151dbf276e272095058e.jpg,valid,1,0
image-no24-normal-_png.rf.cb1edb6221e88b742ac4a5ece07d0d63.jpg,valid,0,1
femur_normal_2_PNG.rf.ca2c7a24c58b28866fe4f80d38b49e3f.jpg,valid,0,1
188_JPG_jpg.rf.c9d88b37da819b1c40604ba024e58e73.jpg,valid,1,0
IMG_1694_JPG_jpg.rf.cb8d3138914b889af31105967187b27e.jpg,valid,1,0
IMG0000572_jpg.rf.cb1fa356e620d07cc875717d97157ab3.jpg,valid,0,1
bone-cancer_train_2_2348_png.rf.cc30174f504e072e6ef6f701c67f4c14.jpg,valid,1,0
IMG0000886_jpg.rf.cc5dd1b96dedfcee9f45d8a664f822e3.jpg,valid,0,1
75_JPG_jpg.rf.d1c34fd35325a92c330ce050e0a38a1c.jpg,valid,1,0
bone-cancer_train_2_2063_png.rf.d077b799620a897fe3d3130769dc21a5.jpg,valid,1,0
image-no371-normal-_png.rf.cfb6a7de442c934b0701b9c7c3044f57.jpg,valid,0,1
bone-cancer_train_2_1745_png.rf.cdf2e50715e95175e08ab23cfa035692.jpg,valid,1,0
IMG0000382_jpg.rf.d021efa704887ce58e70c4d415ecaeb4.jpg,valid,0,1
IMG_7520_JPG_jpg.rf.cca8b84bdb4958081430b28c00a4269c.jpg,valid,1,0
femur_normal_29_PNG.rf.cf8774e99f5534bc8e0d25412292a99c.jpg,valid,0,1
image-no418-normal-_png.rf.d1150fb209a5b2e38667d0118ae056cb.jpg,valid,0,1
bone-cancer_valid_84_png.rf.d16ff2ba034aa0de967c10fe964aa9d6.jpg,valid,1,0
IMG0000849_jpg.rf.d59e41b84b957aa1cd39d0cd40eaee60.jpg,valid,0,1
istockphoto-997750288-612x612_jpg.rf.d1b999934139f3aca94ec18eb87c668f.jpg,valid,0,1
bone-cancer_train_2_1456_png.rf.d2e08ee233fbadae15b5afca35128498.jpg,valid,1,0
IMG0000509_jpg.rf.d29ee7a348102573cde106549331823f.jpg,valid,0,1
IMG_1409_JPG_jpg.rf.d5106b153c7a0c88126c4d77216f7e03.jpg,valid,1,0
IMG0000708_jpg.rf.d223dc25c9e1a1667ba268d8a8b79696.jpg,valid,0,1
IMG0000690_jpg.rf.d5bd5461b6e84dcfee9ddeeb565c7f45.jpg,valid,0,1
bone-cancer_train_2_2449_png.rf.d2f5537e46ee4ab32d625de300bd8221.jpg,valid,1,0
bone-cancer_train_2_1330_png.rf.d299ff6b83cd436e819ecccfb28ab8d7.jpg,valid,1,0
hand_5_2_png.rf.d5df173e99dc55cd365c93d052d01805.jpg,valid,0,1
-20-_jpg.rf.d4c90f240ac6f10963b192011e8261ac.jpg,valid,0,1
image-no608-normal-_png.rf.d8ab8e595c66fce0457ca6a463c96c9e.jpg,valid,0,1
image-no300-normal-_png.rf.d6a52be1950459ef236bef40292cff58.jpg,valid,0,1
humerus_26_png.rf.d6a41f3e5ac016ed2b0ee3ac55709d5a.jpg,valid,1,0
bone-cancer_train_2_2211_png.rf.d6b91ebbfe6f8e19855a850217097236.jpg,valid,1,0
37_JPG_jpg.rf.d98fa70930ee236ea616981f4021e7c5.jpg,valid,1,0
image-no522-normal-_png.rf.dcdf74a4e837709dd066041ce54296e9.jpg,valid,0,1
bone-cancer_train_2_985_png.rf.d69bed3f5fde297923dc026d466a5031.jpg,valid,1,0
image-no209-normal-_png.rf.d7c29af290ab1538d0194fd2015a1491.jpg,valid,0,1
IMG0000498_jpg.rf.d999f86cbd6875719888c562c0e03077.jpg,valid,0,1
bone-cancer_train_2_1161_png.rf.d944efffea734d4b0e0122322049b68e.jpg,valid,1,0
bone-cancer_train_2_266_png.rf.da1be663b7b75df2ad919b6f750254ae.jpg,valid,1,0
IMG0000861_jpg.rf.dc24bbf403cc469408f8ccebb36d7b52.jpg,valid,0,1
bone-cancer_valid_2_422_png.rf.d9ac622ed471b7410218a27b9137d820.jpg,valid,1,0
hand_metastasis_2_png.rf.d8d74582515a183742bcf418ab4367a9.jpg,valid,1,0
bone-cancer_train_2_2127_png.rf.d8418fdbe9c968cecc214e450a0ae093.jpg,valid,1,0
bone-cancer_valid_225_png.rf.dc2a4d967e751e2e096f0e552b22c077.jpg,valid,1,0
IMG0000539_jpg.rf.db81097a36024fd3e04276325fd40ce6.jpg,valid,0,1
bone-cancer_test_65_png.rf.db59b57f01a631926a2a7a803b9e07d3.jpg,valid,1,0
foot_14_2_png.rf.dcf3531b80509215ff1eff286a817600.jpg,valid,0,1
IMG0000592_jpg.rf.d759b7ec47913c2aa8ef02e8af3e9454.jpg,valid,0,1
IMG_2512_JPG_jpg.rf.dd5810c2a5ead253f3450ced62c95a0f.jpg,valid,1,0
IMG0000665_jpg.rf.ddb51edfaa435a90906b7003bea916ea.jpg,valid,0,1
IMG0000890_jpg.rf.de3c5b228e8b2eaa65821dda28fe4053.jpg,valid,0,1
bone-cancer_train_2_1794_png.rf.dff0b7dcdcf3399a9ebe1a7c91250048.jpg,valid,1,0
bone-cancer_train_2_1312_png.rf.e008856c4a655e0ecc9062af8df57909.jpg,valid,1,0
IMG0000812_jpg.rf.dfbcb28e7d8e8c779443f4fa9860106f.jpg,valid,0,1
F1_png.rf.dfa14290e4028c4d89fa21943ba569ce.jpg,valid,1,0
IMG0000041_jpg.rf.df688a286cb48e9482164433b81368b9.jpg,valid,0,1
-44-_jpg.rf.e0109a044273a205cada77d49db38853.jpg,valid,0,1
foot_27_png.rf.e170d98687ab16eed80b6b736a39ee22.jpg,valid,1,0
IMG0000292_jpg.rf.e1efb96095786e2fff5790ac366c2ec4.jpg,valid,0,1
bone-cancer_valid_2_418_png.rf.e0e17f0144b59928fedd28372704eac8.jpg,valid,1,0
IMG0000673_jpg.rf.e181411b48df86090100e875a4bcad77.jpg,valid,0,1
IMG0000847_jpg.rf.def417533540e179b1dedb158632edd0.jpg,valid,0,1
image-no541-normal-_png.rf.dff3ac4873e4f8543e77459ca836cabe.jpg,valid,0,1
IMG0000674_jpg.rf.e200e0e15c6c2c90cb8178a2588480be.jpg,valid,0,1
IMG0000861_jpg.rf.e1204bd4e86f689bc4bf85789e260c29.jpg,valid,0,1
IMG0000818_jpg.rf.e38d4334629f6ced580fd548c1538eac.jpg,valid,0,1
bone-cancer_valid_390_png.rf.e3b29b462ce94a49ffafd91c870b4271.jpg,valid,1,0
humerus_05_1_png.rf.e4ba9052328921e6ee6e2295e28ff074.jpg,valid,0,1
image-no109-normal-_png.rf.e2cad5d8c1f62fdfb07454635c289842.jpg,valid,0,1
image-no550-normal-_png.rf.e3f6ee085092267330ea5cbdb84ea05f.jpg,valid,0,1
fibula_ewing_27_png.rf.e4cfa290c838f9af9dfe5f3348f3982c.jpg,valid,1,0
image-no670-normal-_png.rf.e30e4dff1610880ff0663ff68a903e84.jpg,valid,0,1
IMG0000738_jpg.rf.e4401c4014ace1d776decc8c66fe8f4b.jpg,valid,0,1
fibula_chondrosarcoma_1_PNG.rf.e4d8bb37001b98c1567023999400d8ba.jpg,valid,1,0
bone-cancer_valid_196_png.rf.e44d8c2ff44ca2b9a6928902b80765ad.jpg,valid,1,0
pelvis_chield_png.rf.e51b6b4d9add324eca033b3233cc5748.jpg,valid,0,1
bone-cancer_train_2_2038_png.rf.e5f19e982b1e620ff3f32431be671f28.jpg,valid,1,0
bone-cancer_valid_2_309_png.rf.e639928af0bd86417292d42e18059705.jpg,valid,1,0
IMG0000542_jpg.rf.e559f91ef761c8d143850794456c3635.jpg,valid,0,1
image-no490-normal-_png.rf.e5c638482138a911caaec9da0d368019.jpg,valid,0,1
IMG0000439_jpg.rf.e4f496575099ed23ae959f9a9a6da3cd.jpg,valid,0,1
forearm_10_2_png.rf.e57186a377024542b931759acea02d42.jpg,valid,0,1
IMG0000458_jpg.rf.e68d4b31153e8620bb4224eb959ce75f.jpg,valid,0,1
image-no516-normal-_png.rf.e79b6384c2c1232e9829185aeb181680.jpg,valid,0,1
IMG0000553_jpg.rf.e6e35fda748b5cdc548017863e7637df.jpg,valid,0,1
humerus_32_png.rf.e6e65d8d798a527476426b44da6a83df.jpg,valid,1,0
bone-cancer_train_2_394_png.rf.e8cc975408d89b8a5f0195e99ab8b158.jpg,valid,1,0
IMG0000585_jpg.rf.e0d34f165993bfd157c0cb7371fd6173.jpg,valid,0,1
IMG0000723_jpg.rf.e9137cf30436d8009d34e86823055898.jpg,valid,0,1
IMG0000734_jpg.rf.e781cbfe7e4b7184fa636c7cfea65612.jpg,valid,0,1
bone-cancer_valid_2_190_png.rf.e8e681ee280c2d0a2567a0300f5454ce.jpg,valid,1,0
IMG0000714_jpg.rf.e95b41e4b90389148b26231c671b211b.jpg,valid,0,1
bone-cancer_train_2_2373_png.rf.ea26490cd66befde19a2fa5d169e0e12.jpg,valid,1,0
35_JPG_jpg.rf.e97e26e74a23a6ad7809c50eaccecb63.jpg,valid,1,0
bone-cancer_valid_182_png.rf.ea9706cb97b1ddfee472711d7ed40564.jpg,valid,1,0
bone-cancer_train_2_2121_png.rf.ebb620c9b30cac4332cf67230ce0c361.jpg,valid,1,0
pelvis_female_2_png.rf.eb9d10f685754560249729b25628ce38.jpg,valid,0,1
IMG0000657_jpg.rf.ead523bac1b86ddd4e77fb88a9115b13.jpg,valid,0,1
image-no560-normal-_png.rf.eabef28579ed6c578e599ced6a68a19f.jpg,valid,0,1
bone-cancer_train_2_1475_png.rf.eb5af5652ac0c08b386801ca54be118c.jpg,valid,1,0
bone-cancer_valid_2_86_png.rf.ecb8de82e4e46476843c2897cb77b1b5.jpg,valid,1,0
femur_11_2_png.rf.ec8c385a2b5dda0dde6580ed4bdcabf9.jpg,valid,0,1
bone-cancer_train_2_2472_png.rf.ec5e31614a894c76414ed48883befec9.jpg,valid,1,0
IMG0000497_jpg.rf.ebf5faec3f29309f3e218175bfd3b87c.jpg,valid,0,1
bone-cancer_train_2_785_png.rf.ec23c404d21335becbbe6517d926677e.jpg,valid,1,0
foot_35_2_png.rf.ecd2552931263ae8270b0a18fff81fd2.jpg,valid,0,1
IMG0000511_jpg.rf.eb435c9339c865561d5db35aa1d281fa.jpg,valid,0,1
149_JPG_jpg.rf.ed6a4f8eecfbb747eeb78c7fbe583142.jpg,valid,1,0
bone-cancer_train_2_2343_png.rf.ed513485adb1619318edec2b60e41a30.jpg,valid,1,0
IMG0000403_jpg.rf.ecdf1e5d4d398522d6466829fdbbcdbe.jpg,valid,0,1
200_JPG_jpg.rf.ee7e4a4f8855f608bb1e392938087ed0.jpg,valid,1,0
bone-cancer_train_2_511_png.rf.ed7277e78e406f12a2f101eabee92e09.jpg,valid,1,0
tibia_metastasis_8_PNG.rf.ecad16088a916875d76c49b2c4e5b9f8.jpg,valid,1,0
image-no138-normal-_png.rf.ed88d19e0ab3c2ec5821f0e43d03391b.jpg,valid,0,1
bone-cancer_valid_106_png.rf.ef47081556e42acb87d193eece2177de.jpg,valid,1,0
image-no286-normal-_png.rf.ee130f6a318675e0a01228411705ef68.jpg,valid,0,1
image-no500-normal-_png.rf.eef627321e92472e4cca400d343c1bab.jpg,valid,0,1
bone-cancer_test_71_png.rf.ef86d481991621953138e5a0a87ef85f.jpg,valid,1,0
IMG0000736_jpg.rf.f068d627a0eeee9e39566bc5381f1899.jpg,valid,0,1
bone-cancer_train_2_1747_png.rf.f171d570676071fee8fc5cde2f5992ad.jpg,valid,1,0
IMG0000510_jpg.rf.f02ac4f4f0ccde3e30ce2823148eb875.jpg,valid,0,1
bone-cancer_train_2_1440_png.rf.f1646f785dad50df9a2e32198ad50592.jpg,valid,1,0
foot_76_png.rf.eea9db72233c9f0f89a33541e585928b.jpg,valid,1,0
image-no79-normal-_png.rf.f11173c49469c12fc331d20b97e50e89.jpg,valid,0,1
hand_8_1_png.rf.f1dc952cc49aa76ae91f1abc164e4915.jpg,valid,0,1
image-no485-normal-_png.rf.f0f2fc1ba72859c04b0e6b9d853d3b71.jpg,valid,0,1
-16-_jpg.rf.f25c211f60259a65919a4fc54218b4a2.jpg,valid,0,1
bone-cancer_train_2_521_png.rf.f1955588892f95651306ac1547d16cd6.jpg,valid,1,0
new4_d-5-_png.rf.f3b6c17f15725ff8f48051342e93a687.jpg,valid,0,1
image-no555-normal-_png.rf.f306c684ad24ddf72ae9d267edb1b505.jpg,valid,0,1
200_JPG_jpg.rf.f38118deaf2b41f9780bc19d36280488.jpg,valid,1,0
IMG_0703_JPG_jpg.rf.f44089b6d3fbc142052195da261ae4e3.jpg,valid,1,0
bone-cancer_train_2_1260_png.rf.f4ee94e773dfc9498b6eb80291f2d1ec.jpg,valid,1,0
download-12-_png.rf.f4585fadfc1f83b818c9a1ed9f13be02.jpg,valid,0,1
bone-cancer_train_2_2042_png.rf.f45caf4a75cde1a510418acb0b94663b.jpg,valid,1,0
bone-cancer_train_2_844_png.rf.f5482cc948fc9a70f8426f1bd4e5a544.jpg,valid,1,0
image-no617-normal-_png.rf.f4ef05050dfdf2af87e8352bc20302f6.jpg,valid,0,1
bone-cancer_test_67_png.rf.f506b0bd805abb2e9c03178a3e4ddb9c.jpg,valid,1,0
bone-cancer_train_2_1991_png.rf.f6a1698995beab2616c80bcde561b324.jpg,valid,1,0
138_JPG_jpg.rf.f577225e0b9a0e791a040d4ace7b2240.jpg,valid,1,0
image-no506-normal-_png.rf.f5991636c54631d07f3a6fd91e6a8f88.jpg,valid,0,1
image-no361-normal-_png.rf.f5fc35ca89995560d13e9d1df607b564.jpg,valid,0,1
IMG0000481_jpg.rf.f4fcca507573f326cf1df25535a71504.jpg,valid,0,1
image-no486-normal-_png.rf.f5f8c7bc5d1a8d8da04d5eacdd87d78f.jpg,valid,0,1
foot_63_png.rf.f7da1b9001a8384599f01824f23b6979.jpg,valid,1,0
IMG0000522_jpg.rf.f7ec57972a87f63e18f3bd2975e81464.jpg,valid,0,1
IMG0000617_jpg.rf.f8e908a6bda07cbb1caaeaa75282f7cc.jpg,valid,0,1
bone-cancer_valid_2_324_png.rf.f83491857e90e6fafa10a92f199cbbb0.jpg,valid,1,0
bone-cancer_train_2_2295_png.rf.f90c73982e97d656e1abbc16470fd1f1.jpg,valid,1,0
IMG0000000_jpg.rf.f932bb8a94d30c4a9ff55c2a7c062ad7.jpg,valid,0,1
bone-cancer_valid_2_357_png.rf.f8e912ce943f8f7b3d96de482a882b5a.jpg,valid,1,0
bone-cancer_train_2_859_png.rf.f96bf568afd6e854f232d59ddfffbad8.jpg,valid,1,0
bone-cancer_train_2_239_png.rf.f84a9a26bb526322451c11c9c3b9e97c.jpg,valid,1,0
bone-cancer_valid_2_373_png.rf.f9e53976441225d19ed24f4b913b59f9.jpg,valid,1,0
image-no226-normal-_png.rf.f9a7687dc21845f46eeac631cc0af21e.jpg,valid,0,1
IMG0000522_jpg.rf.f9c87969f60ffcb389b4dee9d5440731.jpg,valid,0,1
image-no44-normal-_png.rf.fc46af2ba8ac3f5f176e31d7cc94aa07.jpg,valid,0,1
IMG0000041_jpg.rf.fdea000b2634393fea2d33de6b58399f.jpg,valid,0,1
foot_13_png.rf.fced3f6ade801ff5c1b6b50b6c924f65.jpg,valid,1,0
bone-cancer_train_2_443_png.rf.fd989859ac35e1d4d12eaaaac67d3530.jpg,valid,1,0
IMG0000331_jpg.rf.fe462e63fafd8a4eb8a39a762c3d5dc5.jpg,valid,0,1
bone-cancer_train_2_526_png.rf.fa3b14031d688a1004b379a8dab6a7a3.jpg,valid,1,0
image-no655-normal-_png.rf.feded238e092836b66465906d6377fe8.jpg,valid,0,1
bone-cancer_valid_2_443_png.rf.fcd7b2ff766901b3ed85c3a189e232fc.jpg,valid,1,0
IMG_6447_JPG_jpg.rf.fc4ab4983abf2f15ce5d4803bd344c63.jpg,valid,1,0
IMG0000706_jpg.rf.fe2d72b7053beea0cd13adec25678208.jpg,valid,0,1
124_JPG_jpg.rf.f971e84b496045e07e068997423ecf1c.jpg,valid,1,0
bone-cancer_train_2_2330_png.rf.fdf35b991e7ab5925e7eb4a5cda2b27d.jpg,valid,1,0
IMG0000506_jpg.rf.ff5441bae9d0e577bf6ec3d3c8e450ec.jpg,valid,0,1
IMG0000585_jpg.rf.ff43f5d87389fa1f89b2fef62f56d77e.jpg,valid,0,1
bone-cancer_train_2_2102_png.rf.ffc16170b099365c2fc3e16bdab64929.jpg,valid,1,0
femur_05_2_png.rf.ff2b5dab9818274bffc6c35ea20f5108.jpg,valid,0,1
IMG0000497_jpg.rf.ff7356c624e834604004012224fcb346.jpg,valid,0,1
IMG0000291_jpg.rf.fff7494b3bb332ed181419b5019e93f6.jpg,valid,0,1
bone-cancer_train_2_2047_png.rf.ffeb038800903257d891c52882bc420f.jpg,valid,1,0
IMG0000716_jpg.rf.fed387977b33dc3b7291d4d8d560cf28.jpg,valid,0,1
Picture6_jpg.rf.034f47366f61e0cbec31d48d7b416755.jpg,test,0,1
IMG0000041_jpg.rf.0707545fd366027c4732ccf7bbe3d763.jpg,test,0,1
bone-cancer_train_2_1674_png.rf.08de2e2c775f6fd916ee427afc237da0.jpg,test,1,0
bone-cancer_train_2_1873_png.rf.05b25c9da2a56104977641388ae51f93.jpg,test,1,0
chest_45_male_png.rf.0198bd97436b808cc6fbd6cb1ab9c213.jpg,test,0,1
IMG0000886_jpg.rf.04190cd626519f2db835b4b9359b867a.jpg,test,0,1
tibia_ewing_19_PNG.rf.00d6bf3e1f0f9f49e09f65aaf8d6b9dd.jpg,test,1,0
bone-cancer_valid_2_290_png.rf.006c042d592b5c433adaad9e286b1e41.jpg,test,1,0
155_JPG_jpg.rf.0493e4d8c2796c0bbf6d36e6a52f26d1.jpg,test,1,0
knee_6_2_png.rf.04a8a58513acf5362324f1d98a9766ba.jpg,test,0,1
IMG0000553_jpg.rf.02c28d91ca61f900121ee6ca82b59ed1.jpg,test,0,1
image-no316-normal-_png.rf.020657a0d12df630a04a1f1af0984a4d.jpg,test,0,1
IMG0000756_jpg.rf.0049703b2f7c160ea3a95898714fab39.jpg,test,0,1
image-no446-normal-_png.rf.031f0af0a5d872f59bff7d23ff6af872.jpg,test,0,1
bone-cancer_train_2_391_png.rf.03807213b88e42635921755b8cad621b.jpg,test,1,0
IMG0000741_jpg.rf.05276708bd7f00aaafa1f8cc10a191ed.jpg,test,0,1
pelvis_chondrosarcoma_3_png.rf.09d4ecb2afafb01b62252779ff7e2b09.jpg,test,1,0
IMG0000831_jpg.rf.095ffe36b21343e942ea35f5eff210fd.jpg,test,0,1
bone-cancer_valid_32_png.rf.0547d4b363419fe60082c58f4d2d78e1.jpg,test,1,0
image-no594-normal-_png.rf.002e4c5050cdbf029fbb8f2fcfe961c3.jpg,test,0,1
cspine_11_2_png.rf.01fec7177e0e51953617262578adb77f.jpg,test,0,1
IMG_9501_JPG_jpg.rf.055c2cbca5c2a084dc3f58ae6aebf5b8.jpg,test,1,0
femur_osteosarcoma_7_PNG.rf.0a4d8e3c91d375da2207ebd054597b1c.jpg,test,1,0
bone-cancer_train_2_1170_png.rf.0a1dcc78485eac222374323fba76c4b5.jpg,test,1,0
image-no68-normal-_png.rf.023270dce0e998532058f8fe6a37c31c.jpg,test,0,1
image-no3-normal-_png.rf.0a9d831a132e21e67494afc61982e46e.jpg,test,0,1
IMG0000498_jpg.rf.0607af5f16d398baf79cc78ae34f65b5.jpg,test,0,1
bone-cancer_train_2_1407_png.rf.063a700b2e6ced599b0f2639ef1ee905.jpg,test,1,0
IMG_4319_JPG_jpg.rf.0b2ff30efe77a1499d24254df0152dba.jpg,test,1,0
IMG0000840_jpg.rf.0bd2686890db798b10134d0fc4ad2667.jpg,test,0,1
126_JPG_jpg.rf.0c0c2d1349306f4252a4fb6f7bc7be06.jpg,test,1,0
IMG0000894_jpg.rf.0d55bdef8bd3f9d0f692495bdf90c5d7.jpg,test,0,1
hand_13_2_png.rf.0b90e1648d468fa3f203c7bc456378dc.jpg,test,0,1
image-no316-normal-_png.rf.0d064761c40030316eca4f49da860ac3.jpg,test,0,1
image-no240-normal-_png.rf.0d532819a9a435478395dbfe8a5465d3.jpg,test,0,1
image-no564-normal-_png.rf.0e5a7d7e1c1ba3200e3c124bc8460525.jpg,test,0,1
image-no475-normal-_png.rf.0bde777e333f664aa064efb3368e8481.jpg,test,0,1
IMG0000460_jpg.rf.113497c1f12a6c993fe9764f52263740.jpg,test,0,1
foot_86_png.rf.10caa4a4f4eb821df6614cc61378b680.jpg,test,1,0
bone-cancer_train_2_2221_png.rf.1143c319c826aef740411a3f0ff4820a.jpg,test,1,0
bone-cancer_train_2_915_png.rf.117ef95c5ae50b1690804d0a12b2a361.jpg,test,1,0
foot_2_2_png.rf.0f9e9de14ca7f6fca5213b3ebd35ea3f.jpg,test,0,1
bone-cancer_train_2_274_png.rf.0d54363ab798f3ecb5fdf1012a9e28f8.jpg,test,1,0
163_JPG_jpg.rf.11932f1b728eae9e3acf3e66d9a711f8.jpg,test,1,0
ankle_15_3_png.rf.132d37e37ecf459bafffc9dcea5212c4.jpg,test,0,1
femure_chondrosarcoma_14_PNG.rf.13b2673c8ebe9ff16a3aeef71a742e28.jpg,test,1,0
bone-cancer_train_2_213_png.rf.15422a480337d4d027c966f6d7055110.jpg,test,1,0
bone-cancer_train_2_1734_png.rf.13f4bae0d8f30d94fe52db6adc655e17.jpg,test,1,0
bone-cancer_test_160_png.rf.123a5cbd52dc8201efc4d9688aa8f5ec.jpg,test,1,0
IMG0000792_jpg.rf.14b0e02696565330f23e625b379d41a7.jpg,test,0,1
elbow_7_2_png.rf.13843dbe622a4bbdbf7c37827b1f93f7.jpg,test,0,1
image-no121-normal-_png.rf.124f1b734c9bdd03121683c3cdc7b6cb.jpg,test,0,1
bone-cancer_train_2_743_png.rf.15be3d8544bf2282c07f232438e070a6.jpg,test,1,0
image-no236-normal-_png.rf.15f8eb98769bcde7aa950de2beec993a.jpg,test,0,1
image-no566-normal-_png.rf.1708b456ace6a9a2c4128bfa2d7d0130.jpg,test,0,1
image-no385-normal-_png.rf.17d03808e9b4081399da28878aa986ad.jpg,test,0,1
bone-cancer_valid_2_189_png.rf.17e5bd00c2c2c2f6cfa0e5da3cccdd36.jpg,test,1,0
image-no405-normal-_png.rf.18338650bc5e37b85f948821acb02aac.jpg,test,0,1
bone-cancer_train_2_740_png.rf.17eddb3d1d6d00f5eff3860ec9449399.jpg,test,1,0
IMG0000823_jpg.rf.1951bd2940805e085b3c6bae69d94db8.jpg,test,0,1
Normal-paediatric-axial2_png.rf.1ba5376fff2d0b9c0a7f96e1e75be01a.jpg,test,0,1
IMG0000898_jpg.rf.1ca23763123843b9f1cd67c72df00403.jpg,test,0,1
bone-cancer_valid_183_png.rf.19f32f05d79fb821e55ba7593c236fe8.jpg,test,1,0
femur_12_2_png.rf.1af9102c553d5d15b254e9fcc1e99792.jpg,test,0,1
ankle_4_1_png.rf.1cfc2cb31b8d4d2b0d6ebb2dcd28c14c.jpg,test,0,1
IMG0000562_jpg.rf.1c6245f27f6338d13d77224b73f1412b.jpg,test,0,1
image-no65-normal-_png.rf.1cff62622316704d5e4bba74e1b7dd59.jpg,test,0,1
pelvis_25_male_1_png.rf.1c8c99d929f26c175d76d6add96cbf03.jpg,test,0,1
bone-cancer_train_2_2386_png.rf.1d6978ac20ac1d4fa08d3fda6fe715b8.jpg,test,1,0
femur_ewing_17_PNG.rf.1ba382ae3e8b5d1f529b90258da2802e.jpg,test,1,0
IMG0000263_jpg.rf.1c82706519bfbb63ed069c2f5f7f2006.jpg,test,0,1
IMG0000161_jpg.rf.1b2a617cbc473e535e5f2da82d2b04c2.jpg,test,0,1
IMG0000179_jpg.rf.1dde1a3b625fe6f27431c775ca48c049.jpg,test,0,1
IMG0000818_jpg.rf.1df51ee0256fb538ff08cad9ce44b4bc.jpg,test,0,1
image-no466-normal-_png.rf.1d71c2a763417d1aa2e24b4e4bffce58.jpg,test,0,1
humerus_1_1_png.rf.1dd5cdf301e0b9a5e2a6632ac88d27a7.jpg,test,0,1
cspine_1_2_png.rf.1e583604acbc57418442f4a0fe866545.jpg,test,0,1
image-no94-normal-_png.rf.1f54214d5e8eac0438a7811c2bbed914.jpg,test,0,1
IMG0000492_jpg.rf.1ff7e2f96eac76146dfa2b0e06356b3b.jpg,test,0,1
bone-cancer_train_2_431_png.rf.2091980f7308341fe857b21d8cd60946.jpg,test,1,0
bone-cancer_valid_2_210_png.rf.1f03136ed88d1ad9a6f618ea80ae85ae.jpg,test,1,0
IMG0000820_jpg.rf.220ee0be787e61ee901a42861c2da9a5.jpg,test,0,1
IMG0000041_jpg.rf.224dd2a48c1f7b45796261fcafe79fb4.jpg,test,0,1
IMG_8250_JPG_jpg.rf.20ba959409e6ad19d846b4b3f6dd7606.jpg,test,1,0
image-no728-normal-_png.rf.23a9afeba55b50ee78d07297fdbe05c4.jpg,test,0,1
IMG_0704_JPG_jpg.rf.1ea150c5f7dbbf1c904f02a7d12bd615.jpg,test,1,0
image-no614-normal-_png.rf.21ba8a926d33ac1d6bb6a0d6fe2c39f1.jpg,test,0,1
Normal-paediatric-shoulder17_png.rf.246f734ab844f4c48a59fabea610fb37.jpg,test,0,1
No-evidence-of-an-avulsion-fracture-Joint-alignment-is-normal-No-abnormality-of-the-acromioclavicular-joint-axis-_png.rf.26f9c55518f270178a69bf5f72bf665e.jpg,test,0,1
IMG_7182_JPG_jpg.rf.237531ba9d48924dcdb9aa550aac4555.jpg,test,1,0
IMG0000657_jpg.rf.20949e2749992aee1bafb1a545e2c47c.jpg,test,0,1
image-no75-normal-_png.rf.26394e497af483283a567530f515d814.jpg,test,0,1
cspine_6_1_png.rf.2779ab69987ff5ddfad3b7ff3a255cc6.jpg,test,0,1
IMG0000448_jpg.rf.25402cf03690386dc8df3b1bcd2d1ecf.jpg,test,0,1
bone-cancer_train_2_1772_png.rf.2822510053532f4068f3fade8d6e6b0e.jpg,test,1,0
femur_ewing_12_PNG.rf.25586621ca7d27eec9f343b7e626e545.jpg,test,1,0
image-no343-normal-_png.rf.252ec648011b40dd3ff36b308cfa171c.jpg,test,0,1
bone-cancer_test_39_png.rf.281abe1c674e069538587cb561940b43.jpg,test,1,0
pelvis_chondrosarcoma_15_png.rf.2757d5e4e04c9e2f79339a62c15bbf89.jpg,test,1,0
image-no391-normal-_png.rf.28d67e57ffa5b74ddbbf25f1ce76cdcb.jpg,test,0,1
IMG0000614_jpg.rf.290e43e3eb3b32c0c7194e83276ae941.jpg,test,0,1
IMG0000658_jpg.rf.2962089be7484ce211b025e7919441d5.jpg,test,0,1
IMG_5868_JPG_jpg.rf.29241c460a85324a5469cb90ecc5574a.jpg,test,1,0
bone-cancer_train_2_1391_png.rf.296413ba18abb581641efdfd8916c2f3.jpg,test,1,0
image-no295-normal-_png.rf.2a1e28da14f66f14c18ccc1611e249fa.jpg,test,0,1
IMG0000800_jpg.rf.2a6e85bb4ff14f50c7cff947445a525d.jpg,test,0,1
elbow_7_1_png.rf.2a89159bc1a29972ed007e6add50c275.jpg,test,0,1
bone-cancer_valid_23_png.rf.29819cbae9376d81aa7641bbd2901e4f.jpg,test,1,0
image-no245-normal-_png.rf.2b02e58052d0a28cd136079adc4f4cc2.jpg,test,0,1
Normal-paediatric-shoulder14_png.rf.2ad61bff26c6fa14f41544b2467eb975.jpg,test,0,1
bone-cancer_valid_2_183_png.rf.2ff48740836f8e96437dcb0b1c6a087c.jpg,test,1,0
istockphoto-123342580-612x612_jpg.rf.2d41b37f57d8a7fdec6efc994bdbddf3.jpg,test,0,1
bone-cancer_valid_371_png.rf.2e770889b3f5a6ca5f12f94d10745c28.jpg,test,1,0
IMG0000672_jpg.rf.2c6a4e35277a508ba3d804767527494d.jpg,test,0,1
IMG0000637_jpg.rf.303152a394c84187d4fef9ed1921df76.jpg,test,0,1
bone-cancer_valid_2_46_png.rf.2f310e1e12b6cfaf7f8917c2a0046e62.jpg,test,1,0
bone-cancer_train_2_2404_png.rf.2b164eced460764d8dd9a3c6eda1ddb9.jpg,test,1,0
bone-cancer_train_2_696_png.rf.3102cf7fd48e0ed972958927e518888e.jpg,test,1,0
11_jpg.rf.31151c764e6555b7f17b983b4b1aefed.jpg,test,1,0
bone-cancer_train_2_1176_png.rf.31e04d7d991e503fe1bb71a04c41c97a.jpg,test,1,0
IMG0000807_jpg.rf.31c02b95ccf1d1fb9b57c662e8e73dd4.jpg,test,0,1
image-no4-normal-_png.rf.32202dfdc44c16cd74013de60e368487.jpg,test,0,1
IMG0000460_jpg.rf.3378c8e9faf1cb779e1fa42e2260a846.jpg,test,0,1
bone-cancer_train_2_251_png.rf.33b002494e82c07faa1dd225091bfc8c.jpg,test,1,0
bone-cancer_valid_2_260_png.rf.3445271fc5b72d450efde3427acb5dd6.jpg,test,1,0
82_JPG_jpg.rf.33f261532571ad06bfa820e28a3686ff.jpg,test,1,0
foot_12_2_png.rf.34919e0ffd81b9c1591f433a42450169.jpg,test,0,1
bone-cancer_valid_2_355_png.rf.3557f7186b42ccfa30d1e0abe5631bef.jpg,test,1,0
image-no454-normal-_png.rf.358abe9428f0b74501ced48b365af32e.jpg,test,0,1
IMG0000672_jpg.rf.35107673514cadb5acc30f919c51696a.jpg,test,0,1
IMG0000833_jpg.rf.36605cd150ea0099386ea9b243bcefd2.jpg,test,0,1
bone-cancer_test_151_png.rf.37d65fa9d12b9db504128d9b2b45f2b4.jpg,test,1,0
new9_png.rf.391abdc02f894d1a5bb8d2c48e2ca167.jpg,test,0,1
bone-cancer_train_2_2365_png.rf.3813994b9898923cfd64bce45da29c63.jpg,test,1,0
image-no526-normal-_png.rf.3831074e00e906b55ac350ceea63d791.jpg,test,0,1
image-no239-normal-_png.rf.3960d79e9a6895ac9f226d44cfc547bf.jpg,test,0,1
femur_normal_12_PNG.rf.3a42952b3ac236639c78796c59990c0d.jpg,test,0,1
image-no61-normal-_png.rf.37a460ab69f4af2dc9300b6d3d500b25.jpg,test,0,1
bone-cancer_train_2_2019_png.rf.39a7d5465561a6c12a802b9d84b3d5c8.jpg,test,1,0
image-no100-normal-_png.rf.3b57086f795e43d0050f7693b245330c.jpg,test,0,1
image-no373-normal-_png.rf.3668ac1553f35bcd84f06151b3f73cea.jpg,test,0,1
IMG_4381_JPG_jpg.rf.3a895d2730ae0d19abe65be7a99778b1.jpg,test,1,0
bone-cancer_train_2_1824_png.rf.3b7c9d0c5334987cad91e237c4b95a22.jpg,test,1,0
IMG0000492_jpg.rf.3bdc683819f56eba123e16e56b291156.jpg,test,0,1
IMG0000333_jpg.rf.3b8bc13e5f55fe921df4532d664d1684.jpg,test,0,1
IMG0000799_jpg.rf.3ba64152a4a8e81a73be27a895da87a0.jpg,test,0,1
image-no209-normal-_png.rf.3c66d75d641f10e0c5cdda13847a98f4.jpg,test,0,1
IMG0000382_jpg.rf.3fd52ea01f60ffdd5182d79c361dff59.jpg,test,0,1
download_png.rf.3b9ea76bbff42c42739130b3813c45c4.jpg,test,0,1
IMG0000740_jpg.rf.437788987206e88d1635aa35b6f750f4.jpg,test,0,1
chest_1_2_png.rf.3ff46bf636af6b2db9a3f49c6f893ece.jpg,test,0,1
IMG_7180_JPG_jpg.rf.3d1681e2c15e8e0c27a6fe0e2168882a.jpg,test,1,0
-29-_jpg.rf.4303a14a45d225a8c16c1aae26a0d50a.jpg,test,0,1
bone-cancer_train_2_377_png.rf.3f8bbc3112cdec4cc15ff5d97e1cd079.jpg,test,1,0
bone-cancer_train_2_655_png.rf.3f1ec9660410a19e2adad21cec5dd835.jpg,test,1,0
bone-cancer_valid_2_302_png.rf.41f31ab029d9a246648fede9f1ce5d1a.jpg,test,1,0
bone-cancer_train_2_767_png.rf.3dac37df9d8770dee4435a7aedbd877e.jpg,test,1,0
bone-cancer_train_2_2034_png.rf.40f34631df50a5658a9598e5d8ffb130.jpg,test,1,0
bone-cancer_valid_382_png.rf.403fe563cb7987224e1a2d1976363fe8.jpg,test,1,0
femur_normal_6_PNG.rf.42a6c048c3ecd5dfe85db7450a1feac0.jpg,test,0,1
femur_normal_10_PNG.rf.3ee0fcf16046033a40a7751861a5a81d.jpg,test,0,1
bone-cancer_valid_2_91_png.rf.43b7d91d911152fd5093ebd7fd1c1621.jpg,test,1,0
new5_png.rf.43882bc8e537ada1f68da9404f32162f.jpg,test,0,1
IMG0000736_jpg.rf.45747e8ba5a2f6ca8462ce951644a394.jpg,test,0,1
knee_0_2_png.rf.439c6061408d48b54382865e30584065.jpg,test,0,1
IMG0000683_jpg.rf.4495d891912193461bb29ba650c1981e.jpg,test,0,1
IMG0000356_jpg.rf.468b4ebf865700c11f6f2e35273fb5bf.jpg,test,0,1
image-no621-normal-_png.rf.451f28fe039f7d597b61dbfa458fc8b7.jpg,test,0,1
hand_6_1_png.rf.47c8e8c2689433bab7fab5b43c86a13f.jpg,test,0,1
femur_metastasis_19_PNG.rf.44ef52f91b002a2f028cc5c7f2b06dec.jpg,test,1,0
ankle_1_1_png.rf.45a95c1a1bbce68961a540815226aae2.jpg,test,0,1
bone-cancer_train_2_1382_png.rf.429b103e497bf7f08351d3e3c206ae19.jpg,test,1,0
bone-cancer_train_2_828_png.rf.4836e49902b9e0d0aa2cb6f3e01345ea.jpg,test,1,0
image-no374-normal-_png.rf.454b51f3173a8b864908b53ce813d5a2.jpg,test,0,1
-67-_jpg.rf.4491c86d6fdc5ae7164aaafe5f209dec.jpg,test,0,1
tf_5_2_png.rf.43bc96440eb2b0edb4dc74747d806941.jpg,test,0,1
bone-cancer_train_2_2457_png.rf.47f95fc53fa77503ed7f81262c06be71.jpg,test,1,0
IMG0000864_jpg.rf.4907c166e9515ab8224ea98a68ca7de5.jpg,test,0,1
hand_54_png.rf.483b09bdedea145d036050e2c129f693.jpg,test,0,1
image-no57-normal-_png.rf.4833581234d7f70758086d18db7c9306.jpg,test,0,1
bone-cancer_train_2_83_png.rf.491b2482c9736b4d695f8af4618213da.jpg,test,1,0
IMG0000509_jpg.rf.492be208ca5bd5a9611111377c08e2e2.jpg,test,0,1
IMG0000331_jpg.rf.4c19916b809305c0a7eeecc88ff26890.jpg,test,0,1
IMG0000587_jpg.rf.4b9ae5c127d66c9947e9c4326bcd307c.jpg,test,0,1
hand_28_png.rf.4dd521045905490f66d9a708c102316c.jpg,test,0,1
24_JPG_jpg.rf.4ce07f3c434443e8a6082371e1a7cb4f.jpg,test,1,0
bone-cancer_train_2_930_png.rf.4adf930d4852f64628f5fa5241e256d7.jpg,test,1,0
154_JPG_jpg.rf.4a961cd49985811407117d20174e78a3.jpg,test,1,0
image-no176-normal-_png.rf.4a5768937ebe2564faeaae4eb7056310.jpg,test,0,1
IMG0000863_jpg.rf.4eb561e0efa57141edc8c22c3d368f06.jpg,test,0,1
image-no461-normal-_png.rf.4b84240d1b63711e493f846d132dafa1.jpg,test,0,1
image-no556-normal-_png.rf.4e88a2dce4e66874819fc5aa1c29dd55.jpg,test,0,1
IMG0000737_jpg.rf.4e75a0a139077f591c27d2a1079a2ca1.jpg,test,0,1
istockphoto-157632544-612x612_jpg.rf.4ec579d6b2d59b95f708b0cfcd923397.jpg,test,0,1
knee_8_1_png.rf.50331b51512cc11f471b3b991f2df47b.jpg,test,0,1
pelvis_chondrosarcoma_2_png.rf.4d69463f633bdea5e3bdad3d7d776719.jpg,test,1,0
IMG0000439_jpg.rf.506eb73b2e2c2f3f44a29410805e9d76.jpg,test,0,1
humerus_34_png.rf.4abebe115f4bce8ed45a6ad5a2bd12fe.jpg,test,1,0
IMG0000342_jpg.rf.4f0f2b950652a95e537b1cc547a77d96.jpg,test,0,1
bone-cancer_valid_301_png.rf.507006a149b777ebe98d897593d6a749.jpg,test,1,0
IMG0000406_jpg.rf.51203a521d9f25fe6e7177b611821892.jpg,test,0,1
pelvis_1_png.rf.500393d49548ed8c34d9e4faa996fa53.jpg,test,0,1
bone-cancer_valid_2_94_png.rf.52d59a2f4e950eb1c86a770d48e3b280.jpg,test,1,0
bone-cancer_valid_2_215_png.rf.53b12846b0367f30d4267f64d5316ea7.jpg,test,1,0
image-no58-normal-_png.rf.5171e5b6c63bbb0123ed6a4c89cd42b2.jpg,test,0,1
tibia_metastasis_3_PNG.rf.53b56bbec08ad8776dec510ad9637979.jpg,test,1,0
bone-cancer_train_2_535_png.rf.530934dd1f6afa607f39a15dca9024c1.jpg,test,1,0
image-no642-normal-_png.rf.539de8ec932c29deca5cb60309dbc8fa.jpg,test,0,1
IMG_5165_JPG_jpg.rf.53b87a9f5dd02bc736b3d4d16b31095a.jpg,test,1,0
hand_ch_9_png.rf.551dbcb2a7325e096a57d8faac2c2009.jpg,test,1,0
124_JPG_jpg.rf.5462a99ed9764636063abe257976dd8f.jpg,test,1,0
tibia_normal_3_PNG.rf.54c96c06967944392a0556cd85965411.jpg,test,0,1
ankle_9_2_png.rf.5510d052841ab63569c6ac2f1b2ffabc.jpg,test,0,1
image-no337-normal-_png.rf.54cab7740104ee36b21a7b52ed898e62.jpg,test,0,1
IMG0000398_jpg.rf.530f6862ebc7433be22e3c5b2dbe9dd6.jpg,test,0,1
hand_22_png.rf.559c692a45171c59a81e0a305fa6862d.jpg,test,0,1
bone-cancer_train_2_1011_png.rf.54e0f269f167b8768807cc283478b703.jpg,test,1,0
image-no2-normal-_png.rf.55a6b39796ec6f66fa8cbd59322ef0aa.jpg,test,0,1
IMG0000494_jpg.rf.566bba2d0a9d1236e3f5d7329aa3b4d6.jpg,test,0,1
IMG0000271_jpg.rf.569a391a66bfde8f636bc8f5b32f01e5.jpg,test,0,1
bone-cancer_valid_299_png.rf.5680b940cbd30df6136757e63322dee6.jpg,test,1,0
humerus_28_png.rf.56f3a32046ebd732fbf6edca28e3f235.jpg,test,1,0
foot_11_png.rf.550e3569ada7431ff35c745e5656726b.jpg,test,1,0
istockphoto-1279620834-612x612_jpg.rf.574c0409290a643afb9daba8d103095c.jpg,test,0,1
bone-cancer_train_2_838_png.rf.575a7b6f7d062d9a7b295936d0cabf9e.jpg,test,1,0
IMG_0820_JPG_jpg.rf.5825a83d6f87318653476c4e5a2b35c5.jpg,test,1,0
humerus_6_png.rf.58d3dea19606008476e6010a66e2739b.jpg,test,1,0
download-41-_png.rf.576f7ac9d6516ded24c28f353b95715b.jpg,test,0,1
foot_12_1_png.rf.57667706bd0107baa22923da6218ca8e.jpg,test,0,1
image-no184-normal-_png.rf.57cc01a23a71533ff69b0e46f192fcb0.jpg,test,0,1
bone-cancer_valid_56_png.rf.584137369af1fe7cc59edfef72542240.jpg,test,1,0
bone-cancer_train_2_1829_png.rf.587af5eb42aabb804b22a4239a64c674.jpg,test,1,0
bone-cancer_train_2_1424_png.rf.5c3628db99c2582fbe5076bf47e6586c.jpg,test,1,0
bone-cancer_train_2_1602_png.rf.578b1ed033c94c73ecf74875c1d0ac71.jpg,test,1,0
IMG0000510_jpg.rf.5db85641a0a5da8dc51475cd3249dcb1.jpg,test,0,1
bone-cancer_valid_155_png.rf.5ad1e277bbefc790d8edb470f83e6976.jpg,test,1,0
bone-cancer_valid_72_png.rf.59d0ed347e3d2a194da26b1100bbd2d5.jpg,test,1,0
IMG0000855_jpg.rf.5ab9878a656bce1b713267255df00be6.jpg,test,0,1
bone-cancer_train_2_2476_png.rf.5df4583774e6f1265b01327a380304be.jpg,test,1,0
bone-cancer_train_2_1180_png.rf.5d72d1913293bdf52859d8afe0f465fe.jpg,test,1,0
image-no131-normal-_png.rf.5de30299000df74f47fcf23763f32a30.jpg,test,0,1
IMG0000522_jpg.rf.59abf397b2c8291bcbe8b8d64d88964c.jpg,test,0,1
IMG0000396_jpg.rf.5b3befbf3b40e2a1859123fd251c4ee1.jpg,test,0,1
IMG0000674_jpg.rf.5c197c3d32be15b98967f3b652d7d266.jpg,test,0,1
bone-cancer_train_2_2511_png.rf.59f702023ae22355bbe79d2584cdb633.jpg,test,1,0
foot_3_2_png.rf.5df92074b055f33c12e05d12317d2d32.jpg,test,0,1
bone-cancer_valid_71_png.rf.5ee3fd64634abc34a91ebaf0a1e29f4e.jpg,test,1,0
IMG0000569_jpg.rf.5eb398719931d4a546d3bb313a79bacd.jpg,test,0,1
fibula_metastasis_7_png.rf.62b065a2bfc5c52651ec1a3edaf324b6.jpg,test,1,0
bone-cancer_valid_189_png.rf.5e7f729e77dfdb9dfbe8239d0172abe8.jpg,test,1,0
-41-_jpg.rf.5f12b08a6af64fad79eed51b62399573.jpg,test,0,1
image-no199-normal-_png.rf.60848b3d8e4fd2b3efd0d2d86145d53c.jpg,test,0,1
IMG_8033_JPG_jpg.rf.5ecf2ce9402c9bc0d2df24a862e82a95.jpg,test,1,0
IMG0000381_jpg.rf.61d7ccccb31a1f82af242ddbd7b90afc.jpg,test,0,1
femur_normal_30_PNG.rf.645c62b9789e3d64ab6d6cf21c9ecb7f.jpg,test,0,1
bone-cancer_train_2_2153_png.rf.65a35566a849e21fc14dcc72e7effc4e.jpg,test,1,0
bone-cancer_train_2_2292_png.rf.66bf862e821b007baca7af3b44cca585.jpg,test,1,0
bone-cancer_train_2_2167_png.rf.623e1bbc8b1c4086f2752d8d8c4f4a9d.jpg,test,1,0
IMG0000506_jpg.rf.645e97640e16445c466dc64a83b3be42.jpg,test,0,1
femur_fibrosarcoma_13_PNG.rf.616d58a74a9be99ceaf611969bef062c.jpg,test,1,0
IMG0000345_jpg.rf.6488f4898e78d06b15fdf82bbff24a80.jpg,test,0,1
image-no15-normal-_png.rf.6597e8a20419685dfe47e8ad5a1283ec.jpg,test,0,1
image-no75-normal-_png.rf.66311aed3aa131328fd2d7f1b4766477.jpg,test,0,1
IMG0000198_jpg.rf.63b0bcb0dde1f5d8d4c6f9f9e59d7304.jpg,test,0,1
bone-cancer_train_2_314_png.rf.5f11dc8f5ee3772bb3d1f1151403cdc9.jpg,test,1,0
tf_13_1_png.rf.685ec5525b13ca7e26b5055c1a81319e.jpg,test,0,1
image-no225-normal-_png.rf.66ded46cc3d71909cbf67ff09c1df90b.jpg,test,0,1
tibia_osteosarcoma_2_PNG.rf.67a2dcad5f2e351364ecc54a20918695.jpg,test,1,0
IMG_4385_JPG_jpg.rf.6980b0784b4ba19233a5bba2f2fe6a87.jpg,test,1,0
bone-cancer_train_2_2447_png.rf.697b1ddf31c5298910ef78959d78c097.jpg,test,1,0
174_JPG_jpg.rf.68fa832add9c4eef2f41ce2fd9b20c0b.jpg,test,1,0
tibia_metastasis_9_PNG.rf.69268090192feefebef739713c59946d.jpg,test,1,0
bone-cancer_train_2_814_png.rf.6a23585d7397263142e8f1c50851e7d8.jpg,test,1,0
pelvis_metastasis_1_png.rf.6865c2807cf85ff4b68d675654916b5c.jpg,test,1,0
IMG0000667_jpg.rf.69ee512fc0ad181a6be93fa0440f9b82.jpg,test,0,1
IMG0000548_jpg.rf.6ad3894eb511a474ae0f68abc28cff37.jpg,test,0,1
bone-cancer_train_2_2203_png.rf.6a6ed7a0fc9d6be395013f6c4fbe1cce.jpg,test,1,0
IMG_4385_JPG_jpg.rf.6a3f293e0d72cfeb24e845b25d323a0c.jpg,test,1,0
bone-cancer_train_2_1566_png.rf.6c501729372dd977460a6736140c52b3.jpg,test,1,0
bone-cancer_valid_114_png.rf.6a854711a697bd5a5b29fa1910ed665a.jpg,test,1,0
bone-cancer_train_2_2393_png.rf.6da8d3804b4d43e30754b19d49afc60d.jpg,test,1,0
IMG_4386_JPG_jpg.rf.6addfeb0c5154ced14fa711747e42fb0.jpg,test,1,0
hand_40_png.rf.6cd68201a95f7fdaa6475af115c0cedf.jpg,test,0,1
bone-cancer_train_2_1270_png.rf.6de9d4d74cc724d647f2896d3349ae92.jpg,test,1,0
IMG0000633_jpg.rf.6dd0247a73211defa3b8de398af8417c.jpg,test,0,1
bone-cancer_valid_15_png.rf.6de9fe996e2027ae2b3817539696a136.jpg,test,1,0
IMG0000396_jpg.rf.6ea192ba29874b8725b64c1171e9f0f5.jpg,test,0,1
image-no566-normal-_png.rf.6e6b357f6db482a3e8efaa35444a3af6.jpg,test,0,1
humerus_37_png.rf.6ea05a13e5ce73aa27c1f518ed283d53.jpg,test,1,0
foot_48_png.rf.7109fb6ee5e2ff0cccf772eeb10cee6a.jpg,test,1,0
bone-cancer_train_2_2146_png.rf.6ed46b307a024b993bd5eea655d36ffb.jpg,test,1,0
bone-cancer_test_46_png.rf.706c1b193f5520938769179b18bf32d8.jpg,test,1,0
IMG0000839_jpg.rf.6f4ce7e2aa39a08d8a384db50600496a.jpg,test,0,1
IMG0000448_jpg.rf.6e201ac1671b3799b051d4c9ece1caaa.jpg,test,0,1
image-no519-normal-_png.rf.70c4331fc05e65c8cf7379d08be1e125.jpg,test,0,1
fibula_ewing_15_png.rf.71e77baee2e7f476642fe5482433986f.jpg,test,1,0
bone-cancer_valid_2_38_png.rf.721ef6f6101c890d52dd729f79144283.jpg,test,1,0
ped_24_png.rf.704fa1b3c61c21e1d2a0f29ffdb1f705.jpg,test,1,0
image-no339-normal-_png.rf.72c64e384b1523b46eaee5564804af8a.jpg,test,0,1
IMG0000547_jpg.rf.74af571393114a3d2336fb4ecc2595b2.jpg,test,0,1
tibia_other_25_PNG.rf.7482acc2ae41d03cc50dd65c0d10f026.jpg,test,1,0
image-no661-normal-_png.rf.7550047cba27625cf4c51a749b4fa8db.jpg,test,0,1
IMG0000768_jpg.rf.75173d094ce936796f4f3a42ee49ce3d.jpg,test,0,1
47_JPG_jpg.rf.757f344cd7b42e3f0e1100a40eb9eeab.jpg,test,1,0
IMG0000710_jpg.rf.769b6cc5bebe47794eb001b8896ab9d4.jpg,test,0,1
bone-cancer_valid_34_png.rf.771a15d4d1300638e985e75278fdbefc.jpg,test,1,0
image-no56-normal-_png.rf.76af5b36ac7e0c09a02e3d229cbebfc4.jpg,test,0,1
bone-cancer_train_2_1168_png.rf.75ccb3db6815e272441ea384e8f955b6.jpg,test,1,0
image-no395-normal-_png.rf.779b6435da8ef362301efa68154a13df.jpg,test,0,1
bone-cancer_train_2_2162_png.rf.76feec5335b2c8afd238d58895a8f115.jpg,test,1,0
IMG0000522_jpg.rf.76bd142389d796ef6e6fde40ffc87d91.jpg,test,0,1
IMG0000592_jpg.rf.786a43aaa97ec03ecb700493ab450580.jpg,test,0,1
IMG0000291_jpg.rf.77179a2d4673e1ea9d6f56af7de59b73.jpg,test,0,1
IMG0000614_jpg.rf.793e2de807e512ecd41cc5cb8ffc8651.jpg,test,0,1
IMG0000465_jpg.rf.77ee7bbf03728f75c52470cc5194168d.jpg,test,0,1
IMG0000537_jpg.rf.769ec08e6cd612eda75f05b3729f30da.jpg,test,0,1
bone-cancer_train_2_2333_png.rf.767c90254e1313ca7c5e41e5f55c32bf.jpg,test,1,0
bone-cancer_train_2_2315_png.rf.76ac88ef9e70e9ef29c6bfa549a19277.jpg,test,1,0
IMG0000356_jpg.rf.7851d11d6c6bfd2761c080299d8ccaa9.jpg,test,0,1
bone-cancer_train_2_2493_png.rf.7a35faa82e22b75a4178bf237044f347.jpg,test,1,0
IMG0000458_jpg.rf.7a772266b8af35ad7c3f4385d97a3ea4.jpg,test,0,1
IMG0000856_jpg.rf.7bdf23b8b82cf2f9af7c3dcd07620852.jpg,test,0,1
image-no496-normal-_png.rf.7a5b55b88e2506de02bc06b647231eba.jpg,test,0,1
image-no686-normal-_png.rf.7831e7047ebdf87b7a2a11105cb982bc.jpg,test,0,1
bone-cancer_test_51_png.rf.7d8eede01f82035f6503caa1178bb3de.jpg,test,1,0
tibia_metastasis_15_PNG.rf.78100e0651190f8971beaa51e4af1aa9.jpg,test,1,0
IMG0000886_jpg.rf.7d2c0871886896ed7750f5038e19d9d3.jpg,test,0,1
IMG_8703_JPG_jpg.rf.7da6bcdc9973d8fcd8fd7133a96f4be3.jpg,test,1,0
femur_9_2_png.rf.7c89c6eccb236232a7c70be94a9b553b.jpg,test,0,1
bone-cancer_train_2_1499_png.rf.7dcbb707588f49a901a14cbc4e299327.jpg,test,1,0
IMG_7987_JPG_jpg.rf.8098e654bb6eebe618e7ff1fa51c8a79.jpg,test,1,0
198_JPG_jpg.rf.7df63e8243405df965b0b9472e8d5aef.jpg,test,1,0
bone-cancer_test_17_png.rf.7e886f663f75edee2cd8e9b942ba70cd.jpg,test,1,0
bone-cancer_valid_2_361_png.rf.7ee94375ea993673883c4effcf195747.jpg,test,1,0
Picture7_jpg.rf.7fc28779bec651e68fde6ad70075bcd5.jpg,test,0,1
IMG_0818_JPG_jpg.rf.80722488546c1bbf31fa53da8bbc70a0.jpg,test,1,0
IMG0000439_jpg.rf.821fdfb46695046912d75a0dc38e6b27.jpg,test,0,1
IMG0000562_jpg.rf.7faad33a17f357ac52390139150a6eb7.jpg,test,0,1
IMG0000853_jpg.rf.8082eb117764876a0411176c0dec0a01.jpg,test,0,1
image-no175-normal-_png.rf.8123383166ab6e9e4d84b2ad89bdb4d8.jpg,test,0,1
bone-cancer_train_2_2005_png.rf.7e3f420b543928e09476d628d4c40326.jpg,test,1,0
bone-cancer_train_2_1755_png.rf.7f09c2c9bfb46f1aaef1ee6acd2dbb14.jpg,test,1,0
image-no458-normal-_png.rf.7df7ee820b66f5997bb75d729569c301.jpg,test,0,1
IMG0000831_jpg.rf.802ff7e4d7315ada6c04670d312f8534.jpg,test,0,1
IMG0000329_jpg.rf.81f6cc26033ffd206d3ab5e08394a77b.jpg,test,0,1
IMG0000509_jpg.rf.81492c92f5eacd5a6c2d60120a8b1c31.jpg,test,0,1
IMG0000356_jpg.rf.82a256798048f8348343be65ca438a53.jpg,test,0,1
IMG0000694_jpg.rf.7ea802808ca2468a02da99d6f02aa2e2.jpg,test,0,1
fibula_osteosarcoma_15_PNG.rf.820a740a494c3c7334d552a349000d38.jpg,test,1,0
image-no650-normal-_png.rf.80c0e73039bbb4cbd0f3ceddfb3d288f.jpg,test,0,1
bone-cancer_valid_2_245_png.rf.82a56267bd1b259a6e778482601bb5c3.jpg,test,1,0
image-no580-normal-_png.rf.8377dc2ce473493334792d982fe6d185.jpg,test,0,1
IMG0000292_jpg.rf.8423a7727ca63f965b7636b5d09b5a4d.jpg,test,0,1
IMG0000871_jpg.rf.84f085c25c643e2b041fbde521567c83.jpg,test,0,1
IMG0000837_jpg.rf.842b165e951133f3e1020f89488e7dca.jpg,test,0,1
IMG0000465_jpg.rf.8531622eb6d3530e685f04c3010a3162.jpg,test,0,1
IMG0000382_jpg.rf.844ebbb5d74d7661d66dc88daad7760d.jpg,test,0,1
bone-cancer_train_2_641_png.rf.83a678dfcc4afc2525155c608d2936ca.jpg,test,1,0
IMG0000482_jpg.rf.859426427175703c16c2aca61e3fc30b.jpg,test,0,1
IMG0000888_jpg.rf.84383f3471b228674238d09180accadf.jpg,test,0,1
hand_28_png.rf.8588534b2cd5faabbbf07cbff003e0fe.jpg,test,0,1
pelvis_female_3_png.rf.8664ffec86847751e9480cbf297436e0.jpg,test,0,1
bone-cancer_train_2_1596_png.rf.85d01b042e79bee2ce3c34270420529d.jpg,test,1,0
64_JPG_jpg.rf.866d7d2bec523d9b7dfacd6b9ab915c3.jpg,test,1,0
IMG0000786_jpg.rf.856a6d43839bf21390cd935e1a285467.jpg,test,0,1
IMG0000772_jpg.rf.862bf8f04e8770c6de2c049ae4d3c760.jpg,test,0,1
bone-cancer_valid_132_png.rf.86cfa9caa5cdac89e3bdd04d1127d353.jpg,test,1,0
126_JPG_jpg.rf.85ddb18974b687a7cfe646348fe8fa03.jpg,test,1,0
bone-cancer_train_2_1778_png.rf.86472dd10628922f11327ee576e150be.jpg,test,1,0
IMG0000835_jpg.rf.86e3be40c9c1769f0cc31213027eac73.jpg,test,0,1
image-no532-normal-_png.rf.8740e3f1babe5b8a9921cfb3bbee0248.jpg,test,0,1
IMG0000764_jpg.rf.838a936dc838d29ac7b50d3dfa2417af.jpg,test,0,1
femur_fibrosarcoma_1_PNG.rf.8648c7a9d90b45ae329d62587b5670a5.jpg,test,1,0
bone-cancer_valid_362_png.rf.871022672e15cec62d0cc16c9f4b15ce.jpg,test,1,0
fibula_ewing_17_png.rf.879d4b44167afd623ea0b3b101ed8389.jpg,test,1,0
hand_18_png.rf.87ab448f281dee305ebfbff526d51c58.jpg,test,0,1
IMG0000781_jpg.rf.89856cc1f435642a940d87e8d073e7f2.jpg,test,0,1
IMG0000381_jpg.rf.86e8c02e77032b3afd66dea37d1cbb51.jpg,test,0,1
bone-cancer_train_2_601_png.rf.887bb6536f014ec36c59e46aff490820.jpg,test,1,0
bone-cancer_train_2_1319_png.rf.8a663a57fd962a676e8fc87377322b8f.jpg,test,1,0
bone-cancer_train_2_1781_png.rf.8b443651c53ba6191c9e5d582c14cc76.jpg,test,1,0
IMG0000571_jpg.rf.873fe19dcdb82ded043b88bb896a9a61.jpg,test,0,1
download-8-_png.rf.8a279e42a8a6bbf8e3c6abaee2bc2895.jpg,test,0,1
bone-cancer_train_2_698_png.rf.897b58a69f09a6f3afac5bda01c960f2.jpg,test,1,0
hand_ewing_10_png.rf.8922a54dfc759c0be339d0bf3d22b805.jpg,test,1,0
bone-cancer_train_2_2035_png.rf.8c6c756749d5c196705f8bdecee096e7.jpg,test,1,0
IMG0000740_jpg.rf.88e7160106bc7b62751aff913bd864a5.jpg,test,0,1
tibia_chondrosarcoma_5_PNG.rf.8898dcca8e219e3a1a034a320abced3f.jpg,test,1,0
bone-cancer_valid_2_317_png.rf.8daa7bc229b1b61c597be949fbbabd03.jpg,test,1,0
bone-cancer_test_184_png.rf.8e4d9eeb41f3def7058f1a1df8bacede.jpg,test,1,0
new7_png.rf.8d08ac14c2bc8831b73fbedf2586fc91.jpg,test,0,1
foot_9_png.rf.8b572826c2d4c8fc1836fe1c6cb760f2.jpg,test,1,0
image-no243-normal-_png.rf.8c0c72d799b2aa74e0335cdd4bea618a.jpg,test,0,1
bone-cancer_train_2_2031_png.rf.8acc3eb1fe3a97967934e265a3d26a69.jpg,test,1,0
image-no72-normal-_png.rf.8d1f5fd2c1fb2ea809c297adedb3e273.jpg,test,0,1
IMG0000586_jpg.rf.8ed8340557fd7ab5d1c583b826a10da9.jpg,test,0,1
IMG0000660_jpg.rf.8ad55cf2aa65ba79f2001e9dcff1189c.jpg,test,0,1
bone-cancer_test_119_png.rf.8eccdbb0f32463f57da3bc26cb360b68.jpg,test,1,0
IMG0000849_jpg.rf.8f63fe8eff860f1dcf4a543b84fd0762.jpg,test,0,1
IMG0000744_jpg.rf.9024d74a79a67458b5fc5fa6301648bb.jpg,test,0,1
bone-cancer_valid_2_106_png.rf.90894f7c9f2eb068b5baebe099720b6f.jpg,test,1,0
IMG0000591_jpg.rf.91c54251f13cc48955df30463ded0dfe.jpg,test,0,1
bone-cancer_valid_327_png.rf.8f843f58837f158b62a0cc7b5cb6d462.jpg,test,1,0
IMG0000835_jpg.rf.92227d421480a9662a57df67c66269d5.jpg,test,0,1
IMG0000484_jpg.rf.93175dceb3288e4fa8fd469b55043490.jpg,test,0,1
image-no16-normal-_png.rf.928ad4b36fde04b47a99f987f42a7b8d.jpg,test,0,1
IMG_6447_JPG_jpg.rf.914851e0eeb30842dba9d35582e35f8f.jpg,test,1,0
IMG0000886_jpg.rf.8f4db3ce563598c88bf4c99a0a7ea9f9.jpg,test,0,1
image-no693-normal-_png.rf.8edb81cca5e0b0fddac71ec6f90e3bcf.jpg,test,0,1
download-38-_png.rf.90f1358769652cd979d5ca1a927b912c.jpg,test,0,1
image-no656-normal-_png.rf.92ddac6d669447975ccdaf83cd28f447.jpg,test,0,1
IMG0000519_jpg.rf.94d926a4f49fb2af80071e82ab1f96ec.jpg,test,0,1
IMG0000500_jpg.rf.9393af349969ecb03c787f1d4c41f24f.jpg,test,0,1
hand_encondroma_11_png.rf.93eba8818eaf6f99657b6d56c9860500.jpg,test,1,0
image-no1-normal-_png.rf.94e203f503111733be3ab0eb1ed8ac29.jpg,test,0,1
IMG0000756_jpg.rf.8f8ee7e1ea12dad54ab9517bb0d6e9d4.jpg,test,0,1
bone-cancer_valid_2_384_png.rf.92b41edcaedd599176adc9c2f49633ec.jpg,test,1,0
IMG0000711_jpg.rf.942cf3c9217c439eeeb9114d438e427a.jpg,test,0,1
bone-cancer_valid_2_321_png.rf.937f8268f74d7d00bb8a70370015469c.jpg,test,1,0
bone-cancer_train_2_1473_png.rf.94f7fbc20355b184ccee946bb4aa0f8c.jpg,test,1,0
bone-cancer_valid_2_26_png.rf.972eee677f40c5a81951709200aaa178.jpg,test,1,0
bone-cancer_valid_2_436_png.rf.97102d52721c29d1aac868240d9051d5.jpg,test,1,0
bone-cancer_valid_16_png.rf.96aaca849b07063e71421377c018458e.jpg,test,1,0
IMG0000589_jpg.rf.94f6e130ebc21ae2cee2ad36b464a816.jpg,test,0,1
IMG0000800_jpg.rf.9706e507067a1c59494c540773c8cf55.jpg,test,0,1
bone-cancer_train_2_1982_png.rf.97c6eaaec2f1d7279107a367366ee0ad.jpg,test,1,0
pelvis_05_2_png.rf.988a0187768ec48ce4f2c66cf4209d30.jpg,test,0,1
bone-cancer_test_34_png.rf.97498a9c66bd70aceaefbaeb2093bd42.jpg,test,1,0
bone-cancer_train_2_948_png.rf.96e45bc4bd6b42381b9ad536834f7ec2.jpg,test,1,0
IMG_4319_JPG_jpg.rf.96f91328e4876da62c4bbc696e09b437.jpg,test,1,0
image-no634-normal-_png.rf.97b63ec0bd4f21111dd27e7ac3e6f0ba.jpg,test,0,1
istockphoto-472176203-612x612_jpg.rf.96dd7d3febb0be5010a7bb0c68ecd08c.jpg,test,0,1
IMG0000459_jpg.rf.987b6df72e78ade86b4c5bfb2fb693f6.jpg,test,0,1
tibia_other_23_PNG.rf.99f50f2538b6615eecfa75511fe4c155.jpg,test,1,0
image-no331-normal-_png.rf.991e22cc07f1196d0385a744531e6892.jpg,test,0,1
bone-cancer_valid_151_png.rf.9a0139d92111b8ea09b50b6474384564.jpg,test,1,0
26_JPG_jpg.rf.998e6391ef1d09a6b44444ed295e9aa5.jpg,test,1,0
IMG0000701_jpg.rf.9901b0cff3e6c86c63dde97b70c7ec27.jpg,test,0,1
IMG0000708_jpg.rf.9b2f95625dacb4d4d19a049cc622f8ce.jpg,test,0,1
bone-cancer_train_2_119_png.rf.9aabc5a96ce32e891491fd10142f24b8.jpg,test,1,0
IMG0000816_jpg.rf.9b6f835c135358794052f9d086725e74.jpg,test,0,1
bone-cancer_train_2_2186_png.rf.9bc6381e54252ae7c43dcd40631c2e0d.jpg,test,1,0
IMG0000345_jpg.rf.9c7353d582d43cfabf990ef635b0c0cb.jpg,test,0,1
new3_jpg.rf.9c9f1c28760f55aa9e6be334ad905e42.jpg,test,0,1
bone-cancer_valid_2_127_png.rf.9bcaf3ee781fba85b25c3b1c4c961859.jpg,test,1,0
image-no469-normal-_png.rf.9cf82c9867713beed411e2871d71236a.jpg,test,0,1
image-no39-normal-_png.rf.9d214702340f86b8882c9029b53fe4ac.jpg,test,0,1
foot_5_1_png.rf.9ee4f6e9c51ea05cb08bbf95064712f1.jpg,test,0,1
bone-cancer_valid_31_png.rf.9e9d4b962f0f384b648eb2d09d664c2d.jpg,test,1,0
IMG0000335_jpg.rf.9f6530be71e40c404855a58c389eca8f.jpg,test,0,1
image-no108-normal-_png.rf.a03629ddde21c65fb004249d2580b7f3.jpg,test,0,1
image-no99-normal-_png.rf.9d91afe5bdbbaeed2ae7ac1e013c2779.jpg,test,0,1
IMG0000539_jpg.rf.9f556f8f1b979c50550924ac72c0727d.jpg,test,0,1
image-no159-normal-_png.rf.a09c5c815d78ad9759597add2792bd40.jpg,test,0,1
bone-cancer_train_2_2204_png.rf.a135357aa2bdf0c93c29482dd75d63ff.jpg,test,1,0
IMG0000890_jpg.rf.a032ccfd2fe434e3bb2c000bf44edd09.jpg,test,0,1
IMG0000778_jpg.rf.a156c846ddaf9d35910052cd87e9def2.jpg,test,0,1
IMG0000792_jpg.rf.a23989a92a86b3dfb5acbfbc2f92ce62.jpg,test,0,1
IMG0000785_jpg.rf.a223ce55b6538196ab4b729a71f707d5.jpg,test,0,1
bone-cancer_valid_2_170_png.rf.a1d1a8986e324b11895f1647a4a098a3.jpg,test,1,0
IMG0000813_jpg.rf.9f102738183aafdeb8720e62935d42d8.jpg,test,0,1
IMG0000656_jpg.rf.a23c4363ae49d9f0a3c8014e9755794e.jpg,test,0,1
IMG0000754_jpg.rf.a46ed6ba64d3304d5ab457c8b7c92cb5.jpg,test,0,1
bone-cancer_valid_2_272_png.rf.a2984d1c011365a204297f2ffd5c73c0.jpg,test,1,0
femur_metastasis_6_PNG.rf.a43c235b9f58e646e39135e024952d05.jpg,test,1,0
bone-cancer_valid_2_322_png.rf.a42bb9b079aedeb17d6be1d2abf8ac64.jpg,test,1,0
image-no15-normal-_png.rf.a36706ef1fdc676bde0c9b4de3a22889.jpg,test,0,1
BVFS2849_JPG_jpg.rf.a3ba8eb7b8a922292f54a7380eec5a68.jpg,test,1,0
image-no254-normal-_png.rf.a2ce483cf83f1450bdb3867ddac67ba8.jpg,test,0,1
bone-cancer_train_2_2336_png.rf.a7359cdbf99a4434fd8b630a9faee5a3.jpg,test,1,0
bone-cancer_train_2_1144_png.rf.a3e520536f86e8ecfe8cea045ca7c22c.jpg,test,1,0
bone-cancer_test_175_png.rf.a7208dbd58d78f655fdc3417485eff79.jpg,test,1,0
tibia_other_14_PNG.rf.a873cce39a1592f20dd105e77716374a.jpg,test,1,0
IMG_1700_JPG_jpg.rf.a6132d9035ceae23e0590beecaa34771.jpg,test,1,0
IMG0000768_jpg.rf.a48fa46f31bcf37234bec0d5ee3fe47c.jpg,test,0,1
bone-cancer_train_2_2249_png.rf.a450f5fc91964310f91e9bc6b13591c9.jpg,test,1,0
bone-cancer_train_2_2227_png.rf.a89705dcd70e2b9f18e0e710de8460b2.jpg,test,1,0
bone-cancer_valid_2_268_png.rf.a9e445d49329502187a7cc06db69cc84.jpg,test,1,0
IMG0000848_jpg.rf.a96fc2660d45e98e01c08a525305bbce.jpg,test,0,1
bone-cancer_test_148_png.rf.a7e250e6101c239ffc1efb3f346aaa43.jpg,test,1,0
bone-cancer_valid_2_267_png.rf.a937c23019b9be4b8e936554d23f3fe2.jpg,test,1,0
IMG_6517_JPG_jpg.rf.ab8ee903b06f8247230fcf5546d96e89.jpg,test,1,0
IMG0000179_jpg.rf.ab4857151eb34531c1cc8e133434159d.jpg,test,0,1
chest_13_2_png.rf.abe6b1de6f75309f2cbf865d6ea489e3.jpg,test,0,1
IMG0000460_jpg.rf.abc11a53166af6aa7f06d70bfb694298.jpg,test,0,1
IMG0000399_jpg.rf.ae62e98bd8538eb90a6b52e8b8b48bf3.jpg,test,0,1
IMG0000115_jpg.rf.ae5c6cb6d1346a9c22879431b2fdb158.jpg,test,0,1
AHFR1872_JPG_jpg.rf.acca4de78b63399be91b292faab82874.jpg,test,1,0
bone-cancer_train_2_449_png.rf.b187b6f180f076d635bb48e0853642c5.jpg,test,1,0
97_JPG_jpg.rf.ae6f6ed866db2119d4e86ed3d46ee3ed.jpg,test,1,0
foot_13_3_png.rf.aef5ed41012f49f0bf2e2d69c3847447.jpg,test,0,1
106_JPG_jpg.rf.b0341c1156a0279ff863638042bbb436.jpg,test,1,0
Picture11_jpg.rf.b06f4219cf7bbbad93d125c457cd3e9a.jpg,test,0,1
bone-cancer_valid_260_png.rf.b26318a3e1a3082136a1e50af4f56f13.jpg,test,1,0
IMG0000738_jpg.rf.b1160343f31ffa1d109108b666ecdf11.jpg,test,0,1
Forearm_6_2_male_png.rf.b18f8acfcc07e6d7ed12fd0dd9839bec.jpg,test,0,1
IMG0000866_jpg.rf.ae6d3af78bd9236cca6964f95e0e7907.jpg,test,0,1
IMG0000830_jpg.rf.b1c581473cd1aa0ea6c87191aa6f3532.jpg,test,0,1
IMG0000587_jpg.rf.afe947ea14ecf1a86a4986ee861cb87f.jpg,test,0,1
foot_0_2_png.rf.b28fe87726e342ec8f8c083e8097c6d9.jpg,test,0,1
image-no443-normal-_png.rf.b267b9f47e7852ad31fc4f32b5e2c54b.jpg,test,0,1
IMG0000289_jpg.rf.ae7f85b1cdcdd37ce7b0b25f019ccfdc.jpg,test,0,1
bone-cancer_train_2_1214_png.rf.b21c23fca78cedce7371c7b9423e2128.jpg,test,1,0
image-no533-normal-_png.rf.af1e07bd4971f8cdcf01816b8c89429e.jpg,test,0,1
image-no260-normal-_png.rf.aef206d06dcb799c806abc4ee9a31dee.jpg,test,0,1
IMG_0422_JPG_jpg.rf.accfbbf002177e877194e6ff197c2d5d.jpg,test,1,0
image-no243-normal-_png.rf.b3c4e71650d2558d9425cb8f2e20e8e0.jpg,test,0,1
121_JPG_jpg.rf.b2c9089a6fe7260ebb77a6c710c348c9.jpg,test,1,0
image-no442-normal-_png.rf.b22c4f90261f613f0eb51d34c373d30a.jpg,test,0,1
IMG0000876_jpg.rf.b3e706c871775914e9eadd714f68f2f7.jpg,test,0,1
image-no738-normal-_png.rf.b3e31acedc5d05006b04725971245bdb.jpg,test,0,1
bone-cancer_valid_2_50_png.rf.b4a6c9d41196116b8c114ffa7d5de0d2.jpg,test,1,0
pelvis_chondrosarcoma_4_png.rf.b494efda1f7e2c1db0a6210067f109b4.jpg,test,1,0
IMG0000791_jpg.rf.b3ec997b58c947512c38be069530f76f.jpg,test,0,1
femure_chondrosarcoma_20_PNG.rf.b4225e04077b50e434abbd962d576927.jpg,test,1,0
pelvis_chondrosarcoma_19_png.rf.b4a7857aa2285491848c98547fdfc044.jpg,test,1,0
IMG0000894_jpg.rf.b5107794bb218c1833f3a231f0b20b21.jpg,test,0,1
image-no201-normal-_png.rf.b53f186e469ac59a0a16852e316ebc64.jpg,test,0,1
bone-cancer_valid_2_114_png.rf.b66144f666ff90a330e5a4169dd1cd33.jpg,test,1,0
pelvis_other_5_png.rf.ba17f3a1c3432416af9597996a6491c4.jpg,test,1,0
bone-cancer_train_2_2163_png.rf.b78f52407c965e058920b7fde9b81323.jpg,test,1,0
IMG0000406_jpg.rf.b96178c5b7ecaa3b0cd70e4211aa3b64.jpg,test,0,1
bone-cancer_valid_2_346_png.rf.bd12fe39eaad6d056d38532a415d25d7.jpg,test,1,0
bone-cancer_valid_223_png.rf.ba5b0aefe58c30ff1671cd09240329bb.jpg,test,1,0
IMG0000506_jpg.rf.bc20ea33c825ac9dfbac939319f6196c.jpg,test,0,1
bone-cancer_train_2_378_png.rf.ba5e1bcdfba1f29e1d19fc83c1333e67.jpg,test,1,0
No-evidence-of-an-avulsion-fracture-Joint-alignment-is-normal-No-abnormality-of-the-acromioclavicular-joint-_png.rf.b55240b95f970964891aa407fe1d091f.jpg,test,0,1
image-no349-normal-_png.rf.b87d71dd6189e8de2e2e59ceabbd9034.jpg,test,0,1
IMG0000856_jpg.rf.b84f776f8c6d55ce1524f4390f808370.jpg,test,0,1
bone-cancer_train_2_2388_png.rf.ba6cfbae44f0b938248e40932681a81b.jpg,test,1,0
bone-cancer_train_2_2494_png.rf.b9454ae74ddbd867c615bebbffa6b509.jpg,test,1,0
IMG0000398_jpg.rf.bbb7a892ea9ab7cf47ade2835c6af355.jpg,test,0,1
IMG0000263_jpg.rf.ba9161dec733621ca867484e65b2fb53.jpg,test,0,1
-39-_jpg.rf.bafa4a27000dbeb02ff4b05a5265e85b.jpg,test,0,1
bone-cancer_train_2_1311_png.rf.bce2436173707030d265ae789116c961.jpg,test,1,0
tibia_osteosarcoma_14_PNG.rf.bd2dadb0ec993423294abd3f9efde4f5.jpg,test,1,0
IMG0000723_jpg.rf.befde1c69bb0145d73a5f2096a1b2950.jpg,test,0,1
image-no144-normal-_png.rf.be841e825b8de856744fa04447f3fa89.jpg,test,0,1
IMG_8648_JPG_jpg.rf.bc43be2235157ff9ece56178fa2acdd6.jpg,test,1,0
bone-cancer_train_2_1346_png.rf.bec55453be1683db77c93119de1f45ff.jpg,test,1,0
15_JPG_jpg.rf.ba92331fc60629481f188e6cbc720607.jpg,test,1,0
bone-cancer_train_2_1577_png.rf.c0be258effa16ab01b30c7138a6ecfda.jpg,test,1,0
IMG0000329_jpg.rf.c19db0923d42d51f4f93504dfc170ca6.jpg,test,0,1
image-no154-normal-_png.rf.c19e307770ab83f804d21a246f9fee81.jpg,test,0,1
IMG0000431_jpg.rf.c5118434390efa21554bd5e5835f008a.jpg,test,0,1
hand_encondroma_1_png.rf.c260f62ab0d6de30597ca940d1e5bce6.jpg,test,1,0
IMG0000833_jpg.rf.c20518376ba0d43cc6cd30578df1bc8d.jpg,test,0,1
bone-cancer_valid_2_230_png.rf.c46576a8fe4197ecc9c4c1f988b5dcf5.jpg,test,1,0
download5_png.rf.c38130132ffc0355272e4a6392c35207.jpg,test,0,1
IMG0000587_jpg.rf.c2d7846e00c64f68eccebf77fd1f5e6b.jpg,test,0,1
femur_normal_10_PNG.rf.c35d16b3bed8fe2fa37e24df18176834.jpg,test,0,1
IMG0000756_jpg.rf.c579bcb19c52a0010e891e0302338386.jpg,test,0,1
bone-cancer_valid_335_png.rf.c60f3aaa29150b5d9c4e3e1eaba8ac81.jpg,test,1,0
image-no272-normal-_png.rf.c53173ff69ee023c1d2bae5b2e9dc249.jpg,test,0,1
femur_normal_26_PNG.rf.c3def902dcbaf42ffc0f3ec9ce8f9211.jpg,test,0,1
IMG_2073_JPG_jpg.rf.c3d5dccbb49ed536ae03392f2ea2775f.jpg,test,1,0
IMG0000406_jpg.rf.c8a085f9a597f7ed286d6a093ff3245a.jpg,test,0,1
bone-cancer_train_2_598_png.rf.c73bfe0491c547fcb497ce2109d4d6e7.jpg,test,1,0
bone-cancer_train_2_658_png.rf.c6fbbe890a96d7a04268d6eb3e021711.jpg,test,1,0
image-no67-normal-_png.rf.c82d61f939c40c70816e80ea2159f0d9.jpg,test,0,1
image-no388-normal-_png.rf.c7b2b7ec9ed7bcf5f71894bf19e9fd9a.jpg,test,0,1
IMG0000497_jpg.rf.c314284fd15924b99d03870d0e9dba27.jpg,test,0,1
bone-cancer_train_2_538_png.rf.c3db5efbae638115cd57893122a3e276.jpg,test,1,0
bone-cancer_train_2_1735_png.rf.c9b6717b4c88afee1125abff673aff63.jpg,test,1,0
IMG0000428_jpg.rf.ca8b6b38413201f43740c5bc176de814.jpg,test,0,1
hand_2_2_png.rf.c8f2c17a9d37be230661249620fbc3b9.jpg,test,0,1
femur_other_4_PNG.rf.c86c6a6f38a20c93381ce6b467bc0727.jpg,test,1,0
IMG0000774_jpg.rf.cad0816eccb85431ba629afbb495760f.jpg,test,0,1
IMG_0214_jpg.rf.cb365c04818b218e4b7eaae7a2087aba.jpg,test,1,0
bone-cancer_train_2_2442_png.rf.c9a3221401b008d2bb8264959600014c.jpg,test,1,0
bone-cancer_train_2_1205_png.rf.cb8306a83b668d6ce1168a504e5e71d7.jpg,test,1,0
IMG0000614_jpg.rf.cc29196c25c54b487ae667a9e138d7f2.jpg,test,0,1
bone-cancer_train_2_324_png.rf.cc538c29f6fc6e5a647876071cbe36ca.jpg,test,1,0
image-no119-normal-_png.rf.cba774fcc7920b308b3d2c454cbcbcdd.jpg,test,0,1
IMG_0539_JPG_jpg.rf.cbd61bbf0f8f67f346e33cfbc2de873b.jpg,test,1,0
bone-cancer_test_5_png.rf.ce117a9dad12316a7314935c0315e9f5.jpg,test,1,0
image-no283-normal-_png.rf.cc67cb93459b366d2c11f5c8b7a87632.jpg,test,0,1
bone-cancer_train_2_320_png.rf.cbfb451ae0303599028a61067d98059b.jpg,test,1,0
fibula_ewing_10_png.rf.cdc029b09e370fbcc9899821e3db901b.jpg,test,1,0
bone-cancer_train_2_1339_png.rf.cfb9122dafbe2160a90c64a36a565f73.jpg,test,1,0
IMG0000531_jpg.rf.d0118379c75d007d0223c2e1dc8319f2.jpg,test,0,1
bone-cancer_train_2_212_png.rf.d0e2c271b1270b4172312ef013b762f8.jpg,test,1,0
bone-cancer_test_22_png.rf.ceff4b82ee624c8ce0a15dea03db0a8d.jpg,test,1,0
bone-cancer_train_2_1753_png.rf.cf6879c6236161072ebfc35ee98f7545.jpg,test,1,0
bone-cancer_train_2_2473_png.rf.ce74662868cbdd1d3a5cf66337ee286f.jpg,test,1,0
femur_normal_22_PNG.rf.cc9b758ab926edf09b7042046126226f.jpg,test,0,1
bone-cancer_train_2_1730_png.rf.d15e822b00225cf58b3d6dc1f94d93df.jpg,test,1,0
image-no509-normal-_png.rf.d133244dd554dcf2379561ddbdc14c63.jpg,test,0,1
bone-cancer_train_2_1952_png.rf.d00d6dad0d0fe56c4b9c74674b8c7614.jpg,test,1,0
foot_35_3_png.rf.d2bda08e5731549ecd68d7476713a981.jpg,test,0,1
image-no422-normal-_png.rf.d307f4ca226e66d6c97d4ac32e94a69b.jpg,test,0,1
bone-cancer_train_2_62_png.rf.d3ba07994910f4cabd263199c45a8fc1.jpg,test,1,0
bone-cancer_train_2_620_png.rf.d5219759356492b4035f29ccb0d19b50.jpg,test,1,0
IMG0000335_jpg.rf.d52bbc6b3313768e40075c8f883ad9cc.jpg,test,0,1
femur_ewing_5_PNG.rf.d3e89a6fbec06c75b9c3837b8c1172f8.jpg,test,1,0
bone-cancer_train_2_1807_png.rf.d477efcfedac289445a1ebdd7c37d867.jpg,test,1,0
IMG0000547_jpg.rf.d4fb5532a463dc1d198f600188efcc5b.jpg,test,0,1
bone-cancer_train_2_2397_png.rf.d563f3421f1f6564feea05146722edc8.jpg,test,1,0
image-no466-normal-_png.rf.d043d3ddbc6655398cd3eedfe3d81cb1.jpg,test,0,1
bone-cancer_train_2_304_png.rf.d6cda3596104452bf780c4927bbd7762.jpg,test,1,0
download-19-_png.rf.d57d830d89205bd9515b93d58b9fb3f2.jpg,test,0,1
ped_4_png.rf.d64c4162d37e603ca04719180e5008b1.jpg,test,1,0
IMG0000592_jpg.rf.d6fac31e6ae1b82873570fa19387b655.jpg,test,0,1
r1_png.rf.d75eae4935f4ccb79ec111e53230fd4b.jpg,test,0,1
IMG0000815_jpg.rf.d96b2702315f04c81c4719298d8573cb.jpg,test,0,1
femur_5_2_png.rf.d75e25e001fd821e88bedde2ac92da16.jpg,test,0,1
bone-cancer_valid_263_png.rf.d73d46ea36b78010f24f5f53a05db9d3.jpg,test,1,0
bone-cancer_test_73_png.rf.d6b1651f1f689214d7d6330e56acde3f.jpg,test,1,0
IMG0000689_jpg.rf.d76bb3c84d528faa56621a3eb8008a5d.jpg,test,0,1
image-no184-normal-_png.rf.d8a4932148210f4289f762bf5bba4c00.jpg,test,0,1
IMG_4415_JPG_jpg.rf.d975e9b0362fd46ea7bbb4b2ce51c2e1.jpg,test,1,0
IMG0000807_jpg.rf.d80a1355bcffdd27ee2488f5e3cf9400.jpg,test,0,1
IMG0000460_jpg.rf.d8aa1acadb95a28f1965ce1bf5619ae5.jpg,test,0,1
bone-cancer_train_2_1550_png.rf.d5dd300a436a71ea57b4737681a7182d.jpg,test,1,0
IMG0000460_jpg.rf.d94f77540e4776481e16a88d7914ca7a.jpg,test,0,1
image-no3-normal-_png.rf.d71bbbc6ccee323c76c4722654ae90dc.jpg,test,0,1
bone-cancer_train_2_1947_png.rf.db2eab0444f0d90018c34ed2c4db561b.jpg,test,1,0
IMG0000874_jpg.rf.db187a20f2bf38c284b6146cab64c6da.jpg,test,0,1
IMG0000849_jpg.rf.d7604e814f2fed883cfae024fd41898c.jpg,test,0,1
DBEA1876_JPG_jpg.rf.dbdcd8ef743766489635a18dddd88ff3.jpg,test,1,0
152_JPG_jpg.rf.da807b0aabe78268702fa187d3b3d224.jpg,test,1,0
IMG0000711_jpg.rf.dceef338bd69edf4a7c97b3325c1e844.jpg,test,0,1
IMG0000041_jpg.rf.deccfd6dda29aa4cc2cffffdc1c3cf0f.jpg,test,0,1
bone-cancer_valid_164_png.rf.deaa9fdc21668685b1e44e9bcb9e5077.jpg,test,1,0
IMG0000585_jpg.rf.deba06cb25a98517173badd00b3b4e26.jpg,test,0,1
bone-cancer_valid_2_54_png.rf.e271ade631401d88c6163bf8271d712b.jpg,test,1,0
127_JPG_jpg.rf.ddc90dd8b3109411fb207fae7349ef9c.jpg,test,1,0
humerus_2_png.rf.e0249b6212fa4b99447c686437745d04.jpg,test,1,0
bone-cancer_valid_2_81_png.rf.e042c39d87aaa3fa342d6c386bf405b2.jpg,test,1,0
image-no734-normal-_png.rf.e424f3e07fa1b08994b7265367a8b276.jpg,test,0,1
image-no307-normal-_png.rf.e03ac5afae77602478f77452883a6a7b.jpg,test,0,1
IMG0000597_jpg.rf.e10fea62b525b0ea204ae2149850e6e1.jpg,test,0,1
image-no534-normal-_png.rf.dff611332d8eb97a12c05df996eec008.jpg,test,0,1
fibula_metastasis_1_png.rf.e2db2cf983056fc340d6d10f9a891647.jpg,test,1,0
bone-cancer_train_2_545_png.rf.e23201e7156a475656aea8765d5737eb.jpg,test,1,0
bone-cancer_test_104_png.rf.e215629280beaefd7cbc7f5f1e20704e.jpg,test,1,0
bone-cancer_train_2_2253_png.rf.e438296f13572440b1390953d13e0615.jpg,test,1,0
Picture1_d-12-_jpg.rf.e5eeb6128d8ed23db6bd745e28314ea9.jpg,test,0,1
bone-cancer_valid_2_304_png.rf.e484a9fbbb130dca0a57139128e09b0f.jpg,test,1,0
IMG0000740_jpg.rf.e4672ccb042ff46a222fb3f17d87c87e.jpg,test,0,1
IMG0000475_jpg.rf.e775760ae218c467d2a5fb37ee637749.jpg,test,0,1
IMG0000633_jpg.rf.e6a612e9fc9f0e5e633c164f9729ff1c.jpg,test,0,1
IMG0000733_jpg.rf.e7ea7a52b7103f0a83acf1bfa12c4c75.jpg,test,0,1
IMG0000333_jpg.rf.e4eea3c2640639da54ecee68df2e116a.jpg,test,0,1
IMG0000756_jpg.rf.e964cbdc46af166c60fe21f6d3e1bbaf.jpg,test,0,1
bone-cancer_train_2_2057_png.rf.e5bccc5390492c9121ce75293b71bab9.jpg,test,1,0
bone-cancer_valid_2_15_png.rf.e970ff969bc1d3d3bde0268aea98cf0d.jpg,test,1,0
foot_74_png.rf.e998ea51494f34f540c929c1eec71506.jpg,test,1,0
tf_12_2_png.rf.e62b1b0c6691f44b2192314b17da7c45.jpg,test,0,1
IMG0000869_jpg.rf.eb3fe235f9d867dea788a82c1fffad92.jpg,test,0,1
image-no203-normal-_png.rf.eb55445fdb6b4450405b1725dd3900f4.jpg,test,0,1
knee_0_2_png.rf.e844cf696a79bd748e87e7a1645f2638.jpg,test,0,1
IMG0000722_jpg.rf.e9b8ef9c6e34d2c8ce11326b7dfd57b4.jpg,test,0,1
image-no185-normal-_png.rf.e8e3df6fccb855b89ddc410df4f325ea.jpg,test,0,1
foot_0_2_png.rf.e87d2af304c1bf456cc676e973556cf2.jpg,test,0,1
bone-cancer_valid_286_png.rf.ea56ec0ec109a28589afae2e4e9fb557.jpg,test,1,0
hand_0_2_png.rf.e751054e0d8b7e77993ab1f22ae58433.jpg,test,0,1
image-no297-normal-_png.rf.ea5318204f75bd063bcf8f1dc541f07d.jpg,test,0,1
femur_normal_5_PNG.rf.e5e81096de62bae3968aa8d7a2cd0227.jpg,test,0,1
bone-cancer_train_2_418_png.rf.ea1ccbe6723ac5c6ef73d086e467f1e8.jpg,test,1,0
bone-cancer_train_2_1321_png.rf.eaaa5eb192fad00f2527e4c10d956136.jpg,test,1,0
bone-cancer_valid_2_255_png.rf.eb622891f2e186a55e61d6f34241461c.jpg,test,1,0
image-no470-normal-_png.rf.ec38079ccaf1c9237978785e8d75cbea.jpg,test,0,1
cspine_6_1_png.rf.ebd99de3ad2ae1a657a1c1b8f5bd47cd.jpg,test,0,1
IMG0000709_jpg.rf.ec12a435ec44ba04beecdb7f46c932da.jpg,test,0,1
IMG0000791_jpg.rf.ecb9bb749262f68e46d55e1b422bc17e.jpg,test,0,1
bone-cancer_valid_2_55_png.rf.ed10ed0d383c6fe4eee4cca8989f4f81.jpg,test,1,0
bone-cancer_test_31_png.rf.ef4f9e32fb009a594e8b71542e856fd9.jpg,test,1,0
image-no424-normal-_png.rf.eec20c220be193e9a2d61480933f2bfd.jpg,test,0,1
tibia_metastasis_26_PNG.rf.ed0d2fc679e2b8a1e445ae69793fb56d.jpg,test,1,0
tf_20_female_2_png.rf.eed10bffbf5cbc9581980f97598eaae7.jpg,test,0,1
pelvis_ewing_5_png.rf.ef8dd731f101536e080b43c3651a6c54.jpg,test,1,0
pelvis_metastasis_19_png.rf.ec36f402b53fddbcbf30ee35b9a0600a.jpg,test,1,0
image-no84-normal-_png.rf.effd4c38aff3736abb4dcb6ec6225e57.jpg,test,0,1
bone-cancer_train_2_407_png.rf.edaff3f82a9a7c8ffb09173858c87164.jpg,test,1,0
bone-cancer_train_2_2138_png.rf.f13e28c8fcf5c7e5b4e9e7848be7a020.jpg,test,1,0
IMG0000201_jpg.rf.f167d4b734d4aa722cb72b2382df2b78.jpg,test,0,1
bone-cancer_test_60_png.rf.eddb92104842dd1325027ff0a00b9156.jpg,test,1,0
IMG0000890_jpg.rf.f1192e51a21365279e0800ba12205356.jpg,test,0,1
bone-cancer_train_2_1492_png.rf.f469fa26c829b1e0bd2bc79aff54c2a6.jpg,test,1,0
bone-cancer_train_2_875_png.rf.f3cda95a69b8ac37df67e5357c48fbee.jpg,test,1,0
hand_encondroma_7_png.rf.f2bd15b2aa31df37e1c45783bc4af13b.jpg,test,1,0
bone-cancer_train_2_945_png.rf.f4212ee6451d524b0162b05f5760ecc9.jpg,test,1,0
tibia_metastasis_2_PNG.rf.edc610652ec6a7abdf152c8060b65102.jpg,test,1,0
IMG0000482_jpg.rf.f17804870a5f72d00d456a249ea44192.jpg,test,0,1
bone-cancer_valid_2_64_png.rf.f4f17b814ab9b228d282420e8df14ef4.jpg,test,1,0
bone-cancer_train_2_2429_png.rf.f5a1c1c16edac71c281a07e363e6dffb.jpg,test,1,0
-14-_jpg.rf.fba3a5526543e85e8dd771cbf82356ce.jpg,test,0,1
IMG0000586_jpg.rf.f76085db71a57b82e1171e19d0f3e77e.jpg,test,0,1
IMG0000719_jpg.rf.f79831b23a3149c43d269d67cf1f0170.jpg,test,0,1
bone-cancer_valid_2_180_png.rf.f9b01df6e8d83db58e5f18316c8f0e34.jpg,test,1,0
157_JPG_jpg.rf.f6883488ecfa183d9699a869ad9c3a79.jpg,test,1,0
IMG0000730_jpg.rf.fbda36cd28b21767f0ee1d17cf84e424.jpg,test,0,1
IMG0000888_jpg.rf.fc816b7a1ee252983655765d37d591db.jpg,test,0,1
image-no308-normal-_png.rf.f9769f02601a384adc9b81e15e0164ce.jpg,test,0,1
image-no207-normal-_png.rf.fa98b1cab006a9f223a25873ff18b972.jpg,test,0,1
rib_1_png.rf.fa9d2eb05e1cc653abd98dfef3384528.jpg,test,1,0
bone-cancer_valid_2_6_png.rf.fb3f42aff736be637da16ca911c77e06.jpg,test,1,0
IMG0000428_jpg.rf.f839f00d17c4dbd26e28061e94c53353.jpg,test,0,1
cspine1_png.rf.fd70c27ad4924cdfc9e0fea4048417d1.jpg,test,0,1
bone-cancer_train_2_1696_png.rf.f74068d284d33137ecc46a858aad1517.jpg,test,1,0
image-no737-normal-_png.rf.fd23ee0cb34b4086bbd5faa83398edc4.jpg,test,0,1
IMG0000329_jpg.rf.fd07d7787b64534565829fbeab67ca59.jpg,test,0,1
IMG0000424_jpg.rf.fabcfb7f20f9c7f43ca7e30840470f93.jpg,test,0,1
image-no373-normal-_png.rf.eb910041801e2eb53150196cfd3dde9a.jpg,test,0,1
bone-cancer_train_2_337_png.rf.fc8d9daa8158e987d6d4e50d80b725a6.jpg,test,1,0
bone-cancer_valid_375_png.rf.fcc646feefeeaf18ce990078e2f64366.jpg,test,1,0
image-no85-normal-_png.rf.fd72cf9b836093adbca10e86bcdab2fc.jpg,test,0,1
image-no641-normal-_png.rf.fe0e0a02e1cc8e898d7a193184bbe786.jpg,test,0,1
knee_9_1_png.rf.fdef17d83852b529072cdc54a0e0548c.jpg,test,0,1
cervical-spine_8_png.rf.fdb162693ac26c7cfb7fe9824007d690.jpg,test,1,0
bone-cancer_valid_2_376_png.rf.fec02aa07f3a4538ece7297e05b19cd8.jpg,test,1,0
bone-cancer_valid_374_png.rf.ffda72694ab01df23e47f4f4f4ee313b.jpg,test,1,0
IMG0000714_jpg.rf.fe54482f13d5c7a3d898177d5c0cd0b5.jpg,test,0,1
bone-cancer_train_2_1693_png.rf.ff617a967b3a1a6cefe7a1941725f8e6.jpg,test,1,0
tf_20_female_png.rf.ffacd010497330dd334675e765cd3992.jpg,test,0,1
